global_project_id,report_date,project_name_clean,project_status,sector_clean,agency_clean,annual_outlay,approval_gt_doc_orig,cost_anticipated,cost_escalation_rate_clean,cost_original,cost_overrun_amount_calc,cost_overrun_percent_clean,cost_revised,delay_reason_missing,elapsed_schedule_ratio_clean,expenditure_cumulative,expenditure_ratio,has_clearance_issue,has_land_acquisition_issue,is_ahead_of_schedule,is_revised,month_gap_prev,physical_progress_clean,prev_progress,progress_isna,progress_velocity_clean,project_age_months,project_size_ord,remaining_schedule_months,schedule_slippage_clean,state_clean,time_overrun_months_calc,total_planned_duration_months,time_overrun_prediction,time_overrun_probability,cost_overrun_prediction,cost_overrun_probability,risk_class_prediction,risk_class_probability,risk_class_0_probability,risk_class_1_probability,risk_class_2_probability
001d0df63f938fce,2024-04-30,STATE OF WEST BENGAL UNDER BHARA,Ongoing,General,Unknown Agency,,0,184.9,10.0,12.0,172.9,1000.0,,1,,,,False,False,0,0,,,,1,0.0,,2,5.0,0.0,Unknown State,33.0,,1,0.5100911304819566,1,0.6482775660780267,2,0.7225171217671215,0.2304232989232989,0.0470595793095793,0.7225171217671215
00216372cb5371c1,2024-04-30,ANTA SOLAR 90 MW,Ongoing,General,Unknown Agency,,0,1553.0,10.0,9.0,1544.0,1000.0,,1,,,,False,False,0,0,,,,1,0.0,,3,-1.0,0.0,Unknown State,102.0,,1,0.4679226485858768,0,0.2888882797996625,0,0.5888190992014521,0.5888190992014521,0.1188872695931519,0.2922936312053958
007033edb256507d,2024-04-30,HIGHWAYS AUTHORITY OF INDIA),Ongoing,General,Unknown Agency,,0,2024.0,10.0,150.0,1874.0,1000.0,,1,,,,False,False,0,0,,,,1,0.0,,3,-17.0,0.0,Unknown State,0.0,,1,0.5303599651995081,0,0.2820056468116033,0,0.5200560689310688,0.5200560689310688,0.2042355006105005,0.2757084304584304
00842b5e8c6de547,2024-04-30,CH.88.00KM (DESIGN CH.71.800,Ongoing,General,Unknown Agency,,0,102.0,10.0,7.0,95.0,1000.0,,1,,,,False,False,0,0,,,,1,0.0,,1,3.0,0.0,Unknown State,0.0,,1,0.5329352228690242,1,0.8135800550099173,2,0.8444481588672762,0.1200864731673555,0.0354653679653679,0.8444481588672762
0090306b67badfc9,2024-04-30,UTTAR PRADESH,Ongoing,General,Unknown Agency,,0,231.79,10.0,1.0,230.79,1000.0,,1,,,,False,False,0,0,,,,1,0.0,,2,-1.0,0.0,Unknown State,62.0,,1,0.4856841563980997,1,0.6290422272484616,2,0.6564258380508379,0.2839521034521035,0.0596220584970585,0.6564258380508379
009d7316b1cbce25,2024-04-30,BUDHAPANK - SALEGAON VIA RAJATGARH 3RD AND 4TH LINE.,Ongoing,General,Unknown Agency,,0,2499.71,10.0,4.0,2495.71,1000.0,,1,,,,False,False,0,0,,,,1,0.0,,3,10.0,0.0,Unknown State,118.0,,1,0.4700344287404074,0,0.2846108202398513,0,0.5369829074434337,0.5369829074434337,0.1857352508602508,0.2772818416963153
00a11c07366c9355,2024-04-30,.070(DESIGN CHANGES) ON HOSADURGA  HOL,Ongoing,General,DESIGN CHANGES,,0,224.44,10.0,11.0,213.44,1000.0,,1,,,,False,False,0,0,,,,1,0.0,,2,0.0,0.0,Unknown State,29.0,,1,0.5061210836368568,1,0.6564955261121339,2,0.729756008697185,0.235651884879826,0.0345921064229887,0.729756008697185
00ad998940c0954b,2024-04-30,IMPHAL – MOREH (PACKAGE 4),Ongoing,General,Unknown Agency,,0,2.0,-0.9090909090909092,22.0,-20.0,-90.9090909090909,,1,,,,False,False,0,0,,,,1,0.0,,1,1.0,0.0,Unknown State,3.0,,1,0.5352793882439928,1,0.903804002731562,2,0.9599357448107448,0.0105238095238095,0.0295404456654456,0.9599357448107448
014276508b4d40b3,2024-04-30,FARRUKHABAD I AND D AND STP WORKS  HAM,Ongoing,General,Unknown Agency,,0,967.23,10.0,3.0,964.23,1000.0,,1,,,,False,False,0,0,,,,1,0.0,,2,0.0,0.0,Unknown State,73.0,,1,0.4685237293013948,0,0.4295876934520494,2,0.4805459875092229,0.4155387708696533,0.1039152416211239,0.4805459875092229
014ba04b25402c75,2024-04-30,SECTION OF NH-102B (PKG- IB),Ongoing,General,PKG- IB,,0,295.97,0.0,295.97,0.0,0.0,,1,,,,False,False,0,0,,,,1,0.0,,2,2.0,0.0,Unknown State,14.0,,1,0.5143800168740991,1,0.5802877738446971,2,0.7150229296846944,0.2275824845089551,0.0573945858063505,0.7150229296846944
0159804364f5f8d6,2024-04-30,(WESTERN RAILWAY),Ongoing,General,WESTERN RAILWAY,,0,942.95,1.2887135922330095,412.0,530.95,128.87135922330097,,1,,,,False,False,0,0,,,,1,0.0,,2,-46.0,0.0,Unknown State,15.0,,1,0.5152782559515667,0,0.4325260462065353,2,0.545607453820689,0.342778632315397,0.1116139138639138,0.545607453820689
0160ab0a00572583,2024-04-30,(NORTH EASTERN RAILWAY),Ongoing,General,NORTH EASTERN RAILWAY,,0,250.93,10.0,19.0,231.93,1000.0,,1,,,,False,False,0,0,,,,1,0.0,,2,-25.0,0.0,Unknown State,0.0,,1,0.5155537700268378,1,0.6580572009970332,2,0.701120702010408,0.2666178511031452,0.0322614468864468,0.701120702010408
018798eaee7e6c2c,2024-04-30,JARAPADA - BUDHAPANK WITH FLY OVER AT TALCHER ROAD 3RD AND 4TH LINE,Ongoing,General,Unknown Agency,,0,1547.38,10.0,4.0,1543.38,1000.0,,1,,,,False,False,0,0,,,,1,0.0,,3,11.0,0.0,Unknown State,119.0,,1,0.4700344287404074,0,0.2966548745756031,2,0.5157014292896647,0.3533567723126548,0.1309417983976807,0.5157014292896647
018f3ca1c5c9d159,2024-04-30,SECTION FROM KM34/230 TO KM84/550 OF NH214(NH216,Ongoing,General,Unknown Agency,,0,289.67,10.0,3.0,286.67,1000.0,,1,,,,False,False,0,0,,,,1,0.0,,2,-18.0,0.0,Unknown State,55.0,,1,0.4988560105230926,1,0.6084479163097306,2,0.5918343323343325,0.3565852480852481,0.0515804195804196,0.5918343323343325
01c90abecf173f4b,2024-04-30,PROJECT,Ongoing,General,Unknown Agency,,0,1.0,-0.9782608695652172,46.0,-45.0,-97.82608695652172,,1,,,,False,False,0,0,,,,1,0.0,,1,11.0,0.0,Unknown State,96.0,,1,0.4702659443829085,1,0.9005782421768614,2,0.9463893883893888,0.0216753246753246,0.0319352869352869,0.9463893883893888
02018d11e37d7736,2024-04-30,DAUND - MANMAD (236 KM),Ongoing,General,Unknown Agency,,0,1294.34,10.0,3.0,1291.34,1000.0,,1,,,,False,False,0,0,,,,1,0.0,,3,8.0,0.0,Unknown State,69.0,,1,0.480323500830882,0,0.3026548745756032,2,0.5696740261372615,0.2940629411438235,0.136263032718915,0.5696740261372615
02313c20ff3c2cf1,2024-04-30,CORPORATION Ltd.),Ongoing,General,Unknown Agency,,0,11.0,-0.9439433318045152,196.23,-185.23,-94.39433318045153,,1,,,,False,False,1,0,,,,1,0.0,,1,-27.0,0.0,Unknown State,-10.0,,1,0.6105463806436894,1,0.8897644894093388,2,0.9452748085248084,0.0154526029526029,0.0392725885225885,0.9452748085248084
02416f945a5682be,2024-04-30,(GAS AUTHORITY OF INDIA LIMITED),Ongoing,General,GAS AUTHORITY OF INDIA LIMITED,,0,10.0,-0.9721642310368824,359.25,-349.25,-97.21642310368824,,1,,,,False,False,0,0,,,,1,0.0,,1,-18.0,0.0,Unknown State,0.0,,1,0.5254555842016017,1,0.8718156705974394,2,0.8998840236560823,0.0630814830594242,0.0370344932844932,0.8998840236560823
02580878d42c92ed,2024-04-30,HAJIPUR,Ongoing,General,Unknown Agency,,0,14.0,-0.4166666666666667,24.0,-10.0,-41.66666666666667,,1,,,,False,False,0,0,,,,1,0.0,,1,2.0,0.0,Unknown State,166.0,,1,0.4607463925861331,1,0.8857239039384375,2,0.909111000111,0.0358485958485958,0.055040404040404,0.909111000111
02afd569b30db289,2024-04-30,RAMANATTUKARA JN.) SECTION OF NH,Ongoing,General,Unknown Agency,,0,273.46,10.0,1.0,272.46,1000.0,,1,,,,False,False,0,0,,,,1,0.0,,2,8.0,0.0,Unknown State,83.0,,1,0.4704609766784846,1,0.6116239945917529,2,0.5877790999849825,0.3485479895921073,0.0636729104229104,0.5877790999849825
02cf43a59221823c,2024-04-30,CH. 331.030) [HARDEOGANJ VILL,Ongoing,General,Unknown Agency,,0,785.0,0.1103253182461103,707.0,78.0,11.032531824611032,,1,,,,False,False,0,0,,,,1,0.0,,2,-11.0,0.0,Unknown State,62.0,,1,0.4840017134800624,1,0.538294240010537,2,0.6789670264805713,0.2590257789596024,0.0620071945598261,0.6789670264805713
0318d8cc6ca60b8c,2024-04-30,SECTION FROM KM 38/900 TO  95/3,Ongoing,General,Unknown Agency,,0,386.49,10.0,3.0,383.49,1000.0,,1,,,,False,False,0,0,,,,1,0.0,,2,11.0,0.0,Unknown State,36.0,,1,0.5109625592578024,1,0.5168943201753783,2,0.6402922412554765,0.2998958900576547,0.0598118686868686,0.6402922412554765
031f84afd6d7ec65,2024-04-30,CGD PROJECTS AT THE NILGIRIS AND ERODE DISTRICTS,Ongoing,General,Unknown Agency,,0,2585.0,10.0,5.0,2580.0,1000.0,,1,,,,False,False,0,0,,,,1,0.0,,3,71.0,0.0,Unknown State,82.0,,0,0.4486747824284819,0,0.2846108202398513,0,0.5494141347128962,0.5494141347128962,0.1136455627705627,0.3369403025165409
03475db0f74e9c6b,2024-04-30,MODERNISATION PROJECT,Ongoing,General,Unknown Agency,,0,2.0,1.0,1.0,1.0,100.0,,1,,,,False,False,0,0,,,,1,0.0,,1,2.0,0.0,Unknown State,44.0,,1,0.5199304945478566,1,0.8695964893283363,2,0.8908769702519702,0.0871395132645132,0.0219835164835164,0.8908769702519702
036828e3ffa4ff34,2024-04-30,"MW SOLAR PV PROJECT IN GUJARAT (LIMBDI, MESANKA AND RADHANPUR)",Ongoing,General,"LIMBDI, MESANKA AND RADHANPUR",,0,2.0,1.0,1.0,1.0,100.0,,1,,,,False,False,0,0,,,,1,0.0,,1,-1.0,0.0,MESANKA AND RADHANPUR) -,37.0,,1,0.5113126178430072,1,0.908482815757816,2,0.9149195804195804,0.0499280719280719,0.0351523476523476,0.9149195804195804
037437a9bd042a37,2024-04-30,IMPROVEMENTS FRO,Ongoing,General,Unknown Agency,,0,2.0,-0.6,5.0,-3.0,-60.0,,1,,,,False,False,0,0,,,,1,0.0,,1,0.0,0.0,Unknown State,73.0,,1,0.4707589548524891,1,0.9033510288787336,2,0.9066039793539794,0.0698131868131868,0.0235828338328338,0.9066039793539794
037c0a7a087db5f7,2024-04-30,CAMPUS AT SOHRA,Ongoing,General,Unknown Agency,,0,348.24,10.0,10.0,338.24,1000.0,,1,,,,False,False,0,0,,,,1,0.0,,2,3.0,0.0,Unknown State,57.0,,1,0.498138180868214,1,0.5382056942011649,2,0.6561051921934274,0.2921005048872697,0.0517943029193029,0.6561051921934274
0388fe17e3d46939,2024-04-30,OF BATALA BYPASS TILL INTERSE,Ongoing,General,Unknown Agency,,0,1231.74,-0.3908308605341247,2022.0,-790.26,-39.08308605341247,,1,,,,False,False,0,0,,,,1,0.0,,3,14.0,0.0,Unknown State,0.0,,1,0.5432017902577241,0,0.4903004755737143,2,0.4657483243880304,0.1901583139083139,0.3440933617036558,0.4657483243880304
039f8209acf36fd1,2024-04-30,BIJALPURA-BARDIBAS(NEPAL) GC,Ongoing,General,NEPAL,,0,2436.21,10.0,8.0,2428.21,1000.0,,1,,,,False,False,0,0,,,,1,0.0,,3,23.0,0.0,Unknown State,127.0,,0,0.4458982140754242,0,0.3105056498753724,2,0.4360969847146318,0.4191490192813722,0.1447539960039959,0.4360969847146318
03ae6e14191954c5,2024-04-30,PHULERA - DIGANA DOUBLING,Ongoing,General,Unknown Agency,,0,21.15,6.05,3.0,18.15,605.0,,1,,,,False,False,0,0,,,,1,0.0,,1,0.0,0.0,Unknown State,89.0,,1,0.4688374854076382,1,0.8420140931964524,2,0.8519681439991037,0.0900802242992645,0.0579516317016317,0.8519681439991037
043cde0b3657ad9f,2024-04-30,RAMBAN SECTION OF NH-1A,Ongoing,General,Unknown Agency,,0,7.0,9.0,0.7,6.3,900.0,,1,,,,False,False,0,0,,,,1,0.0,,1,1.0,0.0,Unknown State,46.0,,1,0.5205262112264879,1,0.8284493794995155,2,0.8208653111594286,0.1203535533094356,0.0587811355311355,0.8208653111594286
043f4735c4fc3f2f,2024-04-30,(160 KM),Ongoing,General,Unknown Agency,,0,467.0,1.172093023255814,215.0,252.0,117.2093023255814,,1,,,,False,False,0,0,,,,1,0.0,,2,8.0,0.0,Unknown State,118.0,,1,0.464389127961288,0,0.4934772200370483,2,0.6564089252251015,0.2318154059992295,0.1117756687756687,0.6564089252251015
046aac4e5db69421,2024-04-30,N,Delayed,General,Unknown Agency,,0,83.0,-0.3475714723661146,127.217,-44.217,-34.75714723661146,,1,,,,False,False,0,0,,,,1,0.0,,1,8.0,0.0,Unknown State,134.0,,1,0.4637956826323133,1,0.8821010908586195,2,0.8331408819938231,0.0898872010342598,0.0769719169719169,0.8331408819938231
04a497f28d489a8d,2024-04-30,AMBIKAPUR TO PATHALGAON SECTION,Ongoing,General,Unknown Agency,,0,335.32,10.0,15.0,320.32,1000.0,,1,,,,False,False,0,0,,,,1,0.0,,2,1.0,0.0,Unknown State,83.0,,1,0.4671920895856735,1,0.5365720861363065,2,0.6726414712738241,0.2593682967359438,0.0679902319902319,0.6726414712738241
050960b3f212c6f2,2024-04-30,NEW LINE,Ongoing,General,Unknown Agency,,0,3677.76,10.0,6.0,3671.76,1000.0,,1,,,,False,False,0,0,,,,1,0.0,,3,11.0,0.0,Unknown State,105.0,,1,0.4716518326970614,0,0.286363223741071,0,0.4378138820244083,0.4378138820244083,0.2010048146298146,0.3611813033457771
052773b4e0322abb,2024-04-30,"CGD PROJECT AT BEED, JALGAON AND JALNA DISTRICTS",Ongoing,General,Unknown Agency,,0,3.0,-0.75,12.0,-9.0,-75.0,,1,,,,False,False,0,0,,,,1,0.0,,1,71.0,0.0,JALGAON AND JALNA DISTRICTS -,3.0,,1,0.4989098690811355,1,0.9290330041562568,2,0.8843479298479295,0.1004725829725829,0.0151794871794871,0.8843479298479295
055cc57d4fca17a5,2024-04-30,THE STATE OF RAJASTHAN ON EPC M,Ongoing,General,Unknown Agency,,0,2.0,1.0,1.0,1.0,100.0,,1,,,,False,False,0,0,,,,1,0.0,,1,4.0,0.0,Unknown State,32.0,,1,0.5232683541591773,1,0.8695964893283363,2,0.8358964507714508,0.141405747030747,0.0226978021978021,0.8358964507714508
05748607bb25dc1a,2024-04-30,REFINERY,Ongoing,General,Unknown Agency,,0,367.0,10.0,11.0,356.0,1000.0,,1,,,,False,False,0,0,,,,1,0.0,,2,14.0,0.0,Unknown State,43.0,,1,0.5084015238448572,1,0.5014735725544126,2,0.628969466807702,0.3013633531501178,0.06966718004218,0.628969466807702
05a3236fe23925f0,2024-04-30,FROM (DESIGN KM 45.760 TO KM 63.530) BETWEEN SHIL,Ongoing,General,Unknown Agency,,0,306.28,10.0,3.0,303.28,1000.0,,1,,,,False,False,0,0,,,,1,0.0,,2,-4.0,0.0,Unknown State,57.0,,1,0.4963097449789053,1,0.5727787198272185,2,0.6215059580941936,0.3374211980829628,0.0410728438228438,0.6215059580941936
061b9cb8ba76b987,2024-04-30,TO 99+500 UNDER RAIPUR VISAKHAPA,Ongoing,General,Unknown Agency,,0,2661.51,0.4212305359164407,1872.68,788.8300000000002,42.12305359164407,,1,,,,False,False,0,0,,,,1,0.0,,3,9.0,0.0,Unknown State,51.0,,1,0.5145882499373013,0,0.3782941405074169,2,0.4639285991785991,0.3244150571650572,0.2116563436563436,0.4639285991785991
0631ab6a120c611e,2024-04-30,ASOLA) KM 463/265 TO KM 481/180 (DES,Ongoing,General,Unknown Agency,,0,3.0,-0.9912280701754388,342.0,-339.0,-99.12280701754386,,1,,,,False,False,0,0,,,,1,0.0,,1,6.0,0.0,Unknown State,31.0,,1,0.5185914917896611,1,0.8982811715880207,2,0.9446460622710624,0.00825,0.0471039377289377,0.9446460622710624
063ac4ad9efef7b4,2024-04-30,SAHARSA AND MADHEPURA,Ongoing,General,Unknown Agency,,0,2880.0,10.0,6.0,2874.0,1000.0,,1,,,,False,False,0,0,,,,1,0.0,,3,71.0,0.0,Unknown State,129.0,,0,0.4450919930812746,0,0.286363223741071,0,0.5327716105703721,0.5327716105703721,0.1226548867798867,0.344573502649741
06415a60d4f30f67,2024-04-30,FEEDER ROUTE IN THE STATE,Ongoing,General,Unknown Agency,,0,11.0,-0.5416666666666665,24.0,-13.0,-54.16666666666666,,1,,,,False,False,0,0,,,,1,0.0,,1,8.0,0.0,Unknown State,34.0,,1,0.5222260782982246,1,0.8782923615123108,2,0.949946928071928,0.0133869047619047,0.0366661671661671,0.949946928071928
065e384aa9803661,2024-04-30,DISTRICTS,Ongoing,General,Unknown Agency,,0,2996.0,10.0,6.0,2990.0,1000.0,,1,,,,False,False,0,0,,,,1,0.0,,3,71.0,0.0,Unknown State,129.0,,0,0.4454426027177662,0,0.286363223741071,0,0.5327716105703721,0.5327716105703721,0.1226548867798867,0.344573502649741
0670abffb4109fba,2024-04-30,SAHJANWA - DOHRIGHAT,Ongoing,General,Unknown Agency,,0,4.0,-0.5,8.0,-4.0,-50.0,,1,,,,False,False,0,0,,,,1,0.0,,1,44.0,0.0,Unknown State,140.0,,0,0.4389633263951075,1,0.9043169602192898,2,0.95089498001998,0.0234785353535353,0.0256264846264846,0.95089498001998
071fbd4c5dac60de,2024-04-30,NIMACH-RATLAM (133 KM),Ongoing,General,Unknown Agency,,0,152.44,10.0,2.0,150.44,1000.0,,1,,,,False,False,0,0,,,,1,0.0,,2,11.0,0.0,Unknown State,25.0,,1,0.5179944529209173,1,0.6870515915974683,2,0.8211376915568089,0.1372897976206799,0.0415725108225108,0.8211376915568089
0745b45c59972037,2024-04-30,APPROACHES WITH INTERCHANGE IN THE ST,Ongoing,General,Unknown Agency,,0,738.9,10.0,2.0,736.9,1000.0,,1,,,,False,False,0,0,,,,1,0.0,,2,-5.0,0.0,Unknown State,57.0,,1,0.4965365462443913,0,0.476182158561103,2,0.4529854508236861,0.4403625165683988,0.1066520326079149,0.4529854508236861
07feebed810bcb54,2024-04-30,KM 163.59 TO KM 206.66 (PACKAGE,Ongoing,General,Unknown Agency,,0,543.05,10.0,19.0,524.05,1000.0,,1,,,,False,False,0,0,,,,1,0.0,,2,35.0,0.0,Unknown State,0.0,,1,0.48793047078122,0,0.4572650471766815,2,0.4934203130460871,0.4297234864378828,0.0768562005160302,0.4934203130460871
08199d109a8f8103,2024-04-30,TARANGA HILL ABU ROAD VIA AMBAJI NEW LINE,Ongoing,General,Unknown Agency,,0,12.0,-0.9802306425041186,607.0,-595.0,-98.02306425041186,,1,,,,False,False,0,0,,,,1,0.0,,1,32.0,0.0,Unknown State,48.0,,1,0.4826916272187863,1,0.8828708256412563,2,0.9032393162393162,0.0494047619047618,0.0473559218559218,0.9032393162393162
0824f427e79a7382,2024-04-30,FARDAPUR TO JALGAON,Ongoing,General,Unknown Agency,,0,203.0,7.458333333333332,24.0,179.0,745.8333333333333,,1,,,,False,False,0,0,,,,1,0.0,,2,-1.0,0.0,Unknown State,92.0,,1,0.4677251452471281,1,0.6448014381733219,2,0.6754952800467506,0.2293364535791006,0.0951682663741487,0.6754952800467506
084280e699bf358a,2024-04-30,BATURA WEST OC PROJECT (0.80 MTY),Ongoing,General,Unknown Agency,,0,27213.0,10.0,1.0,27212.0,1000.0,,1,,,,False,False,0,0,,,,1,0.0,,3,59.0,0.0,Unknown State,62.0,,1,0.4590169292526795,0,0.2884799959637856,0,0.4662247670630023,0.4662247670630023,0.1105037878787878,0.4232714450582098
084310052d0de864,2024-04-30,TREATMENT PLANT AT JAUNPUR  UTTAR PRADESH,Ongoing,General,Unknown Agency,,0,460.45,10.0,12.0,448.45,1000.0,,1,,,,False,False,0,0,,,,1,0.0,,2,-13.0,0.0,Unknown State,63.0,,1,0.4837071514201664,0,0.4475610519320183,2,0.4840562941530434,0.4402818260600767,0.0756618797868798,0.4840562941530434
08521094a8f14755,2024-04-30,BRUNDAMAL-JHARSUGUDA- FLYOVER CONNECTION FOR JOINING DN LINE,Ongoing,General,Unknown Agency,,0,2361.74,0.0,2361.74,0.0,0.0,,1,,,,False,False,0,0,,,,1,0.0,,3,32.0,0.0,Unknown State,57.0,,1,0.4774001153120265,0,0.4171259481200167,2,0.5412122448807231,0.3889427909047475,0.0698449642145294,0.5412122448807231
088b33a04a83e914,2024-04-30,JAMMU (PHASE 1),Ongoing,General,Unknown Agency,,0,2.0,1.0,1.0,1.0,100.0,,1,,,,False,False,0,0,,,,1,0.0,,1,1.0,0.0,Unknown State,62.0,,1,0.4897901176667797,1,0.8695964893283363,2,0.8854161859382446,0.0926002975782387,0.0219835164835164,0.8854161859382446
08a7fd2c97e4bdb7,2024-04-30,DSIGN KM32.0 TO KM43.454 [DES,Ongoing,General,Unknown Agency,,0,7.0,0.75,4.0,3.0,75.0,,0,,,,False,True,0,0,,,,1,0.0,,1,10.0,0.0,Unknown State,43.0,,1,0.524662921785603,1,0.821522229850029,2,0.8133755460226045,0.1500670530449942,0.0365574009324009,0.8133755460226045
08a9cb252b4e61a5,2024-04-30,SEWER NETWORKS   SPS AND STP  HAJIPUR,Ongoing,General,Unknown Agency,,0,356.37,10.0,5.0,351.37,1000.0,,1,,,,False,False,0,0,,,,1,0.0,,2,-8.0,0.0,Unknown State,75.0,,1,0.4680502819449881,1,0.5089479156023256,2,0.676238069120422,0.271314988932636,0.0524469419469419,0.676238069120422
08d1c27e8437461e,2024-04-30,EXISTING 2 LANE/INTERMEDIATE LANE TO 2LANE WITH PAVED S,Ongoing,General,Unknown Agency,,0,237.8,10.0,11.0,226.8,1000.0,,1,,,,False,False,0,0,,,,1,0.0,,2,-52.0,0.0,Unknown State,25.0,,1,0.514220906653527,1,0.6138789230406825,2,0.6107307553557554,0.3455297757797758,0.0437394688644688,0.6107307553557554
08f09f02f97ffa4b,2024-04-30,FEROZPUR - PATTI (25.72 KM),Ongoing,General,Unknown Agency,,0,404.0,10.0,6.0,398.0,1000.0,,1,,,,False,False,0,0,,,,1,0.0,,2,35.0,0.0,Unknown State,213.0,,0,0.4327063458285177,0,0.4950213212909316,2,0.6038649727895083,0.3451813101758922,0.0509537170345993,0.6038649727895083
09320bebf1c52bc2,2024-04-30,NOKH PLOT-3 SOLAR PV PROJECT 245MW,Ongoing,General,Unknown Agency,,0,1782.0,10.0,3.0,1779.0,1000.0,,1,,,,False,False,0,0,,,,1,0.0,,3,5.0,0.0,Unknown State,54.0,,1,0.5042610655512146,0,0.2936897924878795,2,0.5142622704093293,0.3396495946863594,0.1460881349043113,0.5142622704093293
09442d214facd7cb,2024-04-30,LANING OF KOHIMA - JESSAMI SECTION (PACKAGE I),Ongoing,General,PACKAGE I,,0,229.0,10.0,3.0,226.0,1000.0,,0,,,,False,True,0,0,,,,1,0.0,,2,-7.0,0.0,Unknown State,30.0,,1,0.5048233642596172,1,0.6189567211581146,2,0.603807841668136,0.3412275396172454,0.0549646187146187,0.603807841668136
09766bac6ed13703,2024-04-30,.900 TO 93.000 IN THE STATE OF J,Ongoing,General,Unknown Agency,,0,1843.59,10.0,4.0,1839.59,1000.0,,1,,,,False,False,0,0,,,,1,0.0,,3,13.0,0.0,Unknown State,37.0,,1,0.5127146796566903,0,0.2879577052604651,2,0.4989489676989679,0.341276196026196,0.1597748362748362,0.4989489676989679
098d14c3365fe154,2024-04-30,GUDHA THATHANA MITHRI TEST TRACK FOR RDSO,Ongoing,General,Unknown Agency,,0,410.08,10.0,2.0,408.08,1000.0,,1,,,,False,False,0,0,,,,1,0.0,,2,11.0,0.0,Unknown State,337.0,,1,0.4617350748333898,0,0.4727161375183192,2,0.5807416252048605,0.3465338076955724,0.0727245670995671,0.5807416252048605
099f6c6eaf866fc2,2024-04-30,TLABUNG - LUNGLEI PKG-A,Ongoing,General,Unknown Agency,,0,242.3,-0.8800495049504949,2020.0,-1777.7,-88.0049504950495,,1,,,,False,False,0,0,,,,1,0.0,,2,8.0,0.0,Unknown State,27.0,,1,0.5258160488479452,1,0.7736494761486928,2,0.6744011854158913,0.0827268662709839,0.2428719483131247,0.6744011854158913
09cb6b058344a45c,2024-04-30,LAKE,Ongoing,General,Unknown Agency,,0,2397.72,10.0,4.0,2393.72,1000.0,,1,,,,False,False,0,0,,,,1,0.0,,3,-4.0,0.0,Unknown State,164.0,,1,0.4651919139942974,0,0.2846108202398513,0,0.5637544955044954,0.5637544955044954,0.1825191752691752,0.2537263292263292
09d5079d5a9fa13b,2024-04-30,KHELLANI-KHANABAL PKG-2,Ongoing,General,Unknown Agency,,0,1383.78,10.0,3.0,1380.78,1000.0,,1,,,,False,False,0,0,,,,1,0.0,,3,16.0,0.0,Unknown State,89.0,,1,0.4648407581625979,0,0.3026548745756032,2,0.5810543623043624,0.3462393994893994,0.0727062382062382,0.5810543623043624
09dffd47c5b2a2e6,2024-04-30,PALPHATA TO PHULAMBARI,Ongoing,General,Unknown Agency,,0,169.0,-0.91646070192783,2023.0,-1854.0,-91.646070192783,,1,,,,False,False,0,0,,,,1,0.0,,2,-4.0,0.0,Unknown State,71.0,,1,0.4792446210585744,1,0.7795865902450606,2,0.7114985047632107,0.1377811355311355,0.1507203597056537,0.7114985047632107
09f3b729b819c33f,2024-04-30,SILCHAR VAIRENGTE SAIRANG ROAD PKG-1,Ongoing,General,Unknown Agency,,0,12.0,0.7142857142857143,7.0,5.0,71.42857142857143,,1,,,,False,False,0,0,,,,1,0.0,,1,27.0,0.0,Unknown State,31.0,,1,0.4907530841876608,1,0.858035534574006,2,0.950284951159951,0.0421402625152625,0.0075747863247863,0.950284951159951
0a709346bf6004ef,2024-04-30,INDORE METRO RAIL,Ongoing,General,Unknown Agency,,0,6.0,0.0,6.0,0.0,0.0,,1,,,,False,False,0,0,,,,1,0.0,,1,32.0,0.0,Unknown State,30.0,,1,0.491042938559234,1,0.8788207057005711,2,0.9227150488400488,0.0752016178266178,0.0020833333333333,0.9227150488400488
0a72e29bb80a602a,2024-04-30,KM 41+260 (EXISTING LENGTH: 8.130 KM); DESIGN,Ongoing,General,Unknown Agency,,0,819.95,10.0,12.0,807.95,1000.0,,1,,,,False,False,0,0,,,,1,0.0,,2,-4.0,0.0,Unknown State,96.0,,1,0.4658112376834664,0,0.4471221041925078,0,0.6217181812575034,0.6217181812575034,0.0778063277302407,0.3004754910122557
0aa90a97f93ef4ce,2024-04-30,PROTECTION SYSTEM 500 RKM,Ongoing,General,Unknown Agency,,0,119.73,10.0,4.0,115.73,1000.0,,1,,,,False,False,0,0,,,,1,0.0,,1,-1.0,0.0,Unknown State,83.0,,1,0.4697138904953593,1,0.8248860890824403,2,0.8647486320868673,0.1031788570906218,0.0320725108225108,0.8647486320868673
0aac9c719edc6474,2024-04-30,- 3RD RUNNING LINE (21.15 KM),Ongoing,General,Unknown Agency,,0,954.0,0.0,954.0,0.0,0.0,,1,,,,False,False,0,0,,,,1,0.0,,2,10.0,0.0,Unknown State,73.0,,1,0.4785341071814924,0,0.4905695591086986,2,0.7091281741134681,0.180121465136171,0.1107503607503607,0.7091281741134681
0ae86f0205f54f88,2024-04-30,TALCHER - ANGUL NEW LINE WITH Y CONNECTION AT TALCHER,Ongoing,General,Unknown Agency,,0,4.0,-0.9999601307710708,100328.0,-100324.0,-99.9960130771071,,1,,,,False,False,0,0,,,,1,0.0,,1,32.0,0.0,Unknown State,260.0,,0,0.428816567062778,1,0.7421928332531827,2,0.6504170274170274,0.2959163059163059,0.0536666666666666,0.6504170274170274
0b2f5c70d36438d2,2024-04-30,BHANDAI - FLYOVER FOR ETAWAH BOUND DOWN TRAINS,Ongoing,General,Unknown Agency,,0,12.0,-0.994074074074074,2025.0,-2013.0,-99.4074074074074,,1,,,,False,False,0,0,,,,1,0.0,,1,23.0,0.0,Unknown State,3.0,,1,0.5080411083339925,1,0.879465718236126,2,0.8998428826075885,0.0249610389610389,0.0751960784313725,0.8998428826075885
0b32d948d9e2bf0e,2024-04-30,KARMALICHAK,Ongoing,General,Unknown Agency,,0,191.62,10.0,7.0,184.62,1000.0,,1,,,,False,False,0,0,,,,1,0.0,,2,-35.0,0.0,Unknown State,6.0,,1,0.5235044632305023,1,0.6573199655827495,2,0.6184626598891305,0.3395124442550912,0.0420248958557782,0.6184626598891305
0b94a5a230e8a412,2024-04-30,L+PS FROM KM. 0+000 TO KM. 32+000 (MUDIGUBBA TO PUTTAPARTHI) OF NH-342,Ongoing,General,MUDIGUBBA TO PUTTAPARTHI,,0,55.0,0.4864864864864865,37.0,18.0,48.64864864864865,,1,,,,False,False,0,0,,,,1,0.0,,1,5.0,0.0,Unknown State,21.0,,1,0.5284414756305614,1,0.8540927680125531,2,0.8553809246309245,0.119056499056499,0.0255625763125763,0.8553809246309245
0baf94b441533931,2024-04-30,PART E2,Ongoing,General,Unknown Agency,,0,10.0,-0.9733333333333334,375.0,-365.0,-97.33333333333334,,1,,,,False,False,0,0,,,,1,0.0,,1,14.0,0.0,Unknown State,20.0,,1,0.5326959214447049,1,0.8905771459091508,2,0.9273394244644249,0.0144821428571428,0.0581784326784326,0.9273394244644249
0c196919ce60cca2,2024-04-30,MANDI DABW,Ongoing,General,Unknown Agency,,0,1306.95,10.0,1.0,1305.95,1000.0,,1,,,,False,False,0,0,,,,1,0.0,,3,0.0,0.0,Unknown State,39.0,,1,0.5076478062028483,0,0.3012526561217953,2,0.4450964313464313,0.4123998223998224,0.1425037462537462,0.4450964313464313
0c4afd17419d8488,2024-04-30,CH.427.300) [JUNCTION WITH NH,Ongoing,General,Unknown Agency,,0,757.0,10.0,3.0,754.0,1000.0,,1,,,,False,False,0,0,,,,1,0.0,,2,17.0,0.0,Unknown State,1.0,,1,0.510547331697415,0,0.4694254622862287,2,0.5803294344544345,0.3553576423576423,0.0643129231879231,0.5803294344544345
0c5bf6a9e584a060,2024-04-30,KM 0.000) TO KM 39.380 (DESIG,Ongoing,General,Unknown Agency,,0,2.0,1.0,1.0,1.0,100.0,,1,,,,False,False,0,0,,,,1,0.0,,1,15.0,0.0,Unknown State,38.0,,1,0.516695218922359,1,0.8695964893283363,2,0.9452445805828156,0.0470026721644368,0.0077527472527472,0.9452445805828156
0c93aa1f7162b1cb,2024-04-30,KASOMARIGAON,Ongoing,General,Unknown Agency,,0,34012.0,10.0,3.0,34009.0,1000.0,,1,,,,False,False,0,0,,,,1,0.0,,3,7.0,0.0,Unknown State,104.0,,1,0.4687224019826908,0,0.2929227925165373,0,0.3977342045209693,0.3977342045209693,0.2446377797039562,0.3576280157750747
0ca609ebb26437ca,2024-04-30,PANCHARAL TO MANDANGHAR,Ongoing,General,Unknown Agency,,0,12.0,-0.948936170212766,235.0,-223.0,-94.8936170212766,,1,,,,False,False,0,0,,,,1,0.0,,1,-47.0,0.0,Unknown State,29.0,,1,0.5223375671586277,1,0.8856110764360346,2,0.9007854922854924,0.0401046176046176,0.0591098901098901,0.9007854922854924
0cc8f3e184f3aeae,2024-04-30,ROAD FROM DESIGN KM. 0.750 TO DESI,Ongoing,General,Unknown Agency,,0,736.75,10.0,21.0,715.75,1000.0,,1,,,,False,False,0,0,,,,1,0.0,,2,4.0,0.0,Unknown State,0.0,,1,0.5266078135456075,0,0.4638968065078779,0,0.5053599643110512,0.5053599643110512,0.1270295350784481,0.3676105006105005
0d065cd59d30f4b7,2024-04-30,INDORE BUDNI (INDORE JABALPUR),Ongoing,General,INDORE JABALPUR,,0,2913.51,10.0,4.0,2909.51,1000.0,,1,,,,False,False,0,0,,,,1,0.0,,3,77.0,0.0,Unknown State,245.0,,0,0.4340352068138319,0,0.3070396268021191,0,0.4876267694723576,0.4876267694723576,0.1277411754911754,0.3846320550364668
0d3ba0711a47fe2d,2024-04-30,MAHARAJ PALKHI MARG SECTION OF NH965,Ongoing,General,Unknown Agency,,0,1640.1,10.0,11.0,1629.1,1000.0,,1,,,,False,False,0,0,,,,1,0.0,,3,-10.0,0.0,Unknown State,43.0,,1,0.5095543353209625,0,0.295204506931998,0,0.6782771412024508,0.6782771412024508,0.1218433217109687,0.1998795370865804
0d5c0a6bbf735117,2024-04-30,STRENGTHENING SCHEME-XII,Ongoing,General,Unknown Agency,,0,713.82,10.0,6.0,707.82,1000.0,,1,,,,False,False,0,0,,,,1,0.0,,2,2.0,0.0,Unknown State,36.0,,1,0.5087318371448878,0,0.4518189687797352,0,0.5239284188034188,0.5239284188034188,0.0980330641580641,0.3780385170385171
0d7aba888285ba52,2024-04-30,PART B,Ongoing,General,Unknown Agency,,0,1562.0,10.0,6.0,1556.0,1000.0,,1,,,,False,False,0,0,,,,1,0.0,,3,5.0,0.0,Unknown State,39.0,,1,0.5133093629896442,0,0.2899882079089365,0,0.4807206543456543,0.4807206543456543,0.1306655860479389,0.3886137596064066
0d947fe22b4cca75,2024-04-30,BAGHUAPAL FLY OVER (20 KM),Ongoing,General,Unknown Agency,,0,12.0,-0.9757575757575758,495.0,-483.0,-97.57575757575758,,1,,,,False,False,0,0,,,,1,0.0,,1,40.0,0.0,Unknown State,8.0,,1,0.4950207122455642,1,0.8864364938440212,2,0.9092393162393162,0.0434047619047619,0.0473559218559218,0.9092393162393162
0d94fc851d5e4881,2024-04-30,KARGIL-ZANSKR PACKAGE-8,Ongoing,General,Unknown Agency,,0,122.6,0.1692894611349547,104.85,17.75,16.92894611349547,,1,,,,False,False,0,0,,,,1,0.0,,1,-8.0,0.0,Unknown State,36.0,,1,0.5126314527750192,1,0.8401275781584924,2,0.7936209901209901,0.1597181152181152,0.0466608946608946,0.7936209901209901
0daa95fe76eee34e,2024-04-30,(PKG- 4B),Ongoing,General,Unknown Agency,,0,6.0,-0.995279307631786,1271.0,-1265.0,-99.5279307631786,,1,,,,False,False,0,0,,,,1,0.0,,1,2.0,0.0,Unknown State,48.0,,1,0.5183367435326767,1,0.8879770109675039,2,0.9197452686202686,0.0285238095238095,0.0517309218559218,0.9197452686202686
0db608faf28a0bfb,2024-04-30,TANTPUR AND TANPUR-BANSI PAHARPUR,Ongoing,General,Unknown Agency,,0,270.0,9.384615384615383,26.0,244.0,938.4615384615385,,1,,,,False,False,0,0,,,,1,0.0,,2,32.0,0.0,Unknown State,54.0,,1,0.4664195575279338,1,0.6077711274802519,2,0.6687199744699746,0.2577609335109335,0.073519092019092,0.6687199744699746
0dc130fc843e5aac,2024-04-30,PACKAGE-1),Ongoing,General,Unknown Agency,,0,12.0,-0.9927007299270072,1644.0,-1632.0,-99.27007299270072,,1,,,,False,False,0,0,,,,1,0.0,,1,-6.0,0.0,Unknown State,34.0,,1,0.5212639028228285,1,0.8877896472906133,2,0.921358904983905,0.0231601731601731,0.0554809218559218,0.921358904983905
0dcccb4cd8193fa3,2024-04-30,SITAMARHI AND SHEOHAR DISTRICTS,Ongoing,General,Unknown Agency,,0,3685.0,10.0,12.0,3673.0,1000.0,,1,,,,False,False,0,0,,,,1,0.0,,3,71.0,0.0,Unknown State,87.0,,0,0.4478727700734809,0,0.2836534292498038,0,0.4817001527883879,0.4817001527883879,0.1201349067599067,0.3981649404517053
0df09372716aa7bd,2024-04-30,FROM KHARIA VILLAGE JUNCTION TO START OF EXISTI,Ongoing,General,Unknown Agency,,0,1549.02,10.0,3.0,1546.02,1000.0,,1,,,,False,False,0,0,,,,1,0.0,,3,-1.0,0.0,Unknown State,24.0,,1,0.5236349737725446,0,0.2966548745756031,2,0.4442117939250293,0.4273046438855263,0.1284835621894445,0.4442117939250293
0df50166fac59ac0,2024-04-30,CROSS ROAD TO TURPUKANUPUR KM 0+000,Ongoing,General,Unknown Agency,,0,6.0,-0.9876543209876544,486.0,-480.0,-98.76543209876544,,1,,,,False,False,0,0,,,,1,0.0,,1,20.0,0.0,Unknown State,54.0,,1,0.4827105565606041,1,0.8927920996831636,2,0.9403821733821732,0.0264285714285714,0.0331892551892551,0.9403821733821732
0e088831326543a4,2024-04-30,AND CH. KM 0.000 TO KM 6,Ongoing,General,Unknown Agency,,0,442.14,10.0,9.0,433.14,1000.0,,1,,,,False,False,0,0,,,,1,0.0,,2,3.0,0.0,Unknown State,34.0,,1,0.510463801696951,0,0.4539266777923129,2,0.5648524253524253,0.3534639110889111,0.0816836635586635,0.5648524253524253
0e64e481c63d148e,2024-04-30,TRAIN COLLISION AVOIDANCE SYSTEM (958 K,Ongoing,General,Unknown Agency,,0,6.0,-0.8580889309366131,42.28,-36.28,-85.80889309366131,,1,,,,False,False,1,0,,,,1,0.0,,1,-25.0,0.0,Unknown State,-3.0,,1,0.6110489506729123,1,0.9007024608985624,2,0.9634462065712068,0.0136363636363636,0.0229174297924297,0.9634462065712068
0ebbd7109e7bbd61,2024-04-30,SHOULDERS FROM KM 491/000 TO KM 525/200 OF RAIPUR,Ongoing,General,Unknown Agency,,0,2.0,-0.9978563772775992,933.0,-931.0,-99.78563772775992,,0,,,,False,False,0,0,,,,1,0.0,,1,-16.0,0.0,Unknown State,70.0,,1,0.4729918932387816,1,0.8625157015786304,2,0.7612588334867746,0.2106491335461923,0.0280920329670329,0.7612588334867746
0ef30c845164dc9b,2024-04-30,CORPORATION Ltd.),Ongoing,General,Unknown Agency,,0,284.92,0.1532888079336166,247.05,37.870000000000005,15.328880793361668,,1,,,,False,False,1,0,,,,1,0.0,,2,1.0,0.0,Unknown State,-34.0,,1,0.5985392720844122,1,0.6240806511445577,2,0.7747741180388239,0.1456290898643839,0.0795967920967921,0.7747741180388239
0f3561e3d004523c,2024-04-30,FACILITY,Ongoing,General,Unknown Agency,,0,282.44,10.0,7.0,275.44,1000.0,,1,,,,False,False,0,0,,,,1,0.0,,2,4.0,0.0,Unknown State,37.0,,1,0.5097866294732496,1,0.5972894919349029,2,0.5857212750699594,0.3669609505991085,0.0473177743309322,0.5857212750699594
0f40062b8ad40019,2024-04-30,KM.121.600 TO KM. 144.020 OF NH 28 (,Ongoing,General,Unknown Agency,,0,1232.0,10.0,22.0,1210.0,1000.0,,1,,,,False,False,0,0,,,,1,0.0,,3,17.0,0.0,Unknown State,0.0,,1,0.5172576007510482,0,0.2955124559708607,0,0.5727982343743211,0.5727982343743211,0.0934586198825329,0.3337431457431457
0f4d7df38ce54fd3,2024-04-30,KARWANDI TO RAJURI,Ongoing,General,Unknown Agency,,0,2024.0,10.0,150.0,1874.0,1000.0,,1,,,,False,False,0,0,,,,1,0.0,,3,-1.0,0.0,Unknown State,72.0,,1,0.4701837103461152,0,0.2820056468116033,0,0.5008226079476079,0.5008226079476079,0.2317152014652014,0.2674621905871905
0f56d863fa1d1876,2024-04-30,PETROLEUM CORPORATION LIMITED),Ongoing,General,Unknown Agency,,0,10.0,-0.9548430797019644,221.45,-211.45,-95.48430797019644,,1,,,,False,False,0,0,,,,1,0.0,,1,53.0,0.0,Unknown State,71.0,,0,0.4391313599351187,1,0.8838963320385941,2,0.8700381562881563,0.0702428266178266,0.059719017094017,0.8700381562881563
0f8720366deda7fc,2024-04-30,RANGIT IV HE PROJECT,Ongoing,General,Unknown Agency,,0,114.0,8.5,12.0,102.0,850.0,,1,,,,False,False,1,0,,,,1,0.0,,1,13.0,0.0,Unknown State,-31.0,,1,0.6073375227868322,1,0.8283232080405987,2,0.8248257575757572,0.1053398268398268,0.0698344155844155,0.8248257575757572
0fb653d11bf4e016,2024-04-30,VIJAPUR-AMBLIYASAN (41.53 KM),Ongoing,General,Unknown Agency,,0,2024.0,10.0,150.0,1874.0,1000.0,,1,,,,False,False,0,0,,,,1,0.0,,3,11.0,0.0,Unknown State,34.0,,1,0.5126346452533204,0,0.2820056468116033,2,0.3571338383838384,0.3504012515262517,0.29246491008991,0.3571338383838384
0fcf03a32432b188,2024-04-30,PKG-IV,Ongoing,General,Unknown Agency,,0,1326.33,3.845749150560813,273.71,1052.62,384.5749150560813,,1,,,,False,False,0,0,,,,1,0.0,,3,2.0,0.0,Unknown State,47.0,,1,0.5068090804955011,0,0.336003245286193,0,0.3853653707403707,0.3853653707403707,0.2358562271062271,0.3787784021534022
10092ebd09003247,2024-04-30,"CGD PROJECT AT KURNOOL, GUNTUR AND PRAKASAM DISTRICTS",Ongoing,General,Unknown Agency,,0,988.0,10.0,19.0,969.0,1000.0,,1,,,,False,False,0,0,,,,1,0.0,,2,71.0,0.0,Unknown State,3.0,,1,0.489877465127962,0,0.4328162585948539,0,0.5393069952213172,0.5393069952213172,0.0667483024222154,0.393944702356467
103e70f0759a7cdb,2024-04-30,SOMAVARAM VILLAGE TO CHINTAGUDEM V,Ongoing,General,Unknown Agency,,0,1.0,-0.9583333333333336,24.0,-23.0,-95.83333333333334,,1,,,,False,False,0,0,,,,1,0.0,,1,5.0,0.0,Unknown State,31.0,,1,0.5225140658683968,1,0.9016420719640956,2,0.9335282772782776,0.029133658008658,0.0373380647130647,0.9335282772782776
104190d1b3bf8956,2024-04-30,RANIGANJ MASTER PLAN,Ongoing,General,Unknown Agency,,0,6.0,-0.5714285714285714,14.0,-8.0,-57.14285714285714,,1,,,,False,False,0,0,,,,1,0.0,,1,4.0,0.0,Unknown State,2.0,,1,0.5390218798733414,1,0.887414718069406,2,0.9241016899766896,0.0349821428571428,0.0409161671661671,0.9241016899766896
10573e61bd8bc635,2024-04-30,(EXISTING KM.73.000/DESIGN KM 6,Ongoing,General,Unknown Agency,,0,1398.84,-0.3081899109792285,2022.0,-623.1600000000001,-30.81899109792285,,1,,,,False,False,0,0,,,,1,0.0,,3,18.0,0.0,Unknown State,0.0,,1,0.5257625315427066,0,0.4787320484413284,2,0.5525290159187219,0.3329620657120657,0.1145089183692124,0.5525290159187219
105a8013c9e12fe3,2024-04-30,FROM DS. CH. 442+180 (EX. KM 448.00) TO DS. CH.485+2,Ongoing,General,Unknown Agency,,0,418.88,10.0,2.0,416.88,1000.0,,1,,,,False,False,0,0,,,,1,0.0,,2,-13.0,0.0,Unknown State,61.0,,1,0.4872580960473295,0,0.4561393491232446,2,0.4768150770368263,0.4678125175907683,0.0553724053724053,0.4768150770368263
105c489133a003e4,2024-04-30,KM 130.550 TO KM.130.750; KM.,Ongoing,General,Unknown Agency,,0,12.0,-0.9922879177377892,1556.0,-1544.0,-99.22879177377892,,1,,,,False,False,0,0,,,,1,0.0,,1,3.0,0.0,Unknown State,31.0,,1,0.5252726338449443,1,0.8877896472906133,2,0.912233363858364,0.0246190476190476,0.0631475885225885,0.912233363858364
105ca5ec4fa38ea5,2024-04-30,NH548 D (FROM KM 195.375 TO KM 208.7,Ongoing,General,Unknown Agency,,0,560.0,10.0,7.0,553.0,1000.0,,1,,,,False,False,0,0,,,,1,0.0,,2,3.0,0.0,Unknown State,0.0,,1,0.5264392939905517,0,0.4386786343738289,2,0.4674113722534776,0.4279192218600113,0.1046694058865111,0.4674113722534776
10654572cd164cc1,2024-04-30,FROM KM.60+100 TO KM.94+460,Ongoing,General,Unknown Agency,,0,6.0,-0.995890410958904,1460.0,-1454.0,-99.5890410958904,,1,,,,False,False,0,0,,,,1,0.0,,1,8.0,0.0,Unknown State,6.0,,1,0.539595766642866,1,0.88413085712135,2,0.92883238983239,0.0172510822510822,0.0539165279165279,0.92883238983239
106c20b0a15b8b32,2024-04-30,"AIRPORT, HYDRABAD",Ongoing,General,Unknown Agency,,0,389.71,10.0,1.0,388.71,1000.0,,1,,,,False,False,0,0,,,,1,0.0,,2,-10.0,0.0,HYDRABAD -,53.0,,1,0.4956047114847989,1,0.5413039938091003,2,0.6539120103752457,0.2267210648828295,0.1193669247419246,0.6539120103752457
10a04223ec62512c,2024-04-30,CHIKALI TO DHAD,Ongoing,General,Unknown Agency,,0,1.0,-0.9995059288537548,2024.0,-2023.0,-99.95059288537549,,1,,,,False,False,0,0,,,,1,0.0,,1,-1.0,0.0,Unknown State,72.0,,1,0.473910999152929,1,0.8428268894617174,2,0.7794963263860324,0.1427381507381507,0.0777655228758169,0.7794963263860324
10acd74a07681ebb,2024-04-30,KERANDARI COAL MINING PROJECT,Ongoing,General,Unknown Agency,,0,12.0,1.0,6.0,6.0,100.0,,1,,,,False,False,1,0,,,,1,0.0,,1,-12.0,0.0,Unknown State,-44.0,,1,0.611645050899455,1,0.8625911710149335,2,0.9002916299386888,0.0594385287914699,0.0402698412698412,0.9002916299386888
10af846dfef003a9,2024-04-30,OF HEWNA-ASHYARI SECTION (KM 25.000 TO KM 50.,Ongoing,General,Unknown Agency,,0,333.21,10.0,10.0,323.21,1000.0,,1,,,,False,False,0,0,,,,1,0.0,,2,-37.0,0.0,Unknown State,65.0,,1,0.4823477231691886,1,0.5383441226104706,2,0.5885322879305077,0.342386570988351,0.069081141081141,0.5885322879305077
10bd8700c71cbc3a,2024-04-30,KODINGAMALI BAUXITE MINES TO SINGARAM RAILWAY STATION,Ongoing,General,Unknown Agency,,0,12.0,-0.9940268790443008,2009.0,-1997.0,-99.40268790443008,,1,,,,False,False,0,0,,,,1,0.0,,1,40.0,0.0,Unknown State,8.0,,1,0.4966866149203238,1,0.8826233485937565,2,0.9241424408924408,0.036012321012321,0.0398452380952381,0.9241424408924408
10ca43e14f975d0c,2024-04-30,AND ROB AT JAGIROAD ON STRETCHE,Ongoing,General,Unknown Agency,,0,1198.55,-0.4066584158415842,2020.0,-821.45,-40.66584158415842,,1,,,,False,False,0,0,,,,1,0.0,,3,2.0,0.0,Unknown State,7.0,,1,0.5393155286951505,0,0.4986345894727499,2,0.4199952996350056,0.235667957042957,0.3443367433220375,0.4199952996350056
111b1d69dd4bf345,2024-04-30,KM. 204.895 AND ALLIED WOR,Ongoing,General,Unknown Agency,,0,428.04,10.0,1.0,427.04,1000.0,,1,,,,False,False,0,0,,,,1,0.0,,2,1.0,0.0,Unknown State,40.0,,1,0.5067464423284417,0,0.4561393491232446,2,0.4951712870462871,0.4273307942057942,0.0774979187479187,0.4951712870462871
1120c2e95eec377c,2024-04-30,.20 TO 88.90 (KARAVALI JU,Ongoing,General,Unknown Agency,,0,388.71,-0.807664522513607,2021.0,-1632.29,-80.7664522513607,,1,,,,False,False,0,0,,,,1,0.0,,2,6.0,0.0,Unknown State,1.0,,1,0.5357825930984551,1,0.7191878158042718,2,0.6205290803967277,0.1603917936638524,0.2190791259394201,0.6205290803967277
115306bde5665de4,2024-04-30,SECTION  FROM KM 69/978 TO KM 133/6,Ongoing,General,Unknown Agency,,0,423.48,10.0,1.0,422.48,1000.0,,1,,,,False,False,0,0,,,,1,0.0,,2,8.0,0.0,Unknown State,35.0,,1,0.5105822876513182,0,0.4561393491232446,2,0.5168827422577422,0.3879208291708291,0.0951964285714285,0.5168827422577422
116ac74afa7b72a3,2024-04-30,PUNE TO MALE VILLAGE,Ongoing,General,Unknown Agency,,0,172.0,10.0,3.0,169.0,1000.0,,1,,,,False,False,0,0,,,,1,0.0,,2,-4.0,0.0,Unknown State,69.0,,1,0.4760621813247859,1,0.6642965991669046,2,0.7002665920680624,0.2704668509594979,0.0292665569724393,0.7002665920680624
118153317ba2af13,2024-04-30,STATE OF UTTAR PRADESH,Ongoing,General,Unknown Agency,,0,1.0,-0.75,4.0,-3.0,-75.0,,1,,,,False,False,0,0,,,,1,0.0,,1,13.0,0.0,Unknown State,31.0,,1,0.5236759285420121,1,0.9008879083113576,2,0.9596180624930626,0.0102916666666666,0.0300902708402708,0.9596180624930626
11a992d18b3244d4,2024-04-30,NEW BG LINE FROM BYRNIHAT TO SHILLONG,Ongoing,General,Unknown Agency,,0,12.0,3.0,3.0,9.0,300.0,,1,,,,False,False,0,0,,,,1,0.0,,1,-37.0,0.0,Unknown State,120.0,,1,0.4668064339117444,1,0.8572673408907177,2,0.9232286375904796,0.0509070322951902,0.0258643301143301,0.9232286375904796
11ae81c0b86d5674,2024-04-30,AUTHORITY OF INDIA),Ongoing,General,Unknown Agency,,0,114.6,-0.6825484764542936,361.0,-246.4,-68.25484764542936,,1,,,,False,False,1,0,,,,1,0.0,,1,-30.0,0.0,Unknown State,-17.0,,1,0.6026559317934245,1,0.8673397999053877,2,0.9100121822621824,0.0202786102786102,0.0697092074592074,0.9100121822621824
11aff9f6fbd6e277,2024-04-30,NAGPUR- NAGBHIR RAILWAY LINE GAUGE CONVERSION PROJECT,Ongoing,General,Unknown Agency,,0,5300.0,10.0,4.0,5296.0,1000.0,,1,,,,False,False,0,0,,,,1,0.0,,3,2.0,0.0,Unknown State,194.0,,1,0.4664602458280073,0,0.2994230846866684,0,0.5093215534465534,0.5093215534465534,0.1690505605505604,0.321627886002886
11bcf204910d8731,2024-04-30,STATE BORDER (GREENFIELD) SECTION OF,Ongoing,General,GREENFIELD,,0,1691.45,10.0,22.0,1669.45,1000.0,,1,,,,False,False,0,0,,,,1,0.0,,3,16.0,0.0,Unknown State,0.0,,1,0.5124696911610097,0,0.3096600616528167,2,0.4654433483183482,0.4084422383172385,0.1261144133644133,0.4654433483183482
11c192186caff08c,2024-04-30,"ART, DG, GSI AT SECTOR-V, SA",Ongoing,General,Unknown Agency,,0,11.0,-0.2666666666666666,15.0,-4.0,-26.666666666666668,,1,,,,False,False,0,0,,,,1,0.0,,1,28.0,0.0,SA -,141.0,,0,0.4378436637399316,1,0.9265863941424898,2,0.9413743478743476,0.0394938672438672,0.0191317848817848,0.9413743478743476
11f5edae2c6a4f68,2024-04-30,FACILITIES AT BARAUNI,Ongoing,General,Unknown Agency,,0,355.0,10.0,4.0,351.0,1000.0,,1,,,,False,False,0,0,,,,1,0.0,,2,12.0,0.0,Unknown State,84.0,,1,0.4712951975923665,1,0.5089479156023256,2,0.6638936398568751,0.2772004743622391,0.0589058857808857,0.6638936398568751
1201147f8c98745b,2024-04-30,OF NH-353J,Ongoing,General,Unknown Agency,,0,463.44,6.305170239596469,63.44,400.0,630.517023959647,,1,,,,False,False,0,0,,,,1,0.0,,2,0.0,0.0,Unknown State,14.0,,1,0.5225950384969131,0,0.4676427897911128,2,0.6393914296487825,0.2269423338099808,0.1336662365412365,0.6393914296487825
122f3ad8eb80c5e1,2024-04-30,DOUBLING OF BORIDAND - AMBIKAPUR ( SURAJPUR),Ongoing,General,SURAJPUR,,0,2.0,1.0,1.0,1.0,100.0,,1,,,,False,False,0,0,,,,1,0.0,,1,74.0,0.0,Unknown State,90.0,,0,0.4339458932839852,1,0.8714549997304454,2,0.9120866910866908,0.0719536019536019,0.0159597069597069,0.9120866910866908
125383b2706aebb9,2024-04-30,PAVED SHOULDER FROM KM 0+150 TO KM,Ongoing,General,Unknown Agency,,0,10.0,-0.8875140607424072,88.9,-78.9,-88.75140607424072,,1,,,,False,False,0,0,,,,1,0.0,,1,6.0,0.0,Unknown State,24.0,,1,0.5304326816280042,1,0.8833849148598031,2,0.9324667277167276,0.0198539377289377,0.0476793345543345,0.9324667277167276
128eefc7b420523e,2024-04-30,ESTABLISHMENT OF KHAVDA POOLING STATION 3 (KPS3) IN KHAVDA RE PARK,Ongoing,General,Unknown Agency,,0,12.0,1.0,6.0,6.0,100.0,,1,,,,False,False,0,0,,,,1,0.0,,1,8.0,0.0,Unknown State,120.0,,1,0.4697604737839128,1,0.8625911710149335,2,0.9317920967920968,0.034767316017316,0.0334405871905871,0.9317920967920968
129c110df5206cf9,2024-04-30,(CH. 388.420 TO CH. 419.000) [JUNCTION WITH N,Ongoing,General,Unknown Agency,,0,1658.06,10.0,11.0,1647.06,1000.0,,1,,,,False,False,0,0,,,,1,0.0,,3,-9.0,0.0,Unknown State,44.0,,1,0.5095543353209625,0,0.295204506931998,0,0.663983802961744,0.663983802961744,0.1218433217109687,0.214172875327287
12b6768584d02e63,2024-04-30,LIGHTING AND CONSTRUCTION OF OTHE,Ongoing,General,Unknown Agency,,0,12.0,-0.9728795172554072,442.47,-430.47,-97.28795172554072,,1,,,,False,False,0,0,,,,1,0.0,,1,8.0,0.0,Unknown State,0.0,,1,0.5336260006180709,1,0.8864364938440212,2,0.928242202242202,0.0180238095238095,0.0537339882339882,0.928242202242202
12b9c73dce3d0c8a,2024-04-30,MARAM - PEREN PKG-3,Ongoing,General,Unknown Agency,,0,111.87,10.0,9.0,102.87,1000.0,,1,,,,False,False,0,0,,,,1,0.0,,1,3.0,0.0,Unknown State,17.0,,1,0.5329352228690242,1,0.8290914408959279,2,0.8456492078183253,0.1188854242163065,0.0354653679653679,0.8456492078183253
12bc190ddad2f552,2024-04-30,FARAKKA BARRAGE INCLUDING APPROA,Ongoing,General,Unknown Agency,,0,707.9,10.0,18.0,689.9,1000.0,,1,,,,False,False,0,0,,,,1,0.0,,2,8.0,0.0,Unknown State,46.0,,1,0.5099551490283054,0,0.4638968065078779,2,0.4739387834387834,0.3879198488709358,0.1381413676902807,0.4739387834387834
12c40d9fff9f2140,2024-04-30,STATE OF HP,Ongoing,General,Unknown Agency,,0,540.21,10.0,2.0,538.21,1000.0,,1,,,,False,False,0,0,,,,1,0.0,,2,2.0,0.0,Unknown State,40.0,,1,0.5075031671289145,0,0.4368458719263226,2,0.5089777918160272,0.3938356961665785,0.0971865120173943,0.5089777918160272
12dbcc25a72ddb1d,2024-04-30,C,Ongoing,General,Unknown Agency,,0,267.33,10.0,1.0,266.33,1000.0,,1,,,,False,False,0,0,,,,1,0.0,,2,-4.0,0.0,Unknown State,59.0,,1,0.4925152875501212,1,0.6289922816749971,2,0.5604226867903339,0.3759821306144836,0.0635951825951826,0.5604226867903339
12e12ae1cd2d691d,2024-04-30,EXISTING 2 LANE/INTERMEDIATE LANE TO 2LANE WITH PAVED S,Ongoing,General,Unknown Agency,,0,294.13,10.0,2.0,292.13,1000.0,,1,,,,False,False,0,0,,,,1,0.0,,2,-13.0,0.0,Unknown State,61.0,,1,0.4872580960473295,1,0.5883400659928489,2,0.5793534521034522,0.3677605727605728,0.0528859751359751,0.5793534521034522
12e5b5859d750d82,2024-04-30,TERMINATING AT CH 41+505 UNDER RA,Ongoing,General,Unknown Agency,,0,178.63,10.0,3.0,175.63,1000.0,,1,,,,False,False,0,0,,,,1,0.0,,2,12.0,0.0,Unknown State,49.0,,1,0.5090244725201568,1,0.6664975561047037,2,0.7401392080142081,0.2183211094461094,0.0415396825396825,0.7401392080142081
12e9c46eca0e57b4,2024-04-30,CONFIGURATION (KM.53.540 TO KM.59.200),Ongoing,General,Unknown Agency,,0,724.17,10.0,3.0,721.17,1000.0,,1,,,,False,False,0,0,,,,1,0.0,,2,16.0,0.0,Unknown State,41.0,,1,0.4997373621626024,0,0.4727587956195621,2,0.5759822122322124,0.3626512931512931,0.0613664946164946,0.5759822122322124
12f84356f995e3c9,2024-04-30,(GANJAD - TALSARI),Ongoing,General,GANJAD - TALSARI,,0,2.0,1.0,1.0,1.0,100.0,,1,,,,False,False,0,0,,,,1,0.0,,1,1.0,0.0,Unknown State,24.0,,1,0.5235833036794274,1,0.8714549997304454,2,0.9421399899120488,0.053107262835204,0.0047527472527472,0.9421399899120488
132b2c773d442c30,2024-04-30,BANARI VILLAGE TO MASANIA KALA V,Ongoing,General,Unknown Agency,,0,213.97,10.0,0.27,213.7,1000.0,,1,,,,False,False,0,0,,,,1,0.0,,2,1.0,0.0,Unknown State,8.0,,1,0.5239321625071984,1,0.6321670396784547,2,0.6395938203952908,0.2998712104888575,0.0605349691158514,0.6395938203952908
136d41c095429450,2024-04-30,/803 TO KM 99/179 OF MADAKASIRA TO SIRA SECTION,Ongoing,General,Unknown Agency,,0,2.0,1.0,1.0,1.0,100.0,,1,,,,False,False,0,0,,,,1,0.0,,1,-17.0,0.0,Unknown State,56.0,,1,0.5063135706008213,1,0.8695964893283363,2,0.9083726134976134,0.06964387001887,0.0219835164835164,0.9083726134976134
136e83198da086a3,2024-04-30,71 74 75 77 81 AND 82 ALON,Ongoing,General,Unknown Agency,,0,265.88,10.0,3.0,262.88,1000.0,,1,,,,False,False,0,0,,,,1,0.0,,2,-1.0,0.0,Unknown State,168.0,,1,0.4608701339764071,1,0.6236104182486588,2,0.6085503785430258,0.349787491919845,0.0416621295371295,0.6085503785430258
1376fcbd42687243,2024-04-30,HYDERABAD,Ongoing,General,Unknown Agency,,0,9.0,-0.9569377990430624,209.0,-200.0,-95.69377990430624,,1,,,,False,False,0,0,,,,1,0.0,,1,3.0,0.0,Unknown State,82.0,,1,0.4708460782564683,1,0.8808981658133328,2,0.8893337912087912,0.0517150488400488,0.0589511599511599,0.8893337912087912
13815ac42194301f,2024-04-30,.370) OF NH21A,Ongoing,General,Unknown Agency,,0,2314.0,10.0,93.23,2220.77,1000.0,,1,,,,False,False,0,0,,,,1,0.0,,3,5.0,0.0,Unknown State,0.0,,1,0.5333701120415902,0,0.2847259694130752,0,0.4666781968031969,0.4666781968031969,0.2654151281724811,0.2679066750243221
13815f04e4d2ee19,2024-04-30,/000) SECTION OF NH-45A ON,Ongoing,General,Unknown Agency,,0,7.0,-0.9969053934571176,2262.0,-2255.0,-99.69053934571176,,1,,,,False,False,0,0,,,,1,0.0,,1,8.0,0.0,Unknown State,41.0,,1,0.5219155172940194,1,0.8488699806553146,2,0.8945957686104745,0.0103578643578643,0.0950463670316611,0.8945957686104745
138cb5c9b690a0ee,2024-04-30,DHANBAD,Ongoing,General,Unknown Agency,,0,3.0,0.0,3.0,0.0,0.0,,1,,,,False,False,1,0,,,,1,0.0,,1,-97.0,0.0,Unknown State,-96.0,,1,0.6093543403242593,1,0.8801422091447161,2,0.9399383116883118,0.0394029581529581,0.0206587301587301,0.9399383116883118
13ead8be2f576d2a,2024-04-30,LODHI ROAD NEW DELHI,Ongoing,General,Unknown Agency,,0,151.33,10.0,4.0,147.33,1000.0,,1,,,,False,False,0,0,,,,1,0.0,,2,-24.0,0.0,Unknown State,96.0,,1,0.4680353957828425,1,0.6806151161165179,2,0.815503614849203,0.1490975437960732,0.0353988413547237,0.815503614849203
13fb0dd8908856fd,2024-04-30,INTERCEPTION AND DIVERSION WITH STP AT MAHESHTALA,Ongoing,General,Unknown Agency,,0,329.0,10.0,3.0,326.0,1000.0,,1,,,,False,False,0,0,,,,1,0.0,,2,-1.0,0.0,Unknown State,12.0,,1,0.5241558316462167,1,0.552655033989247,2,0.6818400406782763,0.2587180678798327,0.0594418914418914,0.6818400406782763
141a228bd9aa3cf6,2024-04-30,PRIORITY CORRIDORS,Ongoing,General,Unknown Agency,,0,1128.0,10.0,6.0,1122.0,1000.0,,1,,,,False,False,0,0,,,,1,0.0,,3,23.0,0.0,Unknown State,48.0,,1,0.4885277430415202,0,0.3029211725383827,0,0.4746047286047286,0.4746047286047286,0.0669341214341214,0.45846114996115
1426fa526da657e4,2024-04-30,KODERMA SECTION OF NH - 31,Ongoing,General,Unknown Agency,,0,4.0,-0.9941089837997056,679.0,-675.0,-99.41089837997056,,1,,,,False,False,0,0,,,,1,0.0,,1,8.0,0.0,Unknown State,90.0,,1,0.4705675700413792,1,0.8901063279080544,2,0.9506549006549008,0.002,0.0473450993450993,0.9506549006549008
143e221677e63f93,2024-04-30,SAKRI-HASANPUR ROAD (NL),Ongoing,General,Indian Railways (NL),,0,1625.87,2.5351916679350306,459.91,1165.9599999999998,253.51916679350305,,1,,,,False,False,0,0,,,,1,0.0,,3,35.0,0.0,Unknown State,24.0,,1,0.4835395957318861,0,0.3096154717212995,2,0.4486721424000836,0.3818216693437282,0.1695061882561882,0.4486721424000836
147c13e80bdfe0e0,2024-04-30,PALKHI MARG SECTION OF NH965,Ongoing,General,Unknown Agency,,0,1119.35,10.0,11.0,1108.35,1000.0,,1,,,,False,False,0,0,,,,1,0.0,,3,-8.0,0.0,Unknown State,45.0,,1,0.5068751376721641,0,0.2990349074588802,0,0.7088967249360472,0.7088967249360472,0.0816353320592451,0.2094679430047077
14a1e1baa09793c8,2024-04-30,FINANCE(NICF) AT GHIT,Ongoing,General,NICF,,0,3.0,0.0,3.0,0.0,0.0,,1,,,,False,False,0,0,,,,1,0.0,,1,2.0,0.0,Unknown State,51.0,,1,0.5085733133317863,1,0.8720689017469085,2,0.9420187312687311,0.0542358474858474,0.0037454212454212,0.9420187312687311
14a89246a6a18bac,2024-04-30,TWO LANE TUNNEL (INCLUDING CONSTRU,Ongoing,General,Unknown Agency,,0,12.0,-0.9940682155215028,2023.0,-2011.0,-99.40682155215028,,1,,,,False,False,0,0,,,,1,0.0,,1,8.0,0.0,Unknown State,0.0,,1,0.5384700802270092,1,0.8806314294018373,2,0.8848338638485699,0.0161197691197691,0.0990463670316611,0.8848338638485699
14db0edfb77f7c38,2024-04-30,PROJECT 79 KMS,Ongoing,General,Unknown Agency,,0,424.6,10.0,4.0,420.6,1000.0,,1,,,,False,False,0,0,,,,1,0.0,,2,8.0,0.0,Unknown State,284.0,,1,0.4625654773347761,0,0.4526629306541754,2,0.5782000083250085,0.3325997335997336,0.089200258075258,0.5782000083250085
14e0b0bba6dd083c,2024-04-30,LINE (267 KM),Ongoing,General,Unknown Agency,,0,223.0,10.0,11.0,212.0,1000.0,,1,,,,False,False,0,0,,,,1,0.0,,2,35.0,0.0,Unknown State,227.0,,0,0.4322160025397054,1,0.6188090260497011,2,0.7698846431346431,0.2025042457542457,0.0276111111111111,0.7698846431346431
14e4893d2098f331,2024-04-30,"HAJIPUR-SUGAULI VIA VAISHALI (NL), ECR",Ongoing,General,Indian Railways (NL),,0,262.71,10.0,3.0,259.71,1000.0,,1,,,,False,False,0,0,,,,1,0.0,,2,8.0,0.0,ECR -,93.0,,1,0.4549542626409007,1,0.6749950565959285,2,0.6628892545363132,0.1803051221654162,0.1568056232982703,0.6628892545363132
14f6552c0e54603b,2024-04-30,FOUR ALNE WITH PAVED SHOULDERS FR,Ongoing,General,Unknown Agency,,0,264.34,10.0,1.0,263.34,1000.0,,1,,,,False,False,0,0,,,,1,0.0,,2,-10.0,0.0,Unknown State,77.0,,1,0.466398106733365,1,0.6313488722303926,2,0.5492418259844731,0.388204658087011,0.0625535159285159,0.5492418259844731
151ee27b7d989b7c,2024-04-30,VI,Ongoing,General,Unknown Agency,,0,237.0,0.2493410648392199,189.7,47.30000000000001,24.93410648392199,,1,,,,False,False,0,0,,,,1,0.0,,2,11.0,0.0,Unknown State,108.0,,1,0.4659378316024005,1,0.654953430717537,2,0.7076676109837876,0.1978202900041134,0.094512099012099,0.7076676109837876
1534e969f2aa6e45,2024-04-30,WITH 4L SPUR TO LALRU FROM K,Ongoing,General,Unknown Agency,,0,1493.14,10.0,10.0,1483.14,1000.0,,1,,,,False,False,0,0,,,,1,0.0,,3,18.0,0.0,Unknown State,36.0,,1,0.4990957173963701,0,0.3038882797996626,2,0.510937950937951,0.4277591852591853,0.0613028638028638,0.510937950937951
1580c7fe3e495bf1,2024-04-30,TIDIVANAM-NAGARI (NL),Ongoing,General,Indian Railways (NL),,0,812.85,10.0,1.0,811.85,1000.0,,1,,,,False,False,0,0,,,,1,0.0,,2,35.0,0.0,Unknown State,43.0,,1,0.4689152479169367,0,0.4815644542669847,2,0.6160331147610559,0.3213852446573034,0.0625816405816405,0.6160331147610559
15efe50703b80e45,2024-04-30,LANE TO 2- LANE WITH PAVED SHOULDER CONFIGURATION,Ongoing,General,Unknown Agency,,0,196.52,10.0,1.0,195.52,1000.0,,1,,,,False,False,0,0,,,,1,0.0,,2,-53.0,0.0,Unknown State,34.0,,1,0.5076474568912688,1,0.6489859339350071,2,0.558998901425372,0.3708417815844286,0.0701593169901993,0.558998901425372
161c9c189e10c437,2024-04-30,KHELLANI-KHANABAL PKG-1,Ongoing,General,Unknown Agency,,0,3.0,-0.5714285714285714,7.0,-4.0,-57.14285714285714,,1,,,,False,False,0,0,,,,1,0.0,,1,2.0,0.0,Unknown State,23.0,,1,0.533836427920311,1,0.9033510288787336,2,0.9557981185481184,0.0206190476190476,0.0235828338328338,0.9557981185481184
162ace7df757f47e,2024-04-30,(299.2 KM)),Ongoing,General,Unknown Agency,,0,394.0,10.0,5.0,389.0,1000.0,,1,,,,False,False,0,0,,,,1,0.0,,2,11.0,0.0,Unknown State,33.0,,1,0.5108322293295618,1,0.5209121104630143,2,0.6760117856000208,0.2541827559695206,0.0698054584304584,0.6760117856000208
162bf97db4f55532,2024-04-30,TLABUNG - LUNGLEI PKG-B,Ongoing,General,Unknown Agency,,0,384.23,0.0,384.23,0.0,0.0,,1,,,,False,False,0,0,,,,1,0.0,,2,8.0,0.0,Unknown State,23.0,,1,0.5208934342991257,1,0.5776878803078774,2,0.8248332935554297,0.1012795292942352,0.073887177150335,0.8248332935554297
16309ad3a4b3fa18,2024-04-30,ALIGNMENT LENGTH OF 20.,Ongoing,General,Unknown Agency,,0,5.0,0.6666666666666665,3.0,2.0,66.66666666666666,,0,,,,False,True,0,0,,,,1,0.0,,1,2.0,0.0,Unknown State,1.0,,1,0.5353055095656873,1,0.8269202927153073,2,0.8121394349114933,0.1607476086005497,0.0271129564879564,0.8121394349114933
1642af8693805b72,2024-04-30,PHASE-IV PART-I (BIKANER COMPLEX) PAR,Ongoing,General,BIKANER COMPLEX,,0,2.0,1.0,1.0,1.0,100.0,,1,,,,False,False,0,0,,,,1,0.0,,1,8.0,0.0,Unknown State,21.0,,1,0.5319946759022991,1,0.8714549997304454,2,0.9621227522477522,0.0269578338328338,0.0109194139194139,0.9621227522477522
16724cc0bf3ea62b,2024-04-30,.376) TO CHANDIKHOLE (,Ongoing,General,Unknown Agency,,0,950.64,10.0,8.0,942.64,1000.0,,1,,,,False,False,0,0,,,,1,0.0,,2,6.0,0.0,Unknown State,86.0,,1,0.4715726642258174,0,0.4440803790463289,0,0.4413545204795205,0.4413545204795205,0.1225554045627575,0.4360900749577222
169606ae64e6ee83,2024-04-30,EXISTING CHAINAGE KM  102 TO KM 13,Ongoing,General,Unknown Agency,,0,411.0,10.0,8.0,403.0,1000.0,,1,,,,False,False,0,0,,,,1,0.0,,2,3.0,0.0,Unknown State,95.0,,1,0.4695045621570452,0,0.496875593358597,2,0.6314703270585624,0.3018297756165403,0.0666998973248973,0.6314703270585624
169c63114455281c,2024-04-30,MANGALORE,Ongoing,General,Unknown Agency,,0,165.0,10.0,9.0,156.0,1000.0,,1,,,,False,False,0,0,,,,1,0.0,,2,20.0,0.0,Unknown State,39.0,,1,0.4861184295555025,1,0.6680229253841989,2,0.7306438145188144,0.2456895188145188,0.0236666666666666,0.7306438145188144
16a3861685b1327f,2024-04-30,SAMASTIPUR-DARBANGHA,Ongoing,General,Unknown Agency,,0,803.09,10.0,29.39,773.7,1000.0,,1,,,,False,False,0,0,,,,1,0.0,,2,11.0,0.0,Unknown State,3.0,,1,0.5259535191220487,0,0.4555634731745446,2,0.4245830835830836,0.4237441634452502,0.151672752971666,0.4245830835830836
16cf6d806fc8eab7,2024-04-30,YEKAMBI KUMTA,Ongoing,General,Unknown Agency,,0,2.0,1.0,1.0,1.0,100.0,,0,,,,False,False,0,0,,,,1,0.0,,1,9.0,0.0,Unknown State,34.0,,1,0.5228919009651884,1,0.8695964893283363,2,0.828592782217782,0.1375194388944388,0.0338877788877788,0.828592782217782
16d976fc6a2e503e,2024-04-30,KM.56.00 TO 106.00 OF NH-218 (218-KNT-2014-15-775),Ongoing,General,Unknown Agency,,0,1202.52,10.0,1.0,1201.52,1000.0,,1,,,,False,False,0,0,,,,1,0.0,,3,-1.0,0.0,Unknown State,86.0,,1,0.4681163515594466,0,0.297919322788462,2,0.4535091297591297,0.4106249306249306,0.1358659396159396,0.4535091297591297
16f1180b78f77eef,2024-04-30,BASIS FROM DESIGN KM. 51.825 TO KM.  63.131 EXISTI,Ongoing,General,Unknown Agency,,0,330.78,10.0,3.0,327.78,1000.0,,1,,,,False,False,0,0,,,,1,0.0,,2,-11.0,0.0,Unknown State,38.0,,1,0.5075031671289145,1,0.552655033989247,2,0.6440253904162574,0.3065327181418514,0.0494418914418914,0.6440253904162574
1714ab9516510ccc,2024-04-30,FROM KM 101 TO KM 125 OF NH 61 I,Ongoing,General,Unknown Agency,,0,12.0,-0.9917695473251028,1458.0,-1446.0,-99.1769547325103,,0,,,,False,True,0,0,,,,1,0.0,,1,5.0,0.0,Unknown State,33.0,,1,0.5249082722768653,1,0.8472792036568579,2,0.7628741674991675,0.1795034965034965,0.057622335997336,0.7628741674991675
1735cdc88b5ad488,2024-04-30,SECTION,Ongoing,General,Unknown Agency,,0,2747.0,10.0,2.0,2745.0,1000.0,,1,,,,False,False,0,0,,,,1,0.0,,3,-1.0,0.0,Unknown State,25.0,,1,0.5196544933958605,0,0.2832086017860435,0,0.5328630813630814,0.5328630813630814,0.1979567654567653,0.2691801531801531
173b28c83e3dfd9f,2024-04-30,GHAGARIYA- MUNABAO SECTION FROM KM,Ongoing,General,Unknown Agency,,0,886.69,10.0,3.0,883.69,1000.0,,1,,,,False,False,0,0,,,,1,0.0,,2,16.0,0.0,Unknown State,41.0,,1,0.4998150062906516,0,0.4359460317617495,2,0.5712411477411479,0.3545292624042623,0.0742295898545898,0.5712411477411479
174385c3e2d5025d,2024-04-30,FOR INCOME TAX DEPARTMENT AT  CHENNAI,Ongoing,General,Unknown Agency,,0,289.45,-0.855995024875622,2010.0,-1720.55,-85.59950248756219,,1,,,,False,False,0,0,,,,1,0.0,,2,-18.0,0.0,Unknown State,101.0,,1,0.4750233457737512,1,0.741701204629736,2,0.7493538226479403,0.1210468281718281,0.1295993491802315,0.7493538226479403
174db7f645b9ade7,2024-04-30,GUJARAT 200 MW (GUVNL TENDER),Ongoing,General,GUVNL TENDER,,0,3.0,-0.875,24.0,-21.0,-87.5,,1,,,,False,False,0,0,,,,1,0.0,,1,-1.0,0.0,Unknown State,0.0,,1,0.5293146327601164,1,0.895538231619925,2,0.9570465922965924,0.023037962037962,0.0199154456654456,0.9570465922965924
17620c2a62d7d40d,2024-04-30,KOTHARI TO DHANORA,Ongoing,General,Unknown Agency,,0,936.4,10.0,10.0,926.4,1000.0,,1,,,,False,False,0,0,,,,1,0.0,,2,-5.0,0.0,Unknown State,97.0,,1,0.4660611338922781,0,0.4401776334933513,0,0.6580468142968143,0.6580468142968143,0.0815815018315018,0.2603716838716838
177a8a067af5a5d0,2024-04-30,KM 0.00 (EXISTING KM 150.00) TO,Ongoing,General,Unknown Agency,,0,2.0,-0.6666666666666665,6.0,-4.0,-66.66666666666666,,1,,,,False,False,0,0,,,,1,0.0,,1,17.0,0.0,Unknown State,19.0,,1,0.5230770074322837,1,0.9008879083113576,2,0.9643521894771896,0.0177361111111111,0.0179116994116994,0.9643521894771896
17b871782ab34a7f,2024-04-30,HIGHWAYS AUTHORITY OF INDIA),Ongoing,General,Unknown Agency,,0,152.49,0.0988290398126463,138.775,13.715000000000003,9.882903981264638,,1,,,,False,False,0,0,,,,1,0.0,,2,-7.0,0.0,Unknown State,49.0,,1,0.5057268323408978,1,0.7024531231387224,2,0.8017601630395749,0.1349256886903945,0.0633141482700306,0.8017601630395749
17bddb10d5c8f34f,2024-04-30,AVANIGADDA SECTION FROM KM84/550 - 124/200 OF NH2,Ongoing,General,Unknown Agency,,0,1.0,-0.998963730569948,965.0,-964.0,-99.89637305699482,,1,,,,False,False,0,0,,,,1,0.0,,1,-18.0,0.0,Unknown State,81.0,,1,0.4729918932387816,1,0.8462064411576482,2,0.9231944028194032,0.0328961038961038,0.0439094932844932,0.9231944028194032
17ddaa712383a02d,2024-04-30,TUMKUR-CHITRADURGA-DAVENGERE NL,Ongoing,General,Unknown Agency,,0,279.54,10.0,4.0,275.54,1000.0,,1,,,,False,False,0,0,,,,1,0.0,,2,44.0,0.0,Unknown State,188.0,,0,0.4336589290416856,1,0.6060219084834112,2,0.6280455209994684,0.3430100345560872,0.0289444444444444,0.6280455209994684
17fad6bda20b73bc,2024-04-30,RALEGAON TO RAMTIRTH,Ongoing,General,Unknown Agency,,0,3.0,-0.9541284403669724,65.4,-62.400000000000006,-95.41284403669724,,1,,,,False,False,0,0,,,,1,0.0,,1,-8.0,0.0,Unknown State,65.0,,1,0.4835134016085461,1,0.9013671060765412,2,0.9605950160950162,0.0083566017316017,0.0310483821733821,0.9605950160950162
180ace10ff9c3070,2024-04-30,STRENGTHENING OF SIHUNI TO RAJOL FROM KM 51.0,Ongoing,General,Unknown Agency,,0,609.43,10.0,8.0,601.43,1000.0,,1,,,,False,False,0,0,,,,1,0.0,,2,17.0,0.0,Unknown State,37.0,,1,0.4964052143257107,0,0.4307501791547636,0,0.4679617400143717,0.4679617400143717,0.0760659172698646,0.4559723427157637
1836c35428d95f03,2024-04-30,(CH. 331.030 TO CH. 359.170) [MAJOR BRIDGE ON,Ongoing,General,Unknown Agency,,0,2.0,-0.9946949602122016,377.0,-375.0,-99.46949602122017,,1,,,,False,False,0,0,,,,1,0.0,,1,-8.0,0.0,Unknown State,54.0,,1,0.5019580063200427,1,0.8982561965630458,2,0.94912080974581,0.0069696969696969,0.0439094932844932,0.94912080974581
188f602159b8405a,2024-04-30,PORT TO MADURAVOYAL IN CHENNAI DIS,Ongoing,General,Unknown Agency,,0,2165.23,10.0,1.0,2164.23,1000.0,,1,,,,False,False,0,0,,,,1,0.0,,3,25.0,0.0,Unknown State,76.0,,1,0.4506678331182513,0,0.2858775207049624,0,0.4589124778730041,0.4589124778730041,0.1244770646020645,0.4166104575249313
1898856a5786bf41,2024-04-30,(RAIL VIKAS NIGAM LTD.),Ongoing,General,RAIL VIKAS NIGAM LTD.,,0,927.01,10.0,4.0,923.01,1000.0,,1,,,,False,False,0,0,,,,1,0.0,,2,-61.0,0.0,Unknown State,0.0,,1,0.5185333342030546,0,0.4592629424053144,2,0.4753606311988665,0.4526005187622833,0.07203885003885,0.4753606311988665
18dc384088025b8f,2024-04-30,.155 OF NH-731A WITH PAVED SHOUL,Ongoing,General,Unknown Agency,,0,509.65,10.0,1.0,508.65,1000.0,,1,,,,False,False,0,0,,,,1,0.0,,2,18.0,0.0,Unknown State,45.0,,1,0.4937757720655581,0,0.4332271850576358,2,0.5296988428238429,0.39781771006771,0.0724834471084471,0.5296988428238429
191b8216455b0f59,2024-04-30,HIMACHAL PRADESH AT DEHRA AND JADRANGAL (D,Ongoing,General,Unknown Agency,,0,34953.45,10.0,334.0,34619.45,1000.0,,1,,,,False,False,0,0,,,,1,0.0,,3,7.0,0.0,Unknown State,112.0,,1,0.466122319668843,0,0.2849275780394875,0,0.3519517843267845,0.3519517843267845,0.3010049827623356,0.3470432329108799
1921e03d150b9e52,2024-04-30,EXPRESSWAY FROM JUNCTION WITH ROHTAK-PANIP,Ongoing,General,Unknown Agency,,0,397.6,10.0,2.0,395.6,1000.0,,1,,,,False,False,0,0,,,,1,0.0,,2,0.0,0.0,Unknown State,62.0,,1,0.4859078255371178,0,0.4926697114864617,2,0.6185387822961352,0.3282187934614404,0.0532424242424242,0.6185387822961352
1934e60a9b309ff4,2024-04-30,UTKAL D AND E COAL BLOCK,Ongoing,General,Unknown Agency,,0,9.0,-0.3076923076923077,13.0,-4.0,-30.76923076923077,,1,,,,False,False,0,0,,,,1,0.0,,1,-1.0,0.0,Unknown State,68.0,,1,0.4791474838822604,1,0.8745533153883899,2,0.8944220224220224,0.0819481074481074,0.0236298701298701,0.8944220224220224
1996063a052ff877,2024-04-30,LEBEL SWITCHING (IPMPLS) NETWORK and,Ongoing,General,IPMPLS,,0,1554.21,10.0,4.0,1550.21,1000.0,,1,,,,False,False,0,0,,,,1,0.0,,3,-1.0,0.0,Unknown State,23.0,,1,0.5227166178407072,0,0.3145000396860322,0,0.4595296819193878,0.4595296819193878,0.1066569443628267,0.4338133737177855
19ec2a00751c39d7,2024-04-30,DHAD BHOKARDAN TO BHOKARDHAN SILLOD,Ongoing,General,Unknown Agency,,0,2.0,1.0,1.0,1.0,100.0,,1,,,,False,False,0,0,,,,1,0.0,,1,-1.0,0.0,Unknown State,72.0,,1,0.4709282981101315,1,0.8695964893283363,2,0.8694720467441056,0.1085444367723779,0.0219835164835164,0.8694720467441056
1a4492de0213f4fa,2024-04-30,SECTION OF NH-144A FROM GANESH VIHA,Ongoing,General,Unknown Agency,,0,7.0,2.5,2.0,5.0,250.0,,1,,,,False,False,0,0,,,,1,0.0,,1,6.0,0.0,Unknown State,39.0,,1,0.5227318721590807,1,0.8524680709889523,2,0.854275738150738,0.11570492007992,0.0300193417693417,0.854275738150738
1abaa764f5a5ee2d,2024-04-30,SHRI KYARI SECTION (KM 50.000 TO K,Ongoing,General,Unknown Agency,,0,300.0,10.0,1.0,299.0,1000.0,,1,,,,False,False,0,0,,,,1,0.0,,2,-31.0,0.0,Unknown State,56.0,,1,0.4980992857226197,1,0.5751447102376838,2,0.524864571702807,0.4044872847740494,0.0706481435231435,0.524864571702807
1abec6ba623408f2,2024-04-30,+000 9OF EXISTING SH-19 KM 26+5,Ongoing,General,Unknown Agency,,0,1493.5,-0.2613748763600396,2022.0,-528.5,-26.13748763600396,,1,,,,False,False,0,0,,,,1,0.0,,3,17.0,0.0,Unknown State,1.0,,1,0.5281240697388316,0,0.4690771358433778,2,0.5766855815752876,0.3229115606615607,0.1004028577631518,0.5766855815752876
1ae49af248ed0209,2024-04-30,SELLING-DULTE SECTION OF NH-06 (PKG-IV),Ongoing,General,PKG-IV,,0,284.21,10.0,11.0,273.21,1000.0,,1,,,,False,False,0,0,,,,1,0.0,,2,-3.0,0.0,Unknown State,38.0,,1,0.4998963131867387,1,0.6179271526854451,2,0.660325524965231,0.2973522417125358,0.0423222333222333,0.660325524965231
1b22cd3e9afd78f6,2024-04-30,KATNI - SINGRAULI DOUBLING PROJECT,Ongoing,General,Unknown Agency,,0,724.69,10.0,9.0,715.69,1000.0,,1,,,,False,False,0,0,,,,1,0.0,,2,6.0,0.0,Unknown State,205.0,,1,0.4636315618684706,0,0.4539903973511638,2,0.4443021210815329,0.4313846170169699,0.1243132619014971,0.4443021210815329
1b24e6ee2b3ca741,2024-04-30,NARENPUR - PURNEA S,Ongoing,General,Unknown Agency,,0,2.0,1.0,1.0,1.0,100.0,,1,,,,False,False,0,0,,,,1,0.0,,1,1.0,0.0,Unknown State,44.0,,1,0.5199304945478566,1,0.8695964893283363,2,0.8854161859382446,0.0926002975782387,0.0219835164835164,0.8854161859382446
1b29a0c07580f59f,2024-04-30,PROJECT - PHASE-1,Ongoing,General,Unknown Agency,,0,12.0,10.0,1.0,11.0,1000.0,,1,,,,False,False,0,0,,,,1,0.0,,1,13.0,0.0,Unknown State,113.0,,1,0.470390159004585,1,0.8349572684155534,2,0.893822881366999,0.0695588202647026,0.0366182983682983,0.893822881366999
1bbe141b37ca0440,2024-04-30,NANDED TO JALKOT,Ongoing,General,Unknown Agency,,0,170.0,6.391304347826088,23.0,147.0,639.1304347826087,,1,,,,False,False,0,0,,,,1,0.0,,2,-4.0,0.0,Unknown State,71.0,,1,0.4674307156149502,1,0.6545970427989793,2,0.7133484546499252,0.1940614230540701,0.0925901222960046,0.7133484546499252
1beaaee946628d9d,2024-04-30,AT KM 303.9 ON NH-60 (PAND,Ongoing,General,Unknown Agency,,0,332.0,6.545454545454546,44.0,288.0,654.5454545454546,,1,,,,False,False,0,0,,,,1,0.0,,2,1.0,0.0,Unknown State,74.0,,1,0.4669142483561034,1,0.5636968393909836,2,0.6820327172827172,0.1937666222666222,0.1242006604506604,0.6820327172827172
1bffd274055a2ba5,2024-04-30,TO KM 140-750  IN THE STATE OF ANDHRA PRADES,Ongoing,General,Unknown Agency,,0,272.98,10.0,8.0,264.98,1000.0,,1,,,,False,False,0,0,,,,1,0.0,,2,-35.0,0.0,Unknown State,9.0,,1,0.5229714075690475,1,0.6175127871490523,2,0.551463267125032,0.3901063854446205,0.0584303474303474,0.551463267125032
1c6a4108b3a7479b,2024-04-30,+500) TO CHANDRASEKHARPURAM (CH. 22,Ongoing,General,Unknown Agency,,0,1973.98,10.0,2.0,1971.98,1000.0,,1,,,,False,False,0,0,,,,1,0.0,,3,22.0,0.0,Unknown State,36.0,,1,0.4930629490008732,0,0.2858775207049624,2,0.5438905677655679,0.2986940281940282,0.157415404040404,0.5438905677655679
1c910e867973688d,2024-04-30,(35-70) MTY,Ongoing,General,Unknown Agency,,0,3.0,-0.9423076923076924,52.0,-49.0,-94.23076923076924,,1,,,,False,False,0,0,,,,1,0.0,,1,11.0,0.0,Unknown State,60.0,,1,0.4990260628304643,1,0.9030818504739818,2,0.9507611416361418,0.0167321428571428,0.0325067155067155,0.9507611416361418
1d23b1d89fec4e31,2024-04-30,ENDS AT CH. 47+000 NEAR KHAN,Ongoing,General,Unknown Agency,,0,5.0,-0.7619047619047619,21.0,-16.0,-76.19047619047619,,1,,,,False,False,0,0,,,,1,0.0,,1,1.0,0.0,Unknown State,0.0,,1,0.5352793882439928,1,0.8993079268168219,2,0.9605032051282052,0.0184404761904761,0.0210563186813186,0.9605032051282052
1d4c8fa33f969e15,2024-04-30,.900 ) OF MOHOL – ALANDI S,Ongoing,General,Unknown Agency,,0,12.0,-0.9914856177893826,1409.38,-1397.38,-99.14856177893826,,1,,,,False,False,0,0,,,,1,0.0,,1,1.0,0.0,Unknown State,17.0,,1,0.5364707398695536,1,0.8877896472906133,2,0.9106619352869356,0.0278571428571428,0.0614809218559218,0.9106619352869356
1d7f903032cbdca5,2024-04-30,PROJECT,Ongoing,General,Unknown Agency,,0,492.76,10.0,1.0,491.76,1000.0,,1,,,,False,False,0,0,,,,1,0.0,,2,1.0,0.0,Unknown State,64.0,,1,0.4851511007366448,0,0.4332271850576358,0,0.4519724719724718,0.4519724719724718,0.1126597291597291,0.4353677988677989
1d942e52bf2b1c94,2024-04-30,BARH STPP(3X660MW) NTPC,Ongoing,General,Unknown Agency,,0,188.0,10.0,5.0,183.0,1000.0,,1,,,,False,False,1,0,,,,1,0.0,,2,7.0,0.0,Unknown State,-18.0,,1,0.6023352264695465,1,0.664089910070815,2,0.815407092907093,0.1049961427461427,0.0795967643467643,0.815407092907093
1d9652576a574722,2024-04-30,PART E4,Ongoing,General,Unknown Agency,,0,2191.0,10.0,9.0,2182.0,1000.0,,1,,,,False,False,0,0,,,,1,0.0,,3,15.0,0.0,Unknown State,22.0,,1,0.5243270203359275,0,0.2861798110494963,0,0.5143800521374051,0.5143800521374051,0.1486448314757137,0.3369751163868812
1dcdfa33c1df3b2f,2024-04-30,FROM SOLAR ENERGY ZONES IN RAJASTHA,Ongoing,General,Unknown Agency,,0,562.86,10.0,1.0,561.86,1000.0,,1,,,,False,False,0,0,,,,1,0.0,,2,-9.0,0.0,Unknown State,42.0,,1,0.5068500673400901,0,0.4281116354759514,0,0.4729162781662782,0.4729162781662782,0.141523976023976,0.385559745809746
1dde94ad2c1af72d,2024-04-30,SHYAMSUNDARPUR UG INCLUDING SAPI UNIT,Ongoing,General,Unknown Agency,,0,861.06,10.0,8.0,853.06,1000.0,,1,,,,False,False,0,0,,,,1,0.0,,2,23.0,0.0,Unknown State,67.0,,1,0.4570650903085766,0,0.4498072839923381,0,0.5089803946053945,0.5089803946053945,0.0431902264402264,0.4478293789543792
1de8f94b43491b07,2024-04-30,OCP 14 MTPA,Delayed,General,Unknown Agency,,0,998.71,10.0,7.0,991.71,1000.0,,1,,,,False,False,0,0,,,,1,0.0,,2,11.0,0.0,Unknown State,68.0,,1,0.4800011171036242,0,0.4204721688266295,2,0.4391917767904612,0.4287551980183559,0.132053025191183,0.4391917767904612
1e1297e00d69f885,2024-04-30,(273.80 KM),Ongoing,General,Unknown Agency,,0,3246.26,10.0,4.0,3242.26,1000.0,,1,,,,False,False,0,0,,,,1,0.0,,3,8.0,0.0,Unknown State,116.0,,1,0.4714076989278787,0,0.286363223741071,0,0.5313573663178925,0.5313573663178925,0.1829982378732378,0.2856443958088694
1e36bcc621ce561a,2024-04-30,AT GOPALGANJ TOWN FROM DESIGN CH:,Ongoing,General,Unknown Agency,,0,2878.97,10.0,9.0,2869.97,1000.0,,1,,,,False,False,0,0,,,,1,0.0,,3,5.0,0.0,Unknown State,36.0,,1,0.5136966808417723,0,0.2844940648625664,0,0.4909439465762995,0.4909439465762995,0.201359229822465,0.3076968236012353
1e53ebc646e9b597,2024-04-30,RIVER BRAHMAPUTRA,Ongoing,General,Unknown Agency,,0,307.0,10.0,9.0,298.0,1000.0,,1,,,,False,False,0,0,,,,1,0.0,,2,-4.0,0.0,Unknown State,39.0,,1,0.5066279563740743,1,0.5638963798770136,2,0.5364774979922041,0.4091644433997373,0.0543580586080586,0.5364774979922041
1e5a7b6012e8d13d,2024-04-30,JULEKAL VILLAGE FROM KM 202.900 TO KM,Ongoing,General,Unknown Agency,,0,534.73,10.0,2.0,532.73,1000.0,,0,,,,False,False,0,0,,,,1,0.0,,2,9.0,0.0,Unknown State,35.0,,1,0.5109625592578024,0,0.4400958719263226,2,0.4949079115329117,0.3956064768564768,0.1094856116106116,0.4949079115329117
1e665c3b9ae6a3fc,2024-04-30,RPR OF HINGULA -II EXPANSION PH-III,Ongoing,General,Unknown Agency,,0,24.0,7.0,3.0,21.0,700.0,,1,,,,False,False,0,0,,,,1,0.0,,1,59.0,0.0,Unknown State,36.0,,1,0.4837154540821443,1,0.8326535529970477,2,0.8614788277597871,0.0942481119671522,0.0442730602730602,0.8614788277597871
1e6c7069d9141788,2024-04-30,MADANNAGAR OPENCAST PROJECT,Ongoing,General,Unknown Agency,,0,481.6,0.0,481.6,0.0,0.0,,1,,,,False,False,0,0,,,,1,0.0,,2,71.0,0.0,Unknown State,84.0,,0,0.4368697394708597,1,0.5192717876039966,2,0.5725414699679405,0.3880923790262024,0.0393661510058568,0.5725414699679405
1e9a7420025f0e9c,2024-04-30,.840 TO KM 138.775 (EXISTING KM 124.100 TO KM 1,Ongoing,General,Unknown Agency,,0,272.89,10.0,3.0,269.89,1000.0,,0,,,,False,True,0,0,,,,1,0.0,,2,-4.0,0.0,Unknown State,69.0,,1,0.4757813822921501,1,0.5845837302360762,2,0.5292317037537626,0.4100469342748754,0.0607213619713619,0.5292317037537626
1ebf17fa5cb13f02,2024-04-30,KHELLANI-KHANABAL PKG-5,Ongoing,General,Unknown Agency,,0,2.0,1.0,1.0,1.0,100.0,,1,,,,False,False,0,0,,,,1,0.0,,1,3.0,0.0,Unknown State,36.0,,1,0.5232683541591773,1,0.8695964893283363,2,0.8989695027195025,0.078332695082695,0.0226978021978021,0.8989695027195025
1ed2a7e1a3405939,2024-04-30,KM 258.300 TO KM 306.300 [DESIGN,Ongoing,General,Unknown Agency,,0,414.24,10.0,6.0,408.24,1000.0,,1,,,,False,False,0,0,,,,1,0.0,,2,8.0,0.0,Unknown State,54.0,,1,0.5014293272390009,0,0.4635113378484207,2,0.6512931708814063,0.2626740979608626,0.0860327311577311,0.6512931708814063
1edb4b12a6913614,2024-04-30,NH167B FROM KM 99.103 CS PURAM TO KM 143.320 MALAKONDA TO 2LPS,Ongoing,General,Unknown Agency,,0,230.54,10.0,3.0,227.54,1000.0,,1,,,,False,False,0,0,,,,1,0.0,,2,-1.0,0.0,Unknown State,36.0,,1,0.5091684214690969,1,0.6286603638221233,2,0.6861541375291376,0.2720596348096348,0.0417862276612276,0.6861541375291376
1f00366ddead0b76,2024-04-30,KM 42.700 TO KM 273.00,Ongoing,General,Unknown Agency,,0,190.6,10.0,2.0,188.6,1000.0,,1,,,,False,False,0,0,,,,1,0.0,,2,2.0,0.0,Unknown State,28.0,,1,0.5129196882680783,1,0.6606990817563407,2,0.638677306353777,0.3167398973575444,0.0445827962886786,0.638677306353777
1f7344c7fd5eaa06,2024-04-30,KM. TO ODULAPALLE 72.000 KM. OF NH,Ongoing,General,Unknown Agency,,0,1641.66,10.0,3.0,1638.66,1000.0,,1,,,,False,False,0,0,,,,1,0.0,,3,19.0,0.0,Unknown State,44.0,,1,0.4976020481243434,0,0.2966548745756031,2,0.6260426517926517,0.2980344932844933,0.0759228549228549,0.6260426517926517
1f7af9e88bb8749b,2024-04-30,CHINSURAH,Ongoing,General,Unknown Agency,,0,13365.77,10.0,2.0,13363.77,1000.0,,1,,,,False,False,0,0,,,,1,0.0,,3,2.0,0.0,Unknown State,64.0,,1,0.4889010729791154,0,0.2898959251673254,0,0.4194953102453101,0.4194953102453101,0.1886338938838938,0.3918707958707959
1f810328bcaf2ec6,2024-04-30,"NH-5) FROM KM 106.139 TO KM 129.050, ON EPC M",Ongoing,General,Unknown Agency,,0,1518.53,10.0,1.0,1517.53,1000.0,,1,,,,False,False,0,0,,,,1,0.0,,3,-3.0,0.0,ON EPC M -,60.0,,1,0.4911084753679697,0,0.3407025754072577,2,0.420681818181818,0.2780133616383616,0.3013048201798202,0.420681818181818
1f9eb65c496deaa1,2024-04-30,DARBHANGA YARD (7.64 KM),Ongoing,General,Unknown Agency,,0,4.0,-0.9635369188696444,109.7,-105.7,-96.35369188696444,,1,,,,False,False,0,0,,,,1,0.0,,1,2.0,0.0,Unknown State,98.0,,1,0.4684367366443045,1,0.8885016352822416,2,0.9443742368742368,0.0190773809523809,0.0365483821733821,0.9443742368742368
1fa23600c6726e49,2024-04-30,INTERCEPTION AND DIVERSION WITH STP AT BALLY,Ongoing,General,Unknown Agency,,0,326.0,-0.8388531883341572,2023.0,-1697.0,-83.88531883341572,,1,,,,False,False,0,0,,,,1,0.0,,2,-13.0,0.0,Unknown State,109.0,,1,0.4758455931145622,1,0.7398697419219231,2,0.6340069505657743,0.2127329753579754,0.1532600740762505,0.6340069505657743
1fc2792b5868ebc9,2024-04-30,SARSAM TO KOTHARI,Ongoing,General,Unknown Agency,,0,3.0,-0.9853658536585364,205.0,-202.0,-98.53658536585364,,1,,,,False,False,0,0,,,,1,0.0,,1,-4.0,0.0,Unknown State,93.0,,1,0.4677502710130665,1,0.8785752750966203,2,0.928966047841048,0.0127911255411255,0.0582428266178266,0.928966047841048
1fe6412c1e0b7f99,2024-04-30,BHADRAK - NERGUNDI 3RD LINE,Ongoing,General,Unknown Agency,,0,1491.47,10.0,12.0,1479.47,1000.0,,1,,,,False,False,0,0,,,,1,0.0,,3,10.0,0.0,Unknown State,110.0,,1,0.4695613424271308,0,0.2930476441869,0,0.4610132702265055,0.4610132702265055,0.1116923076923076,0.4272944220811869
1fefedf32de590de,2024-04-30,GUWAHATI BYPASS SECTION FROM KM 146,Ongoing,General,Unknown Agency,,0,815.77,10.0,10.0,805.77,1000.0,,1,,,,False,False,0,0,,,,1,0.0,,2,4.0,0.0,Unknown State,34.0,,1,0.5114950888719262,0,0.4533843367451032,0,0.520092698967699,0.520092698967699,0.0965776862026862,0.3833296148296147
20011ba3e7c532e7,2024-04-30,.800 TO KM. 561.700) O,Ongoing,General,Unknown Agency,,0,6.0,-0.9970326409495548,2022.0,-2016.0,-99.70326409495549,,1,,,,False,False,0,0,,,,1,0.0,,1,3.0,0.0,Unknown State,1.0,,1,0.5384700802270092,1,0.869140261400196,2,0.8731623270520329,0.0296554834054834,0.0971821895424836,0.8731623270520329
20113ba51c0182fd,2024-04-30,TO 66/400,Ongoing,General,Unknown Agency,,0,392.33,-0.8054883490332176,2017.0,-1624.67,-80.54883490332176,,1,,,,False,False,0,0,,,,1,0.0,,2,-12.0,0.0,Unknown State,61.0,,1,0.4965164156582407,1,0.721473530089986,2,0.5969358264284736,0.2248191024661613,0.1782450711053652,0.5969358264284736
2022bf8bfeb2453c,2024-04-30,ARUPPUKKOTTAI,Ongoing,General,Unknown Agency,,0,724.69,10.0,9.0,715.69,1000.0,,1,,,,False,False,0,0,,,,1,0.0,,2,44.0,0.0,Unknown State,243.0,,0,0.431922640966158,0,0.4539903973511638,0,0.5008964662788192,0.5008964662788192,0.0440314171122994,0.4550721166088813
204143f8c3f3eaba,2024-04-30,GOA AIRPORT.,Ongoing,General,Unknown Agency,,0,353.25,10.0,8.0,345.25,1000.0,,1,,,,False,False,0,0,,,,1,0.0,,2,8.0,0.0,Unknown State,76.0,,1,0.4707585038497419,1,0.5125332655908956,2,0.665651007489243,0.2634994115361763,0.0708495809745809,0.665651007489243
20c989db7bbd1085,2024-04-30,PARBHANI TO GANGKHED,Ongoing,General,Unknown Agency,,0,295.47,10.0,10.0,285.47,1000.0,,1,,,,False,False,0,0,,,,1,0.0,,2,-6.0,0.0,Unknown State,108.0,,1,0.4643587569636869,1,0.5852045743301239,2,0.620444752959459,0.331533629768924,0.0480216172716172,0.620444752959459
20cd05bd390602cf,2024-04-30,AND INSTALLATION OF SECONDARY EMISS,Ongoing,General,Unknown Agency,,0,513.82,10.0,9.0,504.8200000000001,1000.0,,1,,,,False,False,0,0,,,,1,0.0,,2,26.0,0.0,Unknown State,33.0,,1,0.4739636179365786,0,0.4488232844846138,2,0.5293827533835275,0.4146019829413792,0.0560152636750934,0.5293827533835275
20df8a138ab3dd2e,2024-04-30,INDIA INTERNATIONAL CONVENTION AND EXPO CENTRE,Ongoing,General,Unknown Agency,,0,314.06,10.0,8.0,306.06,1000.0,,1,,,,False,False,0,0,,,,1,0.0,,2,0.0,0.0,Unknown State,44.0,,1,0.5070829828291008,1,0.5724678084484421,2,0.5606908679555739,0.3880344067697007,0.0512747252747252,0.5606908679555739
2165d210061c2123,2024-04-30,AIRPORT PHASE-01,Ongoing,General,Unknown Agency,,0,456.86,10.0,7.0,449.86,1000.0,,1,,,,False,False,0,0,,,,1,0.0,,2,1.0,0.0,Unknown State,70.0,,1,0.4680548572055931,0,0.4459899511512805,2,0.4720127295305316,0.4448667849608252,0.0831204855086434,0.4720127295305316
21d1328396f27033,2024-04-30,DOUBLING BETWEEN BHIWANI-DOBH BAHALI,Ongoing,General,Unknown Agency,,0,6.0,0.0,6.0,0.0,0.0,,1,,,,False,False,1,0,,,,1,0.0,,1,22.0,0.0,Unknown State,-16.0,,1,0.592060076949162,1,0.8788207057005711,2,0.9305090465090464,0.0409479131979131,0.0285430402930402,0.9305090465090464
220119bfaa4d8736,2024-04-30,WORK),Ongoing,General,Unknown Agency,,0,57.0,3.75,12.0,45.0,375.0,,1,,,,False,False,0,0,,,,1,0.0,,1,32.0,0.0,Unknown State,12.0,,1,0.4993827064604547,1,0.8640812477851317,2,0.8872747303865723,0.08402272216088,0.0287025474525474,0.8872747303865723
22618ac31bd5cae6,2024-04-30,REVISED PROJECT REPORT MAGADH EXPANSION OCP,Ongoing,General,Unknown Agency,,0,7.0,1.333333333333333,3.0,4.0,133.33333333333331,,1,,,,False,False,0,0,,,,1,0.0,,1,47.0,0.0,Unknown State,36.0,,1,0.4884560584275498,1,0.8467828840937073,2,0.9121488095238092,0.0674623015873016,0.0203888888888888,0.9121488095238092
22704c09cc4d9929,2024-04-30,BYPASS FROM KM 50.000 (DESIGN CHAINA,Ongoing,General,Unknown Agency,,0,614.48,10.0,1.0,613.48,1000.0,,1,,,,False,False,0,0,,,,1,0.0,,2,2.0,0.0,Unknown State,77.0,,1,0.4678609550459844,0,0.4240165135902193,2,0.4430537101787102,0.4154438200688199,0.1415024697524697,0.4430537101787102
227fb00a595878b5,2024-04-30,.300 TO KM 45.300 OF NH-208A PKG-3,Ongoing,General,Unknown Agency,,0,320.97,10.0,3.0,317.97,1000.0,,1,,,,False,False,0,0,,,,1,0.0,,2,-6.0,0.0,Unknown State,43.0,,1,0.5075031671289145,1,0.5738671552013682,2,0.6729439367821725,0.282292743204508,0.04476332001332,0.6729439367821725
22bfcf44610d72f0,2024-04-30,HIGHWAYS AUTHORITY OF INDIA),Ongoing,General,Unknown Agency,,0,4.0,-0.8620689655172413,29.0,-25.0,-86.20689655172413,,1,,,,False,False,1,0,,,,1,0.0,,1,-61.0,0.0,Unknown State,-28.0,,1,0.6105770747692193,1,0.9020239643427074,2,0.960711163836164,0.0136363636363636,0.0256524725274725,0.960711163836164
22e0a010c6d882e3,2024-04-30,APRON AND CAR PARK AT SURAT AIRPORT.,Ongoing,General,Unknown Agency,,0,1405.0,10.0,1.0,1404.0,1000.0,,1,,,,False,False,0,0,,,,1,0.0,,3,6.0,0.0,Unknown State,81.0,,1,0.471459700475289,0,0.3112526561217953,2,0.5342423736394324,0.3013136389754036,0.1644439873851637,0.5342423736394324
2302bf5a87759955,2024-04-30,KOTRE BASANTPUR PACHMO OCP,Ongoing,General,Unknown Agency,,0,12.0,-0.5714285714285714,28.0,-16.0,-57.14285714285714,,1,,,,False,False,0,0,,,,1,0.0,,1,95.0,0.0,Unknown State,134.0,,0,0.4369092823714594,1,0.8782923615123108,2,0.8163604173604173,0.1548767343767343,0.0287628482628482,0.8163604173604173
23167e6afa68cc5f,2024-04-30,(Kochi Salem Pipeline Private Limited(JV)),Ongoing,General,KOCHI SALEM PIPELINE PRIVATE LIMITED(JV,,0,1390.64,10.0,1.0,1389.64,1000.0,,1,,,,False,False,1,0,,,,1,0.0,,3,-58.0,0.0,Unknown State,-37.0,,1,0.5965099960059437,0,0.335477013063696,2,0.5801102908529381,0.2712865622939153,0.1486031468531468,0.5801102908529381
23479435e36b8a7b,2024-04-30,STATES,Ongoing,General,Unknown Agency,,0,4546.26,10.0,7.0,4539.26,1000.0,,1,,,,False,False,0,0,,,,1,0.0,,3,8.0,0.0,Unknown State,29.0,,1,0.518564607493977,0,0.3069230846866684,2,0.4088840012326855,0.3898987211618791,0.2012172776054355,0.4088840012326855
2358edef5a2145c6,2024-04-30,BLOCK,Ongoing,General,Unknown Agency,,0,325.53,10.0,3.0,322.53,1000.0,,1,,,,False,False,0,0,,,,1,0.0,,2,11.0,0.0,Unknown State,24.0,,1,0.5196111830559231,1,0.552655033989247,2,0.7186856811489164,0.2312115049982697,0.0501028138528138,0.7186856811489164
23bc247eb0be08f1,2024-04-30,"PROJECT, BATHINDA, PUNJAB",Ongoing,General,Unknown Agency,,0,20928.0,10.0,7.0,20921.0,1000.0,,1,,,,False,False,0,0,,,,1,0.0,,3,3.0,0.0,PUNJAB -,96.0,,1,0.4695669813524832,0,0.31567017976362,1,0.3752793872793873,0.2785076035076034,0.3752793872793873,0.3462130092130093
23f5b71704f07052,2024-04-30,TAMENGLONG - MAHUR PKG-4,Ongoing,General,Unknown Agency,,0,260.21,10.0,0.21,260.0,1000.0,,1,,,,False,False,0,0,,,,1,0.0,,2,2.0,0.0,Unknown State,18.0,,1,0.5233991068457438,1,0.6201482109978097,2,0.5834621612048083,0.361715203097556,0.0548226356976357,0.5834621612048083
243f7cb751de9f4c,2024-04-30,LANING OF KOHIMA - JESSAMI SECTION (PACKAGE IV),Ongoing,General,PACKAGE IV,,0,2024.0,10.0,150.0,1874.0,1000.0,,0,,,,False,True,0,0,,,,1,0.0,,3,-13.0,0.0,Unknown State,36.0,,1,0.505953509262275,0,0.3255020690645421,0,0.523866820271232,0.523866820271232,0.1429992091242091,0.3331339706045588
2441ae5f1694c63a,2024-04-30,BARAMATI BYPASS,Ongoing,General,Unknown Agency,,0,2565.63,0.2099745331069609,2120.4,445.23,20.99745331069609,,1,,,,False,False,0,0,,,,1,0.0,,3,8.0,0.0,Unknown State,35.0,,1,0.5247208523617167,0,0.3880553763719371,2,0.4580680891998029,0.349809723808445,0.1921221869917522,0.4580680891998029
249d7f971460012b,2024-04-30,.250(DESIGN CHAINAGE KM 0.000 TO KM 65.,Ongoing,General,Unknown Agency,,0,804.97,10.0,4.0,800.97,1000.0,,1,,,,False,False,0,0,,,,1,0.0,,2,1.0,0.0,Unknown State,97.0,,1,0.4678815818721772,0,0.4558951592559257,2,0.5204494729127084,0.3899527457836281,0.0895977813036636,0.5204494729127084
250486c303006ba0,2024-04-30,SHOULDER/ TWO LANE WITH PAVED SHOUL,Ongoing,General,Unknown Agency,,0,235.15,10.0,12.0,223.15,1000.0,,1,,,,False,False,0,0,,,,1,0.0,,2,16.0,0.0,Unknown State,32.0,,1,0.4994814067415298,1,0.6156068865665184,2,0.7655035520035521,0.2053714479964479,0.0291249999999999,0.7655035520035521
25270e777b146ae8,2024-04-30,CONFIGURATION FROM EXISTING KM 90.00 TO,Ongoing,General,Unknown Agency,,0,499.79,10.0,3.0,496.79,1000.0,,1,,,,False,False,0,0,,,,1,0.0,,2,14.0,0.0,Unknown State,39.0,,1,0.5092767345996972,0,0.4348038221160948,2,0.5428342825475179,0.3714984223293047,0.0856672951231774,0.5428342825475179
2537d4f2cc4cea02,2024-04-30,NAINI COAL MINE,Ongoing,General,Unknown Agency,,0,3.0,-0.9148694665153236,35.24,-32.24,-91.48694665153236,,1,,,,False,False,0,0,,,,1,0.0,,1,23.0,0.0,Unknown State,60.0,,1,0.4755373357283915,1,0.9015947004059808,2,0.9432458097458098,0.0310396825396825,0.0257145077145077,0.9432458097458098
256755424e0d6b93,2024-04-30,MURKONGSELEK-PASIGHAT NL,Ongoing,General,Unknown Agency,,0,2024.0,10.0,150.0,1874.0,1000.0,,1,,,,False,False,0,0,,,,1,0.0,,3,11.0,0.0,Unknown State,167.0,,1,0.4666895740535061,0,0.2820056468116033,2,0.3571338383838384,0.3504012515262517,0.29246491008991,0.3571338383838384
259850665c323549,2024-04-30,MANDAWA BYPASS AND JHUNJHUNU BYPAS,Ongoing,General,Unknown Agency,,0,451.66,10.0,12.0,439.66,1000.0,,1,,,,False,False,0,0,,,,1,0.0,,2,4.0,0.0,Unknown State,32.0,,1,0.5100560605320579,0,0.4618154176148434,2,0.5573602508602508,0.3663278804528805,0.0763118686868686,0.5573602508602508
25b9634c353336c2,2024-04-30,.409,Ongoing,General,Unknown Agency,,0,423.18,10.0,3.0,420.18,1000.0,,1,,,,False,False,0,0,,,,1,0.0,,2,16.0,0.0,Unknown State,41.0,,1,0.4993776224447478,0,0.4577159861817037,2,0.5230700410700411,0.4300158868908867,0.046914072039072,0.5230700410700411
25fd74398f1aef00,2024-04-30,GANGA AS PART OF PATNA RING ROAD (NH-,Ongoing,General,Unknown Agency,,0,1754.0,10.0,1.0,1753.0,1000.0,,1,,,,False,False,0,0,,,,1,0.0,,3,41.0,0.0,Unknown State,56.0,,1,0.4754927053237586,0,0.2922875740340717,2,0.6340484237984237,0.2800427627927627,0.0859088134088134,0.6340484237984237
26195ca56fe83b0e,2024-04-30,.00) OF NH-83 IN THE STATE,Ongoing,General,Unknown Agency,,0,210.81,0.1303485254691689,186.5,24.31,13.034852546916891,,1,,,,False,False,0,0,,,,1,0.0,,2,0.0,0.0,Unknown State,8.0,,1,0.5222038670008977,1,0.6514132873479426,2,0.7279372833049306,0.190370890547361,0.0816918261477085,0.7279372833049306
262866081825d149,2024-04-30,) TO KM. 15.100 (KM 5.100 OF,Ongoing,General,Unknown Agency,,0,772.11,10.0,8.0,764.11,1000.0,,1,,,,False,False,0,0,,,,1,0.0,,2,6.0,0.0,Unknown State,26.0,,1,0.517849269034285,0,0.4506570640178305,2,0.4420012609939082,0.4213574064824065,0.1366413325236854,0.4420012609939082
26294afbe1688936,2024-04-30,SAMBHU KI BHURJ-II SOLAR 300MW,Ongoing,General,Unknown Agency,,0,1314.0,10.0,3.0,1311.0,1000.0,,1,,,,False,False,0,0,,,,1,0.0,,3,5.0,0.0,Unknown State,114.0,,1,0.4685530460396607,0,0.3026548745756032,2,0.5495590349193289,0.3341043523469993,0.1163366127336715,0.5495590349193289
2643f7e305dddd51,2024-04-30,MOKOKCHUNG TO CHARE VIA DIKHU I,Ongoing,General,Unknown Agency,,0,2.0,1.0,1.0,1.0,100.0,,0,,,,False,True,0,0,,,,1,0.0,,1,14.0,0.0,Unknown State,32.0,,1,0.5238116202691431,1,0.8293823216138562,2,0.8039252242855182,0.1627481440128499,0.0333266317016317,0.8039252242855182
26a89cebd7289bea,2024-04-30,.600 TO KM. 185.00 ON NH-,Ongoing,General,Unknown Agency,,0,581.65,10.0,1.0,580.65,1000.0,,1,,,,False,False,0,0,,,,1,0.0,,2,17.0,0.0,Unknown State,0.0,,1,0.5095344921907359,0,0.4306116354759514,2,0.507730921855922,0.4073350815850815,0.0849339965589965,0.507730921855922
26e74f6b8d4eb19f,2024-04-30,KARGIL-ZANSKR PACKAGE-1,Ongoing,General,Unknown Agency,,0,21.5,0.34375,16.0,5.5,34.375,,1,,,,False,False,0,0,,,,1,0.0,,1,8.0,0.0,Unknown State,93.0,,1,0.4697705401220986,1,0.8623624019187537,2,0.9251599511599512,0.0292176434676434,0.0456224053724053,0.9251599511599512
27432f3566aac383,2024-04-30,LANE WITH PAVED SHOULDER FROM KM 368.00 TO KM 399,Ongoing,General,Unknown Agency,,0,402.94,10.0,3.0,399.94,1000.0,,1,,,,False,False,0,0,,,,1,0.0,,2,-1.0,0.0,Unknown State,60.0,,1,0.4923190430371157,0,0.4909077101517932,2,0.6555200232773764,0.2975708858135328,0.0469090909090909,0.6555200232773764
277a73d6c2999410,2024-04-30,.200 TO KM 594.000 OF NH-150A HOSMANE CROSS – PA,Ongoing,General,Unknown Agency,,0,322.81,10.0,3.0,319.81,1000.0,,1,,,,False,False,0,0,,,,1,0.0,,2,-11.0,0.0,Unknown State,62.0,,1,0.4849901033398998,1,0.552655033989247,2,0.6402764726673398,0.3158692982284315,0.0438542291042291,0.6402764726673398
2795ea53208d7e04,2024-04-30,.00 TO KM 242.00 (NIMBUTALA TO AUSTIN CREEK) O,Ongoing,General,NIMBUTALA TO AUSTIN CREEK,,0,5.0,-0.9836065573770492,305.0,-300.0,-98.36065573770492,,0,,,,False,True,0,0,,,,1,0.0,,1,-1.0,0.0,Unknown State,106.0,,1,0.4606181991741465,1,0.8297124819068078,2,0.7871064025843438,0.161972990245049,0.0509206071706071,0.7871064025843438
27d584be42636969,2024-04-30,GC,Ongoing,General,Unknown Agency,,0,2880.4,10.0,0.21,2880.19,1000.0,,1,,,,False,False,0,0,,,,1,0.0,,3,10.0,0.0,Unknown State,59.0,,1,0.4967165248296172,0,0.2967842319389571,0,0.4845533771783771,0.4845533771783771,0.2152789016539016,0.3001677211677211
27e5e49f333c6048,2024-04-30,ROAD) FROM KM. (-)0.70,Ongoing,General,-,,0,12.0,5.0,2.0,10.0,500.0,,1,,,,False,False,0,0,,,,1,0.0,,1,1.0,0.0,Unknown State,15.0,,1,0.5303847316483377,1,0.8431317137373162,2,0.8963045061663485,0.0687760799142378,0.0349194139194139,0.8963045061663485
2841d2c0c4877ab7,2024-04-30,LEASE OF PAN,Ongoing,General,Unknown Agency,,0,25.5,-0.68125,80.0,-54.5,-68.125,,1,,,,False,False,0,0,,,,1,0.0,,1,13.0,0.0,Unknown State,92.0,,1,0.4676215057010379,1,0.8822095750083363,2,0.9055660450660452,0.0227930402930402,0.0716409146409146,0.9055660450660452
2850cb77208b357a,2024-04-30,PATCH DOUBLING.,Ongoing,General,Unknown Agency,,0,906.46,10.0,4.0,902.46,1000.0,,1,,,,False,False,0,0,,,,1,0.0,,2,8.0,0.0,Unknown State,176.0,,1,0.4650773793881597,0,0.4324157287314466,2,0.5760937453069808,0.3048665125723949,0.1190397421206244,0.5760937453069808
2855a53f60b9ed28,2024-04-30,SHOULDERS CONFIGURATION OF PADERU-GONDIGUDA SECT,Ongoing,General,Unknown Agency,,0,3.0,0.5,2.0,1.0,50.0,,1,,,,False,False,0,0,,,,1,0.0,,1,-1.0,0.0,Unknown State,72.0,,1,0.4709282981101315,1,0.858400084101166,2,0.9084905282625872,0.0678592885872297,0.0236501831501831,0.9084905282625872
2898a19b057fc2a3,2024-04-30,MERANGKONG-TAMLU-MON ROAD FROM EXISTING KM 41.065 TO,Ongoing,General,Unknown Agency,,0,120.0,0.1299435028248587,106.2,13.799999999999995,12.994350282485872,,0,,,,False,True,0,0,,,,1,0.0,,1,-6.0,0.0,Unknown State,82.0,,1,0.4663341460274881,1,0.8090517834180244,2,0.731281134714958,0.2025880051321227,0.0661308601529189,0.731281134714958
28f07c15834b1b37,2024-04-30,(PKG- 4A),Ongoing,General,Unknown Agency,,0,3.0,-0.9888888888888888,270.0,-267.0,-98.88888888888889,,1,,,,False,False,0,0,,,,1,0.0,,1,2.0,0.0,Unknown State,51.0,,1,0.5077075223997684,1,0.8957400959318997,2,0.9486744505494508,0.006304945054945,0.0450206043956043,0.9486744505494508
2946954d17f24336,2024-04-30,NEW GARIA VIA RAJARHAT (MTP),Ongoing,General,Indian Railways (MTP),,0,631.78,10.0,3.0,628.78,1000.0,,1,,,,False,False,0,0,,,,1,0.0,,2,23.0,0.0,Unknown State,216.0,,0,0.4353525489810008,0,0.4968278668565868,2,0.5823992731125085,0.3777169856287504,0.0398837412587412,0.5823992731125085
2a41695bc2991738,2024-04-30,(DESIGN LENGTH 42.934 KM) UNDER BH,Ongoing,General,Unknown Agency,,0,2.0,1.0,1.0,1.0,100.0,,1,,,,False,False,0,0,,,,1,0.0,,1,20.0,0.0,Unknown State,35.0,,1,0.4996946416504231,1,0.8695964893283363,2,0.8679709791842142,0.1279905592773239,0.0040384615384615,0.8679709791842142
2a42ebde6580969d,2024-04-30,PURULIA TO KOTSHILA DOUBLING  (39.1 KM),Ongoing,General,Unknown Agency,,0,177.03,10.0,12.0,165.03,1000.0,,1,,,,False,False,0,0,,,,1,0.0,,2,8.0,0.0,Unknown State,24.0,,1,0.5187397542800776,1,0.6544491236389848,2,0.6956804070112894,0.2546445180636357,0.0496750749250749,0.6956804070112894
2a4b8d49f6a1477b,2024-04-30,),Ongoing,General,Unknown Agency,,0,43.0,2.583333333333334,12.0,31.0,258.33333333333337,,1,,,,False,False,0,0,,,,1,0.0,,1,8.0,0.0,Unknown State,0.0,,1,0.5356251863621323,1,0.8640812477851317,2,0.8997914081532501,0.0644354205735784,0.0357731712731712,0.8997914081532501
2a4eeea711db85b9,2024-04-30,"SEWER NETWORKS,  SPS AND STP, MUNGER",Ongoing,General,Unknown Agency,,0,236.15,10.0,11.0,225.15,1000.0,,1,,,,False,False,0,0,,,,1,0.0,,2,-4.0,0.0,MUNGER -,61.0,,1,0.4844224438637522,1,0.6597154055361689,2,0.7277449037890215,0.1837602397602397,0.0884948564507388,0.7277449037890215
2a70dc9e84d69b21,2024-04-30,KEIFANG - TUVAI PKG-1,Ongoing,General,Unknown Agency,,0,85.76,-0.5384284176533908,185.8,-100.04,-53.84284176533908,,1,,,,False,False,0,0,,,,1,0.0,,1,2.0,0.0,Unknown State,15.0,,1,0.5289946870519872,1,0.8849033434584261,2,0.8484316606596018,0.0559024635495223,0.0956658757908757,0.8484316606596018
2ac393602b1bc19f,2024-04-30,.900 ) OF MOHOL – ALANDI S,Ongoing,General,Unknown Agency,,0,2.0,1.0,1.0,1.0,100.0,,1,,,,False,False,0,0,,,,1,0.0,,1,1.0,0.0,Unknown State,24.0,,1,0.5295471377859339,1,0.8695964893283363,2,0.8854161859382446,0.0926002975782387,0.0219835164835164,0.8854161859382446
2b3e549866d210fb,2024-04-30,WHITEFIELD-KOLAR (52.9 KM),Ongoing,General,Unknown Agency,,0,663.03,10.0,6.0,657.03,1000.0,,1,,,,False,False,0,0,,,,1,0.0,,2,5.0,0.0,Unknown State,63.0,,1,0.4888891368629613,0,0.4377917796394317,2,0.4452491936168408,0.4299583333333334,0.1247924730498259,0.4452491936168408
2b4767035dab00a5,2024-04-30,KM 42+500) (PART OF AMBALA-KO,Ongoing,General,Unknown Agency,,0,2.0,1.0,1.0,1.0,100.0,,1,,,,False,False,0,0,,,,1,0.0,,1,20.0,0.0,Unknown State,35.0,,1,0.4996946416504231,1,0.8695964893283363,2,0.8679709791842142,0.1279905592773239,0.0040384615384615,0.8679709791842142
2b771ad91d352488,2024-04-30,NEW MUNDRA-PANIPAT CRUDE OIL PIPELINE,Ongoing,General,Unknown Agency,,0,564.0,10.0,3.0,561.0,1000.0,,1,,,,False,False,0,0,,,,1,0.0,,2,8.0,0.0,Unknown State,33.0,,1,0.5114426374634397,0,0.4246882725344104,2,0.6786279888412242,0.2106586787395611,0.1107133324192147,0.6786279888412242
2b922764a40f6542,2024-04-30,NEAR BERHAMPUR TOWN INCLUDING,Ongoing,General,Unknown Agency,,0,423.15,-0.7904160475482912,2019.0,-1595.85,-79.04160475482912,,1,,,,False,False,0,0,,,,1,0.0,,2,7.0,0.0,Unknown State,59.0,,1,0.5053310971055631,1,0.7091513698074706,2,0.6531464075140547,0.1136568480539069,0.2331967444320386,0.6531464075140547
2ba2d6051d8a3ef5,2024-04-30,BHUBANESWARI EXPANSION OCP,Ongoing,General,Unknown Agency,,0,8.0,-0.68,25.0,-17.0,-68.0,,1,,,,False,False,0,0,,,,1,0.0,,1,83.0,0.0,Unknown State,127.0,,0,0.4369092823714594,1,0.8858292409449351,2,0.8157097347097348,0.1666789321789321,0.0176113331113331,0.8157097347097348
2bbb5a3ca476c672,2024-04-30,KM)},Ongoing,General,Unknown Agency,,0,2.0,1.0,1.0,1.0,100.0,,1,,,,False,False,0,0,,,,1,0.0,,1,14.0,0.0,Unknown State,207.0,,1,0.464134578777883,1,0.8695964893283363,2,0.949688053776289,0.028392532304297,0.0219194139194139,0.949688053776289
2bdcbcf6da52e2ba,2024-04-30,(LEDO) ON EXISTING DIBRUGARH TO,Ongoing,General,LEDO,,0,516.88,10.0,1.0,515.88,1000.0,,1,,,,False,False,0,0,,,,1,0.0,,2,20.0,0.0,Unknown State,35.0,,1,0.4786299089191189,0,0.4846038589775625,2,0.56809819755408,0.3858086039777216,0.0460931984681984,0.56809819755408
2bdf09c8882c8048,2024-04-30,TAMENGLONG - MAHUR PKG-1,Ongoing,General,Unknown Agency,,0,191.88,3.797,40.0,151.88,379.7,,1,,,,False,False,0,0,,,,1,0.0,,2,2.0,0.0,Unknown State,18.0,,1,0.523128094158368,1,0.6667219556170779,2,0.6462984768499476,0.2596871584298055,0.094014364720247,0.6462984768499476
2bf18182bbd03252,2024-04-30,CHENNAI AS RESITEMENT OF EXISTING FACI,Ongoing,General,Unknown Agency,,0,1.0,-0.9995059288537548,2024.0,-2023.0,-99.95059288537549,,1,,,,False,False,0,0,,,,1,0.0,,1,4.0,0.0,Unknown State,46.0,,1,0.5213198006153883,1,0.8428268894617174,2,0.7910465261862321,0.1282712842712842,0.0806821895424836,0.7910465261862321
2c0706d4d75981e1,2024-04-30,LATA-TAPOVAN HYDRO ELECTRIC POWER PROJECT 3X57 MW,Ongoing,General,Unknown Agency,,0,5.0,-0.5454545454545454,11.0,-6.0,-54.54545454545454,,1,,,,False,False,0,0,,,,1,0.0,,1,-80.0,0.0,Unknown State,15.0,,1,0.5374368040005549,1,0.9010518144173792,2,0.9367218892218891,0.0360841658341658,0.0271939449439449,0.9367218892218891
2c33796e90e10068,2024-04-30,I AND D AND STP WORKS FOR BHAGALPUR,Ongoing,General,Unknown Agency,,0,2024.0,10.0,150.0,1874.0,1000.0,,1,,,,False,False,0,0,,,,1,0.0,,3,-1.0,0.0,Unknown State,77.0,,1,0.4701837103461152,0,0.2820056468116033,0,0.5008226079476079,0.5008226079476079,0.2317152014652014,0.2674621905871905
2ca3c2cc12fbbaa4,2024-04-30,SHIROD SHAHPURER TO NANDED,Ongoing,General,Unknown Agency,,0,12.0,0.3333333333333332,9.0,3.0,33.33333333333333,,1,,,,False,False,0,0,,,,1,0.0,,1,-4.0,0.0,Unknown State,51.0,,1,0.5130398535029393,1,0.8602815895687401,2,0.9239292562013148,0.0530389977669389,0.023031746031746,0.9239292562013148
2cb2f345479a0ccd,2024-04-30,OF SPUR] (AKLOLI - AMNE),Ongoing,General,AKLOLI - AMNE,,0,1124.0,10.0,2.0,1122.0,1000.0,,1,,,,False,False,0,0,,,,1,0.0,,3,1.0,0.0,Unknown State,0.0,,1,0.5217494245760977,0,0.3311944034387136,2,0.5112443038987157,0.3956927133324193,0.0930629827688651,0.5112443038987157
2cb855906220f430,2024-04-30,DESIGN KM.0.000 TO KM 4.000] AND UPG,Ongoing,General,Unknown Agency,,0,294.84,10.0,4.0,290.84,1000.0,,1,,,,False,False,0,0,,,,1,0.0,,2,-1.0,0.0,Unknown State,47.0,,1,0.507957116436312,1,0.6016052613900401,2,0.6256498697381052,0.3326181955299603,0.0417319347319347,0.6256498697381052
2cdca7d3525fd6d3,2024-04-30,KURAOPOKPI TO SEKMAI SECTI,Ongoing,General,Unknown Agency,,0,6.0,-0.25,8.0,-2.0,-25.0,,1,,,,False,False,0,0,,,,1,0.0,,1,2.0,0.0,Unknown State,22.0,,1,0.5364789843806856,1,0.8789088088149388,2,0.9076022727272725,0.0666845238095238,0.0257132034632034,0.9076022727272725
2ced6cb2be35e529,2024-04-30,KM 176.00 OF NH-201 (PRESENT,Ongoing,General,Unknown Agency,,0,263.19,10.0,3.0,260.19,1000.0,,1,,,,False,False,0,0,,,,1,0.0,,2,13.0,0.0,Unknown State,50.0,,1,0.5058475844445716,1,0.6323727917601941,2,0.6549044966471439,0.2956653085476615,0.0494301948051948,0.6549044966471439
2d1bf81e8188f875,2024-04-30,Joint Venture(HPOIL Gas Pvt. Ltd),Ongoing,General,HPOIL GAS PVT. LTD,,0,15.0,-0.8492310785003518,99.49,-84.49,-84.92310785003518,,1,,,,False,False,1,0,,,,1,0.0,,1,11.0,0.0,Unknown State,-2.0,,1,0.5943774358519943,1,0.8898799513677902,2,0.933814713064713,0.0352261904761904,0.0309590964590964,0.933814713064713
2d774f6a5b13f0ca,2024-04-30,SATARA MURVAD PILLOV PANDHARPUR,Ongoing,General,Unknown Agency,,0,223.5,10.0,12.0,211.5,1000.0,,1,,,,False,False,0,0,,,,1,0.0,,2,2.0,0.0,Unknown State,90.0,,1,0.4677251452471281,1,0.620536989575537,2,0.745112687965629,0.2106676109837874,0.0442197010505834,0.745112687965629
2d846533b6bd0d65,2024-04-30,WARDHA-SEWAGRAM NGP 3RD LINE,Ongoing,General,Unknown Agency,,0,3737.52,7.063863298021532,463.49,3274.03,706.3863298021531,,1,,,,False,False,0,0,,,,1,0.0,,3,11.0,0.0,Unknown State,12.0,,1,0.5330543245951047,0,0.2966759633725311,0,0.3457674408924409,0.3457674408924409,0.3096947913197912,0.3445377677877678
2d92ec64fb77fc02,2024-04-30,.0 MMTPA,Ongoing,General,Unknown Agency,,0,38231.0,10.0,31.0,38200.0,1000.0,,1,,,,False,False,0,0,,,,1,0.0,,3,23.0,0.0,Unknown State,18.0,,1,0.5026750189848054,0,0.2913761296053766,0,0.503898434898435,0.503898434898435,0.1704909673659673,0.3256105977355977
2d96d0ed2552b423,2024-04-30,TEESTA VI HE PROJECT,Ongoing,General,Unknown Agency,,0,938.29,10.0,3.0,935.29,1000.0,,1,,,,False,False,0,0,,,,1,0.0,,2,44.0,0.0,Unknown State,81.0,,0,0.4415942043983191,0,0.4392793650950828,2,0.5372915695415695,0.40917007992008,0.0535383505383505,0.5372915695415695
2e2153e861594395,2024-04-30,RCE,Ongoing,General,Unknown Agency,,0,2.0,1.0,1.0,1.0,100.0,,1,,,,False,False,0,0,,,,1,0.0,,1,23.0,0.0,Unknown State,128.0,,0,0.4479084075062776,1,0.8695964893283363,2,0.8615265347397697,0.1344350037217684,0.0040384615384615,0.8615265347397697
2e663e3cd3b8ee91,2024-04-30,JAUNPUR  AKBARPUR (TANDA) DOUBLING,Ongoing,General,TANDA,,0,2500.0,10.0,3.0,2497.0,1000.0,,1,,,,False,False,0,0,,,,1,0.0,,3,11.0,0.0,Unknown State,360.0,,1,0.4601290407232462,0,0.3052872233008993,0,0.4258677703015939,0.4258677703015939,0.1826400266400266,0.3914922030583795
2eb9eb6d3c63cfba,2024-04-30,MUDDANUR OF NH67,Ongoing,General,Unknown Agency,,0,514.22,10.0,3.0,511.22,1000.0,,1,,,,False,False,0,0,,,,1,0.0,,2,16.0,0.0,Unknown State,41.0,,1,0.4993776224447478,0,0.4348038221160948,2,0.5935106282606284,0.3391472971472972,0.0673420745920745,0.5935106282606284
2ebf3f9cad1b339c,2024-04-30,DISTRICT,Ongoing,General,Unknown Agency,,0,980.45,10.0,9.0,971.45,1000.0,,1,,,,False,False,0,0,,,,1,0.0,,2,53.0,0.0,Unknown State,72.0,,0,0.4397847422188388,0,0.4332240570884131,0,0.5320480981436863,0.5320480981436863,0.0469033091091914,0.421048592747122
2ecbfc7593d0410c,2024-04-30,MAYLADUTHURAI-THIRUVARUR-KARAIKUDI-THIRU 'PONDI'-AGASTIYAMPALLI,Ongoing,General,Unknown Agency,,0,600.82,10.0,12.0,588.82,1000.0,,1,,,,False,False,0,0,,,,1,0.0,,2,35.0,0.0,Unknown State,195.0,,0,0.4331196014418508,0,0.4403212799355013,2,0.490730697106471,0.4428645398289362,0.0664047630645928,0.490730697106471
2f03b8cfce0d925d,2024-04-30,PRADESH KM 68/4 TO 142/200,Ongoing,General,Unknown Agency,,0,344.79,10.0,3.0,341.79,1000.0,,1,,,,False,False,0,0,,,,1,0.0,,2,2.0,0.0,Unknown State,39.0,,1,0.5075031671289145,1,0.5442813114622942,2,0.6778498184821717,0.2773317083243554,0.0448184731934731,0.6778498184821717
2f5d471a3876bc7e,2024-04-30,(CH.314.600) TO MUPPAVARAM (CH.343+240) O,Ongoing,General,Unknown Agency,,0,747.29,10.0,2.0,745.29,1000.0,,1,,,,False,False,0,0,,,,1,0.0,,2,22.0,0.0,Unknown State,24.0,,1,0.4928516705150007,0,0.4728488252277696,2,0.5900839022089023,0.352037851037851,0.0578782467532467,0.5900839022089023
2f8a8aeefa08472c,2024-04-30,AND GEOMETRIC IMPROVEMENTS FRO,Ongoing,General,Unknown Agency,,0,6.0,1.0,3.0,3.0,100.0,,1,,,,False,False,0,0,,,,1,0.0,,1,2.0,0.0,Unknown State,0.0,,1,0.5375130974622079,1,0.8616098856687312,2,0.9193343045843044,0.055800616050616,0.0248650793650793,0.9193343045843044
2fbc87f942b161e0,2024-04-30,REORGANISATION UG MINE,Ongoing,General,Unknown Agency,,0,2.0,1.0,1.0,1.0,100.0,,1,,,,False,False,0,0,,,,1,0.0,,1,47.0,0.0,Unknown State,104.0,,0,0.4415296802421185,1,0.8695964893283363,2,0.931722186310421,0.0610085829203476,0.0072692307692307,0.931722186310421
2fce02bf027a8282,2024-04-30,DAHEGAON TO KUHI,Ongoing,General,Unknown Agency,,0,12.0,0.0,12.0,0.0,0.0,,1,,,,False,False,0,0,,,,1,0.0,,1,-4.0,0.0,Unknown State,0.0,,1,0.5368162189407485,1,0.871743850995867,2,0.9215058201602316,0.0542679893635775,0.0242261904761904,0.9215058201602316
2fcf0383f1005cb4,2024-04-30,LANE/INTERMEDIATE LANE TO 2LANE WITH PAVED S,Ongoing,General,Unknown Agency,,0,266.52,10.0,1.0,265.52,1000.0,,1,,,,False,False,0,0,,,,1,0.0,,2,-52.0,0.0,Unknown State,35.0,,1,0.5071144012298139,1,0.6239922816749971,2,0.5126917804417803,0.4020394466644467,0.0852687728937728,0.5126917804417803
2ffd265636a581df,2024-04-30,MERANGKONG-TAMLU-MON (MTM) PKG-5,Ongoing,General,MTM,,0,294.04,10.0,8.0,286.04,1000.0,,0,,,,False,True,0,0,,,,1,0.0,,2,-1.0,0.0,Unknown State,43.0,,1,0.5020906734275586,1,0.5784531092779995,2,0.5903645749675163,0.3605366488087076,0.0490987762237762,0.5903645749675163
300f66dff3baa15b,2024-04-30,"FACILITY OF ONGC, GOA",Ongoing,General,Unknown Agency,,0,12366.0,10.0,1.0,12365.0,1000.0,,1,,,,False,False,0,0,,,,1,0.0,,3,7.0,0.0,GOA -,70.0,,1,0.4726939969859821,0,0.341094972676714,1,0.6019531032692796,0.121615559277324,0.6019531032692796,0.2764313374533962
303eeae9173b62ff,2024-04-30,.400 TO KM 53.500 SECTION OF NE-7 (M,Ongoing,General,Unknown Agency,,0,925.0,10.0,2.0,923.0,1000.0,,1,,,,False,False,0,0,,,,1,0.0,,2,2.0,0.0,Unknown State,40.0,,1,0.5078076125224495,0,0.4377027280366238,2,0.5144070431202785,0.3715620253929076,0.1140309314868138,0.5144070431202785
30625892ed98e168,2024-04-30,ON EPC BASIS.,Ongoing,General,Unknown Agency,,0,201.99,10.0,6.0,195.99,1000.0,,1,,,,False,False,0,0,,,,1,0.0,,2,2.0,0.0,Unknown State,48.0,,1,0.5070649348533123,1,0.6399575527283077,2,0.700810853362324,0.262023017015664,0.0371661296220119,0.700810853362324
307d2d4aa6f790d3,2024-04-30,SELDOH TO PANVAR,Ongoing,General,Unknown Agency,,0,195.0,0.5234375,128.0,67.0,52.34375,,1,,,,False,False,0,0,,,,1,0.0,,2,-1.0,0.0,Unknown State,86.0,,1,0.4672347767296155,1,0.6853253265661873,2,0.7512992269168741,0.1867935789700494,0.0619071941130764,0.7512992269168741
308ca5e260830cc8,2024-04-30,ARUNACHAL PRADESH,Ongoing,General,Unknown Agency,,0,412.24,10.0,6.0,406.24,1000.0,,1,,,,False,False,0,0,,,,1,0.0,,2,2.0,0.0,Unknown State,96.0,,1,0.4670907698844694,0,0.4764040155076118,2,0.6398527738601267,0.2981103879780349,0.0620368381618381,0.6398527738601267
30aa9f57e62007cb,2024-04-30,KM. 80.970 TO 96.970 TO 2,Ongoing,General,Unknown Agency,,0,343.77,0.3102488851621754,262.37,81.39999999999998,31.024888516217548,,1,,,,False,False,0,0,,,,1,0.0,,2,5.0,0.0,Unknown State,0.0,,1,0.5240909172298487,1,0.5734855490119136,2,0.7305397421206244,0.1990798327489503,0.0703804251304251,0.7305397421206244
30b254702ae97b82,2024-04-30,TO KAVULAKUNTLA 196.000 KM. PACK,Ongoing,General,Unknown Agency,,0,2.0,1.0,1.0,1.0,100.0,,1,,,,False,False,0,0,,,,1,0.0,,1,18.0,0.0,Unknown State,32.0,,1,0.507813504840034,1,0.8695964893283363,2,0.9012447887080236,0.0947167497535144,0.0040384615384615,0.9012447887080236
30cb752415f5c488,2024-04-30,PART REPLACEMENT PIPELINE PROJECT (PRPP),Ongoing,General,PRPP,,0,3.0,0.0,3.0,0.0,0.0,,1,,,,False,False,1,0,,,,1,0.0,,1,1.0,0.0,Unknown State,-94.0,,1,0.600805372067737,1,0.8720689017469085,2,0.925061942959002,0.0623712072241483,0.0125668498168498,0.925061942959002
30f21bdab3580dfc,2024-04-30,FROM KM.43.700 TO KM 113.820,Ongoing,General,Unknown Agency,,0,350.69,10.0,1.0,349.69,1000.0,,1,,,,False,False,0,0,,,,1,0.0,,2,9.0,0.0,Unknown State,24.0,,1,0.5188544582554502,1,0.5089546597134889,2,0.6197285549417902,0.3146434480552127,0.065627997002997,0.6197285549417902
30fff040a8bde0cc,2024-04-30,MHN TCPP PGC BGC PROJECT (MTPBP),Ongoing,General,MTPBP,,0,2.0,1.0,1.0,1.0,100.0,,1,,,,False,False,0,0,,,,1,0.0,,1,25.0,0.0,Unknown State,38.0,,1,0.4825727375556832,1,0.8714549997304454,2,0.9254313325563324,0.0662994366744366,0.0082692307692307,0.9254313325563324
31098901b19b3cac,2024-04-30,(AJ/DRGB-PACKAGE-8),Ongoing,General,Unknown Agency,,0,899.0,10.0,7.0,892.0,1000.0,,1,,,,False,False,0,0,,,,1,0.0,,2,1.0,0.0,Unknown State,46.0,,1,0.5073874282226359,0,0.433844300160018,0,0.4950078342709921,0.4950078342709921,0.1123437206068785,0.3926484451221294
3171005806b3032b,2024-04-30,NEW BG LINE FROM BALURGHAT TO HILLY NFR,Ongoing,General,Unknown Agency,,0,2326.52,10.0,4.0,2322.52,1000.0,,1,,,,False,False,0,0,,,,1,0.0,,3,35.0,0.0,Unknown State,251.0,,0,0.4455423663849385,0,0.2872797391587702,0,0.5795394758750022,0.5795394758750022,0.1133598484848484,0.3071006756401492
3184e2f129c68fb5,2024-04-30,-CD (PACKAGE – OD-2),Ongoing,General,Unknown Agency,,0,1401.87,10.0,7.0,1394.87,1000.0,,1,,,,False,False,0,0,,,,1,0.0,,3,2.0,0.0,Unknown State,35.0,,1,0.5093654287774615,0,0.2959882079089365,0,0.5227492733874314,0.5227492733874314,0.1042258939890518,0.3730248326235167
318de0faf6b88803,2024-04-30,configuration from existing km. 122.00,Ongoing,General,Unknown Agency,,0,11.0,0.5714285714285714,7.0,4.0,57.14285714285714,,0,,,,False,True,0,0,,,,1,0.0,,1,-53.0,0.0,Unknown State,24.0,,1,0.527883273536778,1,0.8168538473090754,2,0.7622952790673376,0.1971949390478802,0.0405097818847818,0.7622952790673376
31a81aef151dd97c,2024-04-30,KM 0.000 TO KM 6.140 [EFFECTIVE,Ongoing,General,Unknown Agency,,0,1159.96,-0.4263303659742828,2022.0,-862.04,-42.63303659742829,,1,,,,False,False,0,0,,,,1,0.0,,3,4.0,0.0,Unknown State,0.0,,1,0.543223458767572,1,0.5177181793451734,2,0.4291560139207198,0.1979759546009546,0.3728680314783256,0.4291560139207198
31addc0f9a245757,2024-04-30,TO    (NATIONAL HIGHWAYS AUTHORITY OF INDIA),Ongoing,General,NATIONAL HIGHWAYS AUTHORITY OF INDIA,,0,2024.0,10.0,150.0,1874.0,1000.0,,1,,,,False,False,0,0,,,,1,0.0,,3,-25.0,0.0,Unknown State,0.0,,1,0.5227598847308037,0,0.3014349105155793,0,0.5069064244578949,0.5069064244578949,0.1825785325785325,0.3105150429635724
32168795335a534a,2024-04-30,-DD (VADGAON - KATRAJ - KO,Ongoing,General,Unknown Agency,,0,256.54,10.0,7.0,249.54,1000.0,,1,,,,False,False,0,0,,,,1,0.0,,2,-1.0,0.0,Unknown State,32.0,,1,0.5084936996314959,1,0.6375303009177034,2,0.6407529778443092,0.3125185335390443,0.0467284886166465,0.6407529778443092
3221e6abf345b5b6,2024-04-30,OF OLD NH-20 (NEW NH-154),Ongoing,General,Unknown Agency,,0,606.51,10.0,2.0,604.51,1000.0,,1,,,,False,False,0,0,,,,1,0.0,,2,1.0,0.0,Unknown State,51.0,,1,0.500003904349557,0,0.4240165135902193,2,0.4787105729238082,0.3923035200094023,0.1289859070667894,0.4787105729238082
3233635eb1df3413,2024-04-30,TO KM 34.14 OF NH-44-RCW,Ongoing,General,Unknown Agency,,0,2200.93,10.0,3.0,2197.93,1000.0,,1,,,,False,False,0,0,,,,1,0.0,,3,5.0,0.0,Unknown State,42.0,,1,0.5131908095226587,0,0.2872797391587702,0,0.4867286545154193,0.4867286545154193,0.2043921919583683,0.3088791535262123
32af785f1e1c3d87,2024-04-30,SAMANA-PATRAN ROAD (SH-1,Ongoing,General,Unknown Agency,,0,42.0,7.4,5.0,37.0,740.0,,1,,,,False,False,0,0,,,,1,0.0,,1,1.0,0.0,Unknown State,0.0,,1,0.5345227883900295,1,0.8333229669164615,2,0.8584084022702443,0.0873899660281239,0.0542016317016317,0.8584084022702443
32bd5ad9de1c747c,2024-04-30,POWER RECOVERY TURBINE IN PFCCU,Ongoing,General,Unknown Agency,,0,1295.0,10.0,3.0,1292.0,1000.0,,1,,,,False,False,0,0,,,,1,0.0,,3,15.0,0.0,Unknown State,40.0,,1,0.5055622434689817,0,0.3026548745756032,2,0.5420784354534355,0.3702036713286712,0.0877178932178932,0.5420784354534355
32d379977f4a4e19,2024-04-30,LENGTH 56.569 K,Ongoing,General,Unknown Agency,,0,3.0,2.0,1.0,2.0,200.0,,1,,,,False,False,0,0,,,,1,0.0,,1,8.0,0.0,Unknown State,81.0,,1,0.4731339590427244,1,0.8614886177933346,2,0.8771555527805526,0.0935393911643911,0.029305056055056,0.8771555527805526
3310ee94d28f99db,2024-04-30,CITY (PRAT,Ongoing,General,Unknown Agency,,0,255.23,10.0,3.0,252.23,1000.0,,1,,,,False,False,0,0,,,,1,0.0,,2,8.0,0.0,Unknown State,57.0,,1,0.4987939240351656,1,0.6323727917601941,2,0.6178656090641387,0.3399977359242065,0.042136655011655,0.6178656090641387
33198c1c38f14129,2024-04-30,JALANDHAR-AMRITSAR HIGHWAY (NH-3) NEA,Ongoing,General,Unknown Agency,,0,617.87,10.0,10.0,607.87,1000.0,,1,,,,False,False,0,0,,,,1,0.0,,2,14.0,0.0,Unknown State,32.0,,1,0.5103088949923543,0,0.4307501791547636,2,0.4572549073733283,0.4283077412353729,0.1144373513912987,0.4572549073733283
33334501a6aefe97,2024-04-30,K (AJ-RGBS-PACKAGE-4),Ongoing,General,Unknown Agency,,0,766.2,0.0184766715406089,752.3,13.900000000000093,1.847667154060892,,1,,,,False,False,0,0,,,,1,0.0,,2,1.0,0.0,Unknown State,9.0,,1,0.5226945324707873,1,0.500200674338275,2,0.665023339448649,0.2588466998687586,0.0761299606825922,0.665023339448649
33442572f7239566,2024-04-30,AUGUMENTATION OF SALAYA MATHURA CRUDE OIL PIPELINE SYSTEM,Ongoing,General,Unknown Agency,,0,16654.0,10.0,12.0,16642.0,1000.0,,1,,,,False,False,0,0,,,,1,0.0,,3,1.0,0.0,Unknown State,17.0,,1,0.5292388665160204,0,0.2911015089532413,0,0.558324467199467,0.558324467199467,0.1490983044733043,0.2925772283272282
33540f81e78f6a16,2024-04-30,GANESHPUR – DEHRADUN SECTION FROM,Ongoing,General,Unknown Agency,,0,1604.06,10.0,19.0,1585.06,1000.0,,1,,,,False,False,0,0,,,,1,0.0,,3,2.0,0.0,Unknown State,1.0,,1,0.5306378064290782,0,0.3019483534067582,0,0.5447584776334776,0.5447584776334776,0.1538139083139082,0.3014276140526141
335c576c15828477,2024-04-30,PATNA-MUZZAFFARPUR,Ongoing,General,Unknown Agency,,0,2.0,-0.5,4.0,-2.0,-50.0,,1,,,,False,False,0,0,,,,1,0.0,,1,2.0,0.0,Unknown State,52.0,,1,0.5127815560642482,1,0.9027260288787337,2,0.9574647852147852,0.0189523809523809,0.0235828338328338,0.9574647852147852
335ccccf60bc6f82,2024-04-30,KM.30.000 TO 57.346 UNDER GNHCP,Ongoing,General,Unknown Agency,,0,172.5,10.0,4.0,168.5,1000.0,,1,,,,False,False,0,0,,,,1,0.0,,2,3.0,0.0,Unknown State,51.0,,1,0.5030929452393536,1,0.6705017273720328,2,0.7066351679366385,0.2568784948711419,0.0364863371922195,0.7066351679366385
337b7220d899e20b,2024-04-30,STEEL PLANT,Ongoing,General,Unknown Agency,,0,11.0,0.2222222222222222,9.0,2.0,22.22222222222222,,1,,,,False,False,0,0,,,,1,0.0,,1,26.0,0.0,Unknown State,19.0,,1,0.5031864895590794,1,0.8567514256529875,2,0.9235450244200242,0.0713801892551892,0.0050747863247863,0.9235450244200242
338a09b232bdc272,2024-04-30,KM 414.205 OF NH150 A,Ongoing,General,Unknown Agency,,0,1249.0,10.0,3.0,1246.0,1000.0,,0,,,,False,False,0,0,,,,1,0.0,,3,6.0,0.0,Unknown State,43.0,,1,0.5114146778454034,0,0.2993215412422698,0,0.4376998638616286,0.4376998638616286,0.1273136854975089,0.4349864506408624
33a44fcecc87bded,2024-04-30,KUMBALAM-THURAVUR - PATCH DOUBLING (15.59 KM),Ongoing,General,Unknown Agency,,0,372.0,10.0,3.0,369.0,1000.0,,1,,,,False,False,0,0,,,,1,0.0,,2,29.0,0.0,Unknown State,18.0,,1,0.4878217165932228,1,0.5075463886950938,2,0.5861108519103875,0.3783905592601412,0.0354985888294711,0.5861108519103875
33a6b9893b32f9fa,2024-04-30,KM.786 TO KM.978.40,Ongoing,General,Unknown Agency,,0,230.0,0.0341726618705035,222.4,7.599999999999994,3.417266187050357,,1,,,,False,False,0,0,,,,1,0.0,,2,2.0,0.0,Unknown State,27.0,,1,0.5122829246726333,1,0.6535932458765111,2,0.7045217511246922,0.2135723492194079,0.0819058996558996,0.7045217511246922
33cb0b45e104f613,2024-04-30,NH-330,Ongoing,General,Unknown Agency,,0,154.49,10.0,1.0,153.49,1000.0,,1,,,,False,False,0,0,,,,1,0.0,,2,14.0,0.0,Unknown State,53.0,,1,0.5002128111398918,1,0.6813138926766708,2,0.7492791611982789,0.2027316613125436,0.0479891774891775,0.7492791611982789
33d7b103a2f82598,2024-04-30,NOAPARA-BARASAI VIA BIMANBANDER (MTP),Ongoing,General,Indian Railways (MTP),,0,12.0,-0.7073170731707318,41.0,-29.0,-70.73170731707317,,1,,,,False,False,0,0,,,,1,0.0,,1,-97.0,0.0,Unknown State,39.0,,1,0.5226314783796969,1,0.9011653713711736,2,0.9261326728826728,0.0551026751026751,0.018764652014652,0.9261326728826728
344f90698bc6f671,2024-04-30,(PKG-I),Ongoing,General,NHAI (Contract),,0,256.66,10.0,1.0,255.66000000000005,1000.0,,0,,,,False,True,0,0,,,,1,0.0,,2,-10.0,0.0,Unknown State,77.0,,1,0.4540432077405731,1,0.609659693866362,2,0.4977722522575463,0.4436484104131162,0.0585793373293373,0.4977722522575463
3450b5b1aaafd9ff,2024-04-30,ROB GURUGRAM),Ongoing,General,Unknown Agency,,0,2.0,1.0,1.0,1.0,100.0,,1,,,,False,False,0,0,,,,1,0.0,,1,-1.0,0.0,Unknown State,31.0,,1,0.5219463974753876,1,0.8695964893283363,2,0.8694720467441056,0.1085444367723779,0.0219835164835164,0.8694720467441056
345c4f2176d812c8,2024-04-30,RENIGUNTA WADI GOOTY - BYPASS,Ongoing,General,Unknown Agency,,0,1856.95,10.0,4.0,1852.95,1000.0,,1,,,,False,False,0,0,,,,1,0.0,,3,20.0,0.0,Unknown State,164.0,,1,0.4567870849027245,0,0.2879577052604651,2,0.5586231129981131,0.3443309884559885,0.0970458985458985,0.5586231129981131
34711f443da9ebf5,2024-04-30,VIJAYAWADA-GUDUR,Ongoing,General,Unknown Agency,,0,404.0,10.0,6.0,398.0,1000.0,,1,,,,False,False,0,0,,,,1,0.0,,2,8.0,0.0,Unknown State,186.0,,1,0.4634044373629135,0,0.4950213212909316,2,0.6711416557298909,0.2428256131123778,0.0860327311577311,0.6711416557298909
34873380e5e27da6,2024-04-30,OF NAGARJUNASAGAR DAM T,Ongoing,General,Unknown Agency,,0,4.0,-0.9980227385071676,2023.0,-2019.0,-99.80227385071676,,1,,,,False,False,0,0,,,,1,0.0,,1,1.0,0.0,Unknown State,1.0,,1,0.5347493367750654,1,0.8517543090866795,2,0.8639967426364485,0.0427377344877344,0.0932655228758169,0.8639967426364485
349485cb0c887f48,2024-04-30,MUKTSAR SAHIB TO MALOUT ROAD FROM,Ongoing,General,Unknown Agency,,0,317.74,10.0,3.0,314.74,1000.0,,1,,,,False,False,0,0,,,,1,0.0,,2,12.0,0.0,Unknown State,37.0,,1,0.5098303605790745,1,0.5738671552013682,2,0.6820929405561761,0.266470912257677,0.0514361471861471,0.6820929405561761
34a74fecb054d3b6,2024-04-30,(PKG- 2B),Ongoing,General,Unknown Agency,,0,216.49,10.0,3.0,213.49,1000.0,,1,,,,False,False,0,0,,,,1,0.0,,2,2.0,0.0,Unknown State,51.0,,1,0.5004333349993633,1,0.6345903474563979,2,0.6827358727873434,0.2698896642573113,0.0473744629553453,0.6827358727873434
34ec34eb181b6f69,2024-04-30,OF NH-57 INCLUDING LAND ACQUISITI,Ongoing,General,Unknown Agency,,0,314.32,10.0,8.0,306.32,1000.0,,1,,,,False,False,0,0,,,,1,0.0,,2,12.0,0.0,Unknown State,56.0,,1,0.500763019673439,1,0.5724678084484421,2,0.615259133023839,0.3284599811952753,0.0562808857808857,0.615259133023839
34fadfb459775852,2024-04-30,STATE BORDER (GREENFIELD) SECTION OF,Ongoing,General,GREENFIELD,,0,150.21,10.0,7.0,143.21,1000.0,,1,,,,False,False,0,0,,,,1,0.0,,2,18.0,0.0,Unknown State,39.0,,1,0.4877201689993993,1,0.6835706030263498,2,0.785654428904429,0.1873904428904429,0.0269551282051282,0.785654428904429
3545ddf9ab2d6681,2024-04-30,ALLAHABAD-BAMHRAULI - 4TH LINE (10 KM) WITH FLY-OVER AT SUBEDARGANJ,Ongoing,General,Unknown Agency,,0,266.0,10.0,6.0,260.0,1000.0,,1,,,,False,False,0,0,,,,1,0.0,,2,23.0,0.0,Unknown State,9.0,,1,0.4975107006495557,1,0.6268403770289744,2,0.609203296230773,0.351171703769227,0.039625,0.609203296230773
35520f32c8a3a732,2024-04-30,KARMA DOUBLING,Ongoing,General,Unknown Agency,,0,231.0,10.0,12.0,219.0,1000.0,,1,,,,False,False,0,0,,,,1,0.0,,2,42.0,0.0,Unknown State,10.0,,1,0.4881850083190073,1,0.6168311727654525,2,0.78849377011877,0.1838951187701187,0.0276111111111111,0.78849377011877
358b5a5cf2cfdad8,2024-04-30,INTEGARTION and  ANNUAL MAINTENANCE OF,Ongoing,General,Unknown Agency,,0,645.13,10.0,5.0,640.13,1000.0,,1,,,,False,False,0,0,,,,1,0.0,,2,14.0,0.0,Unknown State,25.0,,1,0.5180018262417856,0,0.4277917796394317,2,0.5135856504606506,0.3673058469308469,0.1191085026085026,0.5135856504606506
359c45c5562aead0,2024-04-30,"INTERCEPTION, DIVERSION AND  TREATMENT WORKS AT HOWRAH",Ongoing,General,Unknown Agency,,0,274.76,10.0,14.0,260.76,1000.0,,1,,,,False,False,0,0,,,,1,0.0,,2,-8.0,0.0,Unknown State,44.0,,1,0.5062202152091814,1,0.600646533631028,2,0.6513632037896745,0.2953235122720418,0.0533132839382839,0.6513632037896745
35a1e9ce1e6b0b9d,2024-04-30,[PACKAGE-IV],Ongoing,General,Unknown Agency,,0,4.0,-0.949367088607595,79.0,-75.0,-94.9367088607595,,1,,,,False,False,0,0,,,,1,0.0,,1,2.0,0.0,Unknown State,99.0,,1,0.4673813447883602,1,0.8926524511062263,2,0.9500857753357752,0.0163658424908424,0.0335483821733821,0.9500857753357752
35d2bb18078e69ce,2024-04-30,KAPURTHALA - SULTANPUR LODHI ROAD (NH,Ongoing,General,Unknown Agency,,0,1103.89,10.0,24.0,1079.89,1000.0,,1,,,,False,False,0,0,,,,1,0.0,,3,24.0,0.0,Unknown State,2.0,,1,0.5005929045284235,0,0.304320420600307,0,0.5634529407790275,0.5634529407790275,0.0717483024222154,0.3647987567987568
3625c8fc64455c59,2024-04-30,CENTERS WITH STATE OF THE ART,Ongoing,General,Unknown Agency,,0,1554.21,10.0,4.0,1550.21,1000.0,,1,,,,False,False,0,0,,,,1,0.0,,3,6.0,0.0,Unknown State,30.0,,1,0.5156606617575873,0,0.2966548745756031,2,0.4318854658413481,0.4238425642984467,0.1442719698602051,0.4318854658413481
369fb2f949fbeaf8,2024-04-30,DESIGN CHAINAGE KM 162.800 TO KM,Ongoing,General,Unknown Agency,,0,426.14,10.0,11.0,415.14,1000.0,,1,,,,False,False,0,0,,,,1,0.0,,2,21.0,0.0,Unknown State,50.0,,1,0.4800821712146267,0,0.4795296597461514,2,0.5300082695082695,0.4250035936285934,0.0449881368631368,0.5300082695082695
36c3405e672e3d62,2024-04-30,GOHA-KHELLANI PKG-3,Ongoing,General,Unknown Agency,,0,8.73,-0.6992766104030314,29.03,-20.3,-69.92766104030314,,1,,,,False,False,0,0,,,,1,0.0,,1,3.0,0.0,Unknown State,48.0,,1,0.5202529216106804,1,0.8858292409449351,2,0.935169871794872,0.0471071428571428,0.0177229853479853,0.935169871794872
36c6c1fe075a695f,2024-04-30,BATURA HIGHWALL PROJECT,Ongoing,General,Unknown Agency,,0,35.0,-0.0789473684210526,38.0,-3.0,-7.894736842105263,,1,,,,False,False,0,0,,,,1,0.0,,1,11.0,0.0,Unknown State,177.0,,1,0.4603141414894207,1,0.875146527709494,2,0.9076073232323232,0.0468988095238095,0.0454938672438672,0.9076073232323232
36e06512d6ca6e33,2024-04-30,NG (PKG-II),Ongoing,General,NHAI (Contract),,0,8.0,-0.98565151107524,557.55,-549.55,-98.565151107524,,1,,,,False,False,0,0,,,,1,0.0,,1,2.0,0.0,Unknown State,10.0,,1,0.5186045714126556,1,0.8609131137704051,2,0.9048033959504548,0.0581621107650519,0.0370344932844932,0.9048033959504548
36ea2c4e83b353c0,2024-04-30,MANUFACTURING FACILITY,Ongoing,General,Unknown Agency,,0,1614.0,10.0,10.0,1604.0,1000.0,,1,,,,False,False,0,0,,,,1,0.0,,3,1.0,0.0,Unknown State,43.0,,1,0.5095543353209625,0,0.2972216131329959,0,0.5977498473748473,0.5977498473748473,0.1146960816960816,0.2875540709290709
37068ec716497a31,2024-04-30,TH LINE - BHILAI-BHILAI NAGAR (8.8 KM) (PB#72/NR/2022-23),Ongoing,General,Unknown Agency,,0,67.2,-0.8029325513196481,341.0,-273.8,-80.29325513196481,,1,,,,False,False,0,0,,,,1,0.0,,1,29.0,0.0,Unknown State,182.0,,0,0.4295106970307906,1,0.8833736223484984,2,0.8480757388036799,0.0564079025549613,0.0955163586413586,0.8480757388036799
370bcdd32ba9158e,2024-04-30,PKG-4 (KANAI-RONGARA),Ongoing,General,KANAI-RONGARA,,0,292.8,10.0,0.8,292.0,1000.0,,1,,,,False,False,0,0,,,,1,0.0,,2,2.0,0.0,Unknown State,25.0,,1,0.5089522827647425,1,0.6207329374427007,2,0.6216029150587974,0.3319783370224546,0.0464187479187479,0.6216029150587974
375302042465bac2,2024-04-30,UNIVERSITY CAMPUS FROM CH 2/250 TO 5/10,Ongoing,General,Unknown Agency,,0,2.0,1.0,1.0,1.0,100.0,,1,,,,False,False,0,0,,,,1,0.0,,1,0.0,0.0,Unknown State,109.0,,1,0.4692355956481265,1,0.8695964893283363,2,0.8694720467441056,0.1085444367723779,0.0219835164835164,0.8694720467441056
3777c93822349736,2024-04-30,REALIGNMENT (GREENFIELD ALIGNMENT),Ongoing,General,GREENFIELD ALIGNMENT,,0,2.0,1.0,1.0,1.0,100.0,,1,,,,False,False,0,0,,,,1,0.0,,1,9.0,0.0,Unknown State,52.0,,1,0.5090144826952119,1,0.8714549997304454,2,0.9657591158841156,0.0233214701964701,0.0109194139194139,0.9657591158841156
378d8d695018f4d3,2024-04-30,"LPS OF BIJNOR TO KOTAWALI SECTION OF NH-709AD, PKG-IV",Ongoing,General,Unknown Agency,,0,949.0,10.0,12.0,937.0,1000.0,,1,,,,False,False,0,0,,,,1,0.0,,2,8.0,0.0,PKG-IV -,0.0,,1,0.52579729699816,0,0.4509305176360129,2,0.4230903818403819,0.2087592962592962,0.3681503219003219,0.4230903818403819
379111883cdf2800,2024-04-30,MUMBAI METRO LINE 3 (COLABA-BANDRA-SEEPZ),Ongoing,General,COLABA-BANDRA-SEEPZ,,0,565.0,10.0,5.0,560.0,1000.0,,0,,,,False,False,0,0,,,,1,0.0,,2,-4.0,0.0,Unknown State,79.0,,1,0.4613369132836462,0,0.455625396396201,2,0.5140675892734717,0.4374537227478403,0.0484786879786879,0.5140675892734717
379c6f6d9ae99b68,2024-04-30,"Faridabad (Haryana)""",Ongoing,General,HARYANA,,0,1219.21,10.0,10.0,1209.21,1000.0,,1,,,,False,False,0,0,,,,1,0.0,,3,6.0,0.0,Unknown State,132.0,,1,0.4607491237218118,0,0.3209642141408609,2,0.4511075582913817,0.4352082353920591,0.1136842063165592,0.4511075582913817
3845fd33649a2600,2024-04-30,(PACKAGE IVA) OF NH-88 (NEW NH-103,Ongoing,General,PACKAGE IVA,,0,1307.16,10.0,3.0,1304.16,1000.0,,1,,,,False,False,0,0,,,,1,0.0,,3,18.0,0.0,Unknown State,43.0,,1,0.4916784672739465,0,0.3228333730193655,2,0.60067933292198,0.3181557764131293,0.0811648906648906,0.60067933292198
3863cea1d55c1054,2024-04-30,KARMA OCP (1.0MTY),Ongoing,General,Unknown Agency,,0,73.0,10.0,4.0,69.0,1000.0,,1,,,,False,False,1,0,,,,1,0.0,,1,2.0,0.0,Unknown State,-10.0,,1,0.6068126961787307,1,0.8256825588264618,2,0.8592765012765012,0.0985740648240648,0.0421494338994338,0.8592765012765012
386ad2a165be0cdb,2024-04-30,SIMLAGURI CHOWK AND BAIHATA BYPASS JUNCTI,Ongoing,General,Unknown Agency,,0,169.08,10.0,3.0,166.08,1000.0,,1,,,,False,False,0,0,,,,1,0.0,,2,2.0,0.0,Unknown State,39.0,,1,0.5080362227903692,1,0.6642965991669046,2,0.7089217702232408,0.2598116728043197,0.0312665569724393,0.7089217702232408
38a0f05033f1cee9,2024-04-30,SECTION FROM KM.57+046 TO KM.91+927,Ongoing,General,Unknown Agency,,0,909.02,10.0,2.0,907.02,1000.0,,1,,,,False,False,0,0,,,,1,0.0,,2,18.0,0.0,Unknown State,32.0,,1,0.496411858501991,0,0.4377027280366238,2,0.5550227966477967,0.3753210261960261,0.0696561771561771,0.5550227966477967
38aa2aa082343ad8,2024-04-30,ON NH-24A INCLUDING RETAINING W,Ongoing,General,Unknown Agency,,0,349.03,10.0,3.0,346.03,1000.0,,1,,,,False,False,0,0,,,,1,0.0,,2,1.0,0.0,Unknown State,74.0,,1,0.4685140548348087,1,0.5259475199384315,2,0.691393621900975,0.269412904905552,0.0391934731934731,0.691393621900975
38aafe4859fa4e4f,2024-04-30,JHAJHA - BATIA (UMBRELLA WORK PB#23/2018-19/NR),Ongoing,General,Unknown Agency,,0,548.0,10.0,4.0,544.0,1000.0,,1,,,,False,False,0,0,,,,1,0.0,,2,35.0,0.0,Unknown State,215.0,,0,0.4333296383935578,0,0.440722394633724,2,0.5346141652465184,0.4223476188843835,0.0430382158690982,0.5346141652465184
38d8769ea076306e,2024-04-30,UDAIPUR),Ongoing,General,Unknown Agency,,0,9.0,-0.9699197860962568,299.2,-290.2,-96.99197860962568,,1,,,,False,False,0,0,,,,1,0.0,,1,14.0,0.0,Unknown State,153.0,,1,0.4628508689084837,1,0.8906021209341258,2,0.943877122877123,0.002875,0.0532478771228771,0.943877122877123
392090c44c62dfdf,2024-04-30,GANGANAGAR AND HANUMANGARH DISTRICTS,Ongoing,General,Unknown Agency,,0,12.0,-0.9770114942528736,522.0,-510.0,-97.70114942528735,,1,,,,False,False,0,0,,,,1,0.0,,1,74.0,0.0,Unknown State,90.0,,0,0.438922780375496,1,0.8850079224154499,2,0.8083901098901097,0.144015873015873,0.047594017094017,0.8083901098901097
39223e80d87e0c2d,2024-04-30,TO 86.057 (NAKREKAL TO NAGARJUNSAGAR DAM SECT,Ongoing,General,Unknown Agency,,0,392.83,10.0,1.0,391.83,1000.0,,1,,,,False,False,0,0,,,,1,0.0,,2,-55.0,0.0,Unknown State,32.0,,1,0.5071144012298139,1,0.5149087535640767,2,0.5573387102663417,0.3577202585426268,0.0849410311910311,0.5573387102663417
395ecd1f10727f41,2024-04-30,A (KARN,Ongoing,General,Unknown Agency,,0,79.97,1.3112716763005778,34.6,45.37,131.12716763005778,,1,,,,False,False,0,0,,,,1,0.0,,1,1.0,0.0,Unknown State,44.0,,1,0.5134739151142795,1,0.8590168671536671,2,0.8235182733932734,0.1374647713397713,0.0390169552669552,0.8235182733932734
39613b9ce038ef4c,2024-04-30,KM 106.210 TO KM 115.250 (START AND END POINT OF,Ongoing,General,Unknown Agency,,0,166.9,10.0,2.0,164.9,1000.0,,1,,,,False,False,0,0,,,,1,0.0,,2,-5.0,0.0,Unknown State,57.0,,1,0.4971476886369507,1,0.6712239171386974,2,0.7421792725248606,0.2240541705026998,0.0337665569724393,0.7421792725248606
39a83311ad0ccd97,2024-04-30,PUNE METRO RAIL PROJECT (PHASE 1),Ongoing,General,Unknown Agency,,0,2024.0,10.0,150.0,1874.0,1000.0,,1,,,,False,False,0,0,,,,1,0.0,,3,2.0,0.0,Unknown State,90.0,,1,0.4701837103461152,0,0.2820056468116033,0,0.4874613025863026,0.4874613025863026,0.2387082084582084,0.2738304889554889
39bebe8697f88e33,2024-04-30,MUZAFFARPUR SAGAULI DOUBLING 100.60 KM,Ongoing,General,Unknown Agency,,0,967.29,10.0,24.73,942.56,1000.0,,1,,,,False,False,0,0,,,,1,0.0,,2,2.0,0.0,Unknown State,147.0,,1,0.4617230646865637,0,0.4322382026302,0,0.5982605775866645,0.5982605775866645,0.1105442842181972,0.2911951381951382
3a0c8861edd05be6,2024-04-30,INTERMEDIATE LANE SPECIFICATION WITH HARD SH,Ongoing,General,Unknown Agency,,0,562.45,10.0,10.0,552.45,1000.0,,1,,,,False,False,0,0,,,,1,0.0,,2,26.0,0.0,Unknown State,44.0,,1,0.4740672429482271,0,0.4348453010404956,2,0.5194186480444221,0.4224073581217544,0.0581739938338235,0.5194186480444221
3a1abfe68c622fd9,2024-04-30,BADAM COAL MINING PROJECT,Ongoing,General,Unknown Agency,,0,1409.52,-0.3029080118694362,2022.0,-612.48,-30.29080118694362,,1,,,,False,False,0,0,,,,1,0.0,,3,6.0,0.0,Unknown State,14.0,,1,0.5435782434517127,0,0.4812320484413284,2,0.4296622576769637,0.2907242895992896,0.2796134527237469,0.4296622576769637
3a236798acf3e245,2024-04-30,LMPHAL TO JIRIBAM PKG-7,Ongoing,General,Unknown Agency,,0,1.0,-0.9629629629629628,27.0,-26.0,-96.29629629629628,,1,,,,False,False,0,0,,,,1,0.0,,1,20.0,0.0,Unknown State,35.0,,1,0.4980566491108393,1,0.9016420719640956,2,0.9547624042624044,0.0281753246753246,0.017062271062271,0.9547624042624044
3a29f3bdd82cb383,2024-04-30,TO KM 45 IN STATE OF BIHAR UNDER,Ongoing,General,Unknown Agency,,0,194.88,10.0,1.0,193.88,1000.0,,1,,,,False,False,0,0,,,,1,0.0,,2,8.0,0.0,Unknown State,35.0,,1,0.5106173576012168,1,0.6523192672683404,2,0.6842481725790551,0.2631095807786984,0.0526422466422466,0.6842481725790551
3a51fc2a6516b6fc,2024-04-30,L OF IT CITY CHOWK TO KURALI CHANDIGARH ROAD,Ongoing,General,Unknown Agency,,0,89.17,2.4296153846153845,26.0,63.17,242.96153846153845,,1,,,,False,False,0,0,,,,1,0.0,,1,6.0,0.0,Unknown State,50.0,,1,0.5113696547889421,1,0.8578545863764634,2,0.870616217116217,0.0908555333555333,0.0385282495282495,0.870616217116217
3a54e5c699fe90f3,2024-04-30,JAHIRABAD TO LATUR,Ongoing,General,Unknown Agency,,0,238.19,10.0,3.0,235.19,1000.0,,1,,,,False,False,0,0,,,,1,0.0,,2,-5.0,0.0,Unknown State,68.0,,1,0.4775185736064792,1,0.6356261757879352,2,0.7039410728160728,0.253717143967144,0.0423417832167832,0.7039410728160728
3a6b81ada1922ac6,2024-04-30,KM 361.330(DORNALA T JUNCTION) TO KM 420.800(P,Ongoing,General,DORNALA T JUNCTION,,0,11.0,-0.9333333333333332,165.0,-154.0,-93.33333333333331,,1,,,,False,False,0,0,,,,1,0.0,,1,-28.0,0.0,Unknown State,61.0,,1,0.4879213811322637,1,0.8812745132540752,2,0.9089406704406704,0.055802614052614,0.0352567155067155,0.9089406704406704
3a7614f4b37e4bd1,2024-04-30,FROM CH. 17.200 TO CH,Ongoing,General,Unknown Agency,,0,698.0,10.0,19.0,679.0,1000.0,,1,,,,False,False,0,0,,,,1,0.0,,2,8.0,0.0,Unknown State,23.0,,1,0.5234103306148846,0,0.4616599644026148,2,0.4739387834387834,0.3879198488709358,0.1381413676902807,0.4739387834387834
3a7f151f25a1e08e,2024-04-30,KHELLANI-KHANABAL PKG-3,Ongoing,General,Unknown Agency,,0,8.73,-0.6992766104030314,29.03,-20.3,-69.92766104030314,,1,,,,False,False,0,0,,,,1,0.0,,1,3.0,0.0,Unknown State,48.0,,1,0.5202529216106804,1,0.8858292409449351,2,0.935169871794872,0.0471071428571428,0.0177229853479853,0.935169871794872
3a8475d12bab30bd,2024-04-30,L OF AZHIYUR-VENGALAM FROM KM. 189.200 TO KM. 230.400 OF NH-66,Ongoing,General,Unknown Agency,,0,95.717,0.0128783068783068,94.5,1.2169999999999987,1.2878306878306869,,1,,,,False,False,0,0,,,,1,0.0,,1,13.0,0.0,Unknown State,19.0,,1,0.5303784472830704,1,0.8415856040950186,2,0.8454794372294373,0.0856670274170274,0.0688535353535353,0.8454794372294373
3abb6ffcf046263d,2024-04-30,.000 TO KM 221.305) UNDER NH,Ongoing,General,Unknown Agency,,0,763.08,10.0,16.0,747.08,1000.0,,1,,,,False,False,0,0,,,,1,0.0,,2,2.0,0.0,Unknown State,58.0,,1,0.492215861696347,0,0.4591288740184265,0,0.5371288898299769,0.5371288898299769,0.1315228195717326,0.3313482905982906
3ac7024c09551907,2024-04-30,OF IIM SIRMAUR,Ongoing,General,Unknown Agency,,0,2.0,1.0,1.0,1.0,100.0,,0,,,,False,False,0,0,,,,1,0.0,,1,0.0,0.0,Unknown State,67.0,,1,0.4798719382901286,1,0.8695964893283363,2,0.800217093364152,0.1708042186571598,0.0289786879786879,0.800217093364152
3ac75d17e769144b,2024-04-30,KM 147 AND FROM KM 156.00 TO,Ongoing,General,Unknown Agency,,0,211.09,-0.8955000000000001,2020.0,-1808.91,-89.55000000000001,,0,,,,False,True,0,0,,,,1,0.0,,2,3.0,0.0,Unknown State,0.0,,1,0.535561887248309,1,0.7307523013259072,2,0.6118140878729114,0.2267897935397935,0.161396118587295,0.6118140878729114
3ad3ee57c15a927c,2024-04-30,MOONIDIH XV SEAM UG,Ongoing,General,Unknown Agency,,0,2.0,-0.9090909090909092,22.0,-20.0,-90.9090909090909,,1,,,,False,False,0,0,,,,1,0.0,,1,12.0,0.0,Unknown State,112.0,,1,0.468134348069074,1,0.903804002731562,2,0.947436285936286,0.0159285714285714,0.0366351426351426,0.947436285936286
3b12f03ae4ec7125,2024-04-30,NH-41 TO ANJAR BHUJ UPTO AIRPORT,Ongoing,General,Unknown Agency,,0,1869.85,0.0076848872865234,1855.59,14.259999999999993,0.768488728652342,,1,,,,False,False,0,0,,,,1,0.0,,3,14.0,0.0,Unknown State,15.0,,1,0.5442710894592788,0,0.4220134857689134,2,0.6025682511932511,0.2548637473637473,0.1425680014430014,0.6025682511932511
3b3abe525374f486,2024-04-30,SUBANSIRI LOWER H.E.P (8X250 MW)  (NHPC),Ongoing,General,Unknown Agency,,0,314.64,10.0,7.0,307.64,1000.0,,1,,,,False,False,0,0,,,,1,0.0,,2,25.0,0.0,Unknown State,70.0,,0,0.4402687232158269,1,0.5721276723940203,2,0.6305973491592688,0.3377727996977224,0.031629851143009,0.6305973491592688
3ba348f8ff269795,2024-04-30,CHITRA - BASUKINATH (38.30 KM),Ongoing,General,Unknown Agency,,0,4.0,-0.9840637450199204,251.0,-247.0,-98.40637450199203,,1,,,,False,False,0,0,,,,1,0.0,,1,35.0,0.0,Unknown State,323.0,,0,0.4329676621515659,1,0.8841179107555349,2,0.913098151848152,0.034313603063603,0.052588245088245,0.913098151848152
3bf06794f9d00827,2024-04-30,PARADIP SECTION OF NH 53 FROM KM,Ongoing,General,Unknown Agency,,0,1000.63,10.0,9.0,991.63,1000.0,,1,,,,False,False,0,0,,,,1,0.0,,3,20.0,0.0,Unknown State,39.0,,1,0.4918945995943785,0,0.3540742895669495,0,0.5646189798763327,0.5646189798763327,0.0619866424425247,0.3733943776811423
3c1e5607ea8d1d14,2024-04-30,(PACKAGE-IB),Ongoing,General,PACKAGE-IB,,0,1654.07,10.0,12.0,1642.07,1000.0,,1,,,,False,False,0,0,,,,1,0.0,,3,2.0,0.0,Unknown State,54.0,,1,0.4965207057750236,0,0.3113830053757604,0,0.5259269333607571,0.5259269333607571,0.1002372072372072,0.3738358594020357
3c2c61da7970e353,2024-04-30,MOGA (DESIGN CH 0.000) TO MAKHU (DES,Ongoing,General,Unknown Agency,,0,3.0,-0.4,5.0,-2.0,-40.0,,1,,,,False,False,0,0,,,,1,0.0,,1,-13.0,0.0,Unknown State,24.0,,1,0.5299535222249646,1,0.9005364626232926,2,0.9377002164502164,0.0186482683982683,0.0436515151515151,0.9377002164502164
3c4072a774155ab0,2024-04-30,BORDER FROM KM.280.080 TO KM. 375.450,Ongoing,General,Unknown Agency,,0,2470.64,10.0,12.0,2458.64,1000.0,,1,,,,False,False,0,0,,,,1,0.0,,3,13.0,0.0,Unknown State,41.0,,1,0.5112266618247855,0,0.2826702565178148,0,0.4983659673659674,0.4983659673659674,0.2006136224886225,0.3010204101454101
3c489f975ef4a7ab,2024-04-30,IMPHAL - KHONGSANG PKG-2,Ongoing,General,Unknown Agency,,0,491.08,0.0840618101545253,453.0,38.079999999999984,8.406181015452535,,1,,,,False,False,0,0,,,,1,0.0,,2,4.0,0.0,Unknown State,110.0,,1,0.4665214621159122,1,0.5750295757808012,2,0.7017618051882755,0.2231765032353266,0.0750616915763974,0.7017618051882755
3c6c83ede70141d4,2024-04-30,TO 70.063  OF MUDIGERE TO KADUR SECTION OF NH-,Ongoing,General,Unknown Agency,,0,159.7,10.0,1.0,158.7,1000.0,,1,,,,False,False,0,0,,,,1,0.0,,2,-24.0,0.0,Unknown State,51.0,,1,0.4999814981954808,1,0.679352709017871,2,0.6331998075453957,0.3282470886956181,0.0385531037589861,0.6331998075453957
3c8e084cc4363080,2024-04-30,"REVAMPING OF SV STATIONS, GAS TERMINAL AND KRIBHCO TERMINAL",Ongoing,General,Unknown Agency,,0,2.0,1.0,1.0,1.0,100.0,,1,,,,False,False,0,0,,,,1,0.0,,1,28.0,0.0,Unknown State,41.0,,1,0.4891571331927689,1,0.8695964893283363,2,0.9454540239172587,0.0505075145442792,0.0040384615384615,0.9454540239172587
3c9b9f1b20bd8859,2024-04-30,FROM KM 0/0 TO KM 69/978 OF NH-,Ongoing,General,Unknown Agency,,0,2.0,1.0,1.0,1.0,100.0,,1,,,,False,False,0,0,,,,1,0.0,,1,9.0,0.0,Unknown State,36.0,,1,0.5228919009651884,1,0.8695964893283363,2,0.9503271867021869,0.0207533993783993,0.0289194139194139,0.9503271867021869
3cb0a9185d272a45,2024-04-30,STRETCH AT 7 LOCATIONS) AND LISTED,Ongoing,General,Unknown Agency,,0,1162.8,10.0,1.0,1161.8,1000.0,,1,,,,False,False,0,0,,,,1,0.0,,3,9.0,0.0,Unknown State,36.0,,1,0.5126688374301431,0,0.297919322788462,2,0.5422467948717948,0.3047769869019869,0.1529762182262182,0.5422467948717948
3cfecfa643c79156,2024-04-30,TO KM 75-600,Ongoing,General,Unknown Agency,,0,3.0,-0.9879032258064516,248.0,-245.0,-98.79032258064515,,1,,,,False,False,0,0,,,,1,0.0,,1,-71.0,0.0,Unknown State,38.0,,1,0.5177021978895181,1,0.8841179107555349,2,0.9275819042069045,0.0119380619380619,0.0604800338550338,0.9275819042069045
3cfef1a8ebd673a4,2024-04-30,KANCHAN OC EXPANSION,Ongoing,General,Unknown Agency,,0,178.44,10.0,8.0,170.44,1000.0,,1,,,,False,False,0,0,,,,1,0.0,,2,23.0,0.0,Unknown State,144.0,,0,0.443760150390022,1,0.667716234698007,2,0.7699357725607725,0.2110642274392274,0.019,0.7699357725607725
3d18c04d11a371bb,2024-04-30,PUNE-MIRAJ-LONDA (467 KM),Ongoing,General,Unknown Agency,,0,532.42,10.0,5.0,527.42,1000.0,,1,,,,False,False,1,0,,,,1,0.0,,2,2.0,0.0,Unknown State,-1.0,,1,0.5888684907981472,0,0.4518527867905867,2,0.7241498085248087,0.2107761405261405,0.0650740509490509,0.7241498085248087
3d336c4d0d2d1970,2024-04-30,BETWEEN KM. 106.590 TO KM. 107.762 OF NH 223 (,Ongoing,General,Unknown Agency,,0,2.0,-0.9906976744186048,215.0,-213.0,-99.06976744186046,,0,,,,False,True,0,0,,,,1,0.0,,1,-27.0,0.0,Unknown State,50.0,,1,0.5147940916296938,1,0.838717302134444,2,0.7920108453637866,0.1676755099475687,0.0403136446886446,0.7920108453637866
3d3f0ba93aabbb98,2024-04-30,NH-06 (PKG-III),Ongoing,General,PKG-III,,0,4.0,0.3333333333333332,3.0,1.0,33.33333333333333,,1,,,,False,False,0,0,,,,1,0.0,,1,2.0,0.0,Unknown State,51.0,,1,0.4993640789429382,1,0.8564213016576951,2,0.9580375041625042,0.0373837412587412,0.0045787545787545,0.9580375041625042
3d75f3650d31c3aa,2024-04-30,EXISTING KM 52.370 TO,Ongoing,General,Unknown Agency,,0,6.0,0.5,4.0,2.0,50.0,,0,,,,False,True,0,0,,,,1,0.0,,1,1.0,0.0,Unknown State,74.0,,1,0.4714324926096679,1,0.8215296269606357,2,0.7882580156771328,0.1748671230730054,0.0368748612498612,0.7882580156771328
3d8c18704dde833c,2024-04-30,CONFIGURATION FROM WATUR TO CHARTHANA,Ongoing,General,Unknown Agency,,0,277.81,10.0,9.0,268.81,1000.0,,1,,,,False,False,0,0,,,,1,0.0,,2,-4.0,0.0,Unknown State,51.0,,1,0.4990250685830683,1,0.6059577666865108,2,0.5739601623866333,0.3725817124052418,0.0534581252081252,0.5739601623866333
3dafbc7c8c7a8ea5,2024-04-30,AND RESEARCH BERHAMPUR,Ongoing,General,Unknown Agency,,0,588.72,10.0,9.0,579.72,1000.0,,1,,,,False,False,0,0,,,,1,0.0,,2,3.0,0.0,Unknown State,58.0,,1,0.4952040732515514,0,0.4322714094148799,0,0.4629405389931705,0.4629405389931705,0.1047046951586425,0.432354765848187
3db9484988387ffc,2024-04-30,VILLAGE     (NATIONAL HIGHWAYS AUTHORITY OF INDIA),Ongoing,General,NATIONAL HIGHWAYS AUTHORITY OF INDIA,,0,531.25,5.810897435897436,78.0,453.25,581.0897435897436,,1,,,,False,False,0,0,,,,1,0.0,,2,-28.0,0.0,Unknown State,47.0,,1,0.5006978079492502,0,0.4693930307072831,2,0.5650931070563422,0.3453432343799991,0.0895636585636585,0.5650931070563422
3de0b71986d0eee2,2024-04-30,HUKANJURI TO KHONSA SECTION OF NH-315A,Ongoing,General,Unknown Agency,,0,437.6,10.0,6.0,431.6,1000.0,,1,,,,False,False,0,0,,,,1,0.0,,2,35.0,0.0,Unknown State,81.0,,0,0.4405585775874001,0,0.4445874932295989,2,0.5074222847585851,0.4391402319730492,0.0534374832683656,0.5074222847585851
3e3b996c79442abd,2024-04-30,EXISTING KM 55.00 TO,Ongoing,General,Unknown Agency,,0,377.0,10.0,4.0,373.0,1000.0,,1,,,,False,False,0,0,,,,1,0.0,,2,4.0,0.0,Unknown State,73.0,,1,0.4716716507863552,0,0.4832291618043375,2,0.5957704852337206,0.349572047233812,0.0546574675324675,0.5957704852337206
3e6941fd1e274cc0,2024-04-30,PACKAGE IV FROM RAIL OVER BRIDGE (ROB) TILL END P,Ongoing,General,ROB,,0,445.1,0.056993588221325,421.1,24.0,5.69935882213251,,1,,,,False,False,0,0,,,,1,0.0,,2,-1.0,0.0,Unknown State,37.0,,1,0.500022231196447,1,0.5529663220006988,2,0.6130786835713304,0.3446578266504737,0.0422634897781956,0.6130786835713304
3e8ac88b933721c8,2024-04-30,(EXISTING KM 103.200) TO DESIGN KM 11,Ongoing,General,Unknown Agency,,0,439.82,10.0,12.0,427.82,1000.0,,1,,,,False,False,0,0,,,,1,0.0,,2,1.0,0.0,Unknown State,29.0,,1,0.5111036806868903,0,0.4608277698546548,2,0.5761861292302468,0.371409469615352,0.0524044011544011,0.5761861292302468
3e8b7dcb2d620573,2024-04-30,KHAN,Ongoing,General,Unknown Agency,,0,260.0,10.0,3.0,257.0,1000.0,,1,,,,False,False,0,0,,,,1,0.0,,2,20.0,0.0,Unknown State,105.0,,0,0.4497375854943676,1,0.6323727917601941,2,0.5332979474945421,0.4385218577002631,0.0281801948051948,0.5332979474945421
3eb3536e8f35de67,2024-04-30,AND NH-58 BYPASSING MEERUT TOWN,Ongoing,General,Unknown Agency,,0,2.0,1.0,1.0,1.0,100.0,,1,,,,False,False,0,0,,,,1,0.0,,1,6.0,0.0,Unknown State,34.0,,1,0.5232683541591773,1,0.8695964893283363,2,0.8989213702963701,0.0696267482517482,0.0314518814518814,0.8989213702963701
3ecbaa65187923a0,2024-04-30,CONFIGURATION OF SHRI KYARI-GUMMA SECTION (KM 75,Ongoing,General,Unknown Agency,,0,242.8,10.0,8.0,234.8,1000.0,,1,,,,False,False,0,0,,,,1,0.0,,2,-36.0,0.0,Unknown State,8.0,,1,0.5235044632305023,1,0.6388789230406825,2,0.6654487873237873,0.2855589965589965,0.0489922161172161,0.6654487873237873
3ed1aeb62ecac19d,2024-04-30,STARTING FROM BAWANA,Ongoing,General,Unknown Agency,,0,5.0,-0.9975296442687748,2024.0,-2019.0,-99.75296442687748,,1,,,,False,False,0,0,,,,1,0.0,,1,1.0,0.0,Unknown State,40.0,,1,0.5181947738420758,1,0.8550876424200129,2,0.862330075969782,0.0444044011544011,0.0932655228758169,0.862330075969782
3f4883e6bc814aca,2024-04-30,JAGADALPUR-KORAPUT DOUBLING,Ongoing,General,Unknown Agency,,0,4.0,-0.9833333333333332,240.0,-236.0,-98.33333333333331,,1,,,,False,False,0,0,,,,1,0.0,,1,-1.0,0.0,Unknown State,323.0,,1,0.4591517280561847,1,0.8698366218001623,2,0.9132773199023202,0.0307298534798534,0.0559928266178266,0.9132773199023202
3f5338952a397197,2024-04-30,FACILITIES AT MUMBAI REFINERY,Ongoing,General,Unknown Agency,,0,676.89,10.0,4.0,672.89,1000.0,,1,,,,False,False,0,0,,,,1,0.0,,2,15.0,0.0,Unknown State,51.0,,1,0.4979766784492191,0,0.4453249838173292,2,0.5476741036741037,0.3859777167277166,0.0663481795981796,0.5476741036741037
3f6cf441492cad03,2024-04-30,PIPELINE,Ongoing,General,Unknown Agency,,0,1398.0,10.0,10.0,1388.0,1000.0,,1,,,,False,False,0,0,,,,1,0.0,,3,8.0,0.0,Unknown State,50.0,,1,0.5073592003306635,0,0.2965549464663293,2,0.4530563741813743,0.4185965007215008,0.1283471250971251,0.4530563741813743
3f8bfaa0faf2380e,2024-04-30,OC (3.0 MTY),Ongoing,General,Unknown Agency,,0,1624.59,10.0,11.0,1613.59,1000.0,,1,,,,False,False,0,0,,,,1,0.0,,3,11.0,0.0,Unknown State,124.0,,1,0.4686662553487677,0,0.295204506931998,0,0.4382475718725718,0.4382475718725718,0.1270173437673437,0.4347350843600844
3f9bfeca85bfb760,2024-04-30,NAGPUR RING ROAD PACKAGE-1,Ongoing,General,Unknown Agency,,0,1396.74,10.0,3.0,1393.74,1000.0,,1,,,,False,False,0,0,,,,1,0.0,,3,2.0,0.0,Unknown State,99.0,,1,0.4668969448850388,0,0.3026548745756032,2,0.5382442614574967,0.3606805457614281,0.1010751927810751,0.5382442614574967
4057d46b09d9b7f2,2024-04-30,NASRATPUR TO BARASGAON,Ongoing,General,Unknown Agency,,0,276.95,10.0,3.0,273.95,1000.0,,1,,,,False,False,0,0,,,,1,0.0,,2,-1.0,0.0,Unknown State,72.0,,1,0.4685140548348087,1,0.6043336849629093,2,0.5603224275724277,0.3956404428904427,0.0440371295371295,0.5603224275724277
4084de13a70e8888,2024-04-30,(CH. 292.950 TO CH. 319.400) [END OF INTERCHA,Ongoing,General,Unknown Agency,,0,362.46,10.0,2.0,360.46,1000.0,,1,,,,False,False,0,0,,,,1,0.0,,2,-9.0,0.0,Unknown State,53.0,,1,0.4988560105230926,1,0.5016900906196856,2,0.5614787312360842,0.3906879354305823,0.0478333333333333,0.5614787312360842
408b2cb859526eaf,2024-04-30,TADADEGE - HENKAR,Ongoing,General,Unknown Agency,,0,3.0,-0.5,6.0,-3.0,-50.0,,1,,,,False,False,0,0,,,,1,0.0,,1,2.0,0.0,Unknown State,51.0,,1,0.5127339911958813,1,0.9033510288787336,2,0.9524647852147852,0.0239523809523809,0.0235828338328338,0.9524647852147852
408eb53d5a8b1444,2024-04-30,LANE MAIN CARRIAGEWAY WITH SERVI,Ongoing,General,Unknown Agency,,0,349.29,10.0,8.0,341.29,1000.0,,1,,,,False,False,0,0,,,,1,0.0,,2,3.0,0.0,Unknown State,47.0,,1,0.5097866294732496,1,0.524767308144087,2,0.6592323705706059,0.2856166831534479,0.0551509462759462,0.6592323705706059
409ece265916e23a,2024-04-30,EXISTING KM. 195.175 TO KM. 220.00,Ongoing,General,Unknown Agency,,0,182.55,10.0,3.0,179.55,1000.0,,1,,,,False,False,1,0,,,,1,0.0,,2,-73.0,0.0,Unknown State,-36.0,,1,0.5987728981663616,1,0.6581250416059464,2,0.8616341387370795,0.0854522470993059,0.0529136141636141,0.8616341387370795
40c995bcbd39484c,2024-04-30,HURA - C OC (3 MTY),Ongoing,General,Unknown Agency,,0,2.0,1.0,1.0,1.0,100.0,,1,,,,False,False,0,0,,,,1,0.0,,1,59.0,0.0,Unknown State,116.0,,0,0.4393905626186687,1,0.8695964893283363,2,0.931722186310421,0.0610085829203476,0.0072692307692307,0.931722186310421
40dcc3eb033f86a6,2024-04-30,TO 165/00 (OF VIJAYAWADA-JAGDALPUR RUDRAMPUR,Ongoing,General,Unknown Agency,,0,66.0,2.8823529411764706,17.0,49.0,288.2352941176471,,1,,,,False,False,0,0,,,,1,0.0,,1,-6.0,0.0,Unknown State,96.0,,1,0.4660165078646311,1,0.8609149636900183,2,0.8312099895718313,0.1322333726215305,0.0365566378066378,0.8312099895718313
40f27a135c3bacde,2024-04-30,BHANUPALI-BILASPUR BERI NL,Ongoing,General,Unknown Agency,,0,320.0,10.0,12.0,308.0,1000.0,,1,,,,False,False,0,0,,,,1,0.0,,2,11.0,0.0,Unknown State,3.0,,1,0.5252000731766434,1,0.5577842073484276,2,0.6709423550305904,0.2709818873936521,0.0580757575757575,0.6709423550305904
41114a30e61d2aec,2024-04-30,DIBANG MULTIPURPOSE PROJECT 2880 MW ARUNACHAL PRADESH,Ongoing,General,Unknown Agency,,0,9.0,-0.82,50.0,-41.0,-82.0,,1,,,,False,False,0,0,,,,1,0.0,,1,94.0,0.0,Unknown State,341.0,,0,0.4323619987302142,1,0.8904095515566358,2,0.8083208458208457,0.1685122655122655,0.0231668886668886,0.8083208458208457
419fc8e70857a939,2024-04-30,EXISTING KM 180.60 TO KM 223.00 OF NH-63 ON NIZ,Ongoing,General,Unknown Agency,,0,628.45,10.0,11.0,617.45,1000.0,,1,,,,False,False,0,0,,,,1,0.0,,2,-12.0,0.0,Unknown State,89.0,,1,0.4672760876776684,0,0.4391298748775269,0,0.5663677017427017,0.5663677017427017,0.1135209344748818,0.3201113637824164
41b17e9f436ebbea,2024-04-30,DABOKA KATHKATI PACKAGE-5,Ongoing,General,Unknown Agency,,0,8.0,-0.9166666666666664,96.0,-88.0,-91.66666666666666,,1,,,,False,False,0,0,,,,1,0.0,,1,4.0,0.0,Unknown State,12.0,,1,0.5378029246256468,1,0.8817251100628787,2,0.9297643467643466,0.031687271062271,0.0385483821733821,0.9297643467643466
41b3b54c07c4c4ea,2024-04-30,A in the State of Rajasthan.,Ongoing,General,Unknown Agency,,0,3.0,-0.9984042553191488,1880.0,-1877.0,-99.84042553191487,,1,,,,False,False,0,0,,,,1,0.0,,1,16.0,0.0,Unknown State,41.0,,1,0.511301614432894,1,0.8725157015786305,2,0.8974474691974692,0.0634415584415584,0.0391109723609723,0.8974474691974692
41fb3df882e3ae63,2024-04-30,PORT TO MADURAVOYAL IN CHENNAI DIS,Ongoing,General,Unknown Agency,,0,1.0,-0.9583333333333336,24.0,-23.0,-95.83333333333334,,1,,,,False,False,0,0,,,,1,0.0,,1,25.0,0.0,Unknown State,38.0,,1,0.4875191406531851,1,0.9016420719640956,2,0.9412283133533133,0.0363760822510822,0.0223956043956043,0.9412283133533133
4218cdb00a75c5c9,2024-04-30,AKOLA (GC),Ongoing,General,Indian Railways (GC),,0,79.0,-0.7492063492063492,315.0,-236.0,-74.92063492063492,,1,,,,False,False,0,0,,,,1,0.0,,1,23.0,0.0,Unknown State,107.0,,0,0.4364370179653198,1,0.8642389643213367,2,0.8482510267510266,0.0991884226884226,0.0525605505605505,0.8482510267510266
421ae7473f6a61f8,2024-04-30,EAST WEST METRO CORRIDOR  KOLKATA,Ongoing,General,Unknown Agency,,0,5200.0,10.0,4.0,5196.0,1000.0,,1,,,,False,False,0,0,,,,1,0.0,,3,2.0,0.0,Unknown State,98.0,,1,0.471334134076013,0,0.2994230846866684,0,0.5093215534465534,0.5093215534465534,0.1690505605505604,0.321627886002886
425be913112e1b2b,2024-04-30,"INDIRECT TAXES AND CUSTOMS AT SECTOR-9, DWARKA",Ongoing,General,Unknown Agency,,0,2.0,1.0,1.0,1.0,100.0,,1,,,,False,False,0,0,,,,1,0.0,,1,-24.0,0.0,DWARKA -,53.0,,1,0.5088501606716513,1,0.8983196451667874,2,0.908817044067044,0.0516936119436119,0.0394893439893439,0.908817044067044
426032a2bf38d2c0,2024-04-30,"CGD PROJECT AT ARARIA, PURNIA, KATIHAR AND KISHANGANJ DISTRICTS",Ongoing,General,Unknown Agency,,0,3.0,-0.625,8.0,-5.0,-62.5,,1,,,,False,False,0,0,,,,1,0.0,,1,71.0,0.0,Unknown State,0.0,,1,0.5017904494490902,1,0.9043169602192898,2,0.8273168775668773,0.1415955988455988,0.0310875235875235,0.8273168775668773
4264354ceccc8b80,2024-04-30,BIKANER SOLAR POWER PROJECT,Ongoing,General,Unknown Agency,,0,646.17,10.0,6.17,640.0,1000.0,,1,,,,False,False,0,0,,,,1,0.0,,2,11.0,0.0,Unknown State,11.0,,1,0.5273839823431113,0,0.4277917796394317,2,0.446378885003885,0.4196760600510599,0.1339450549450549,0.446378885003885
426f2fc263b760dc,2024-04-30,PROJECT,Ongoing,General,Unknown Agency,,0,11.0,0.1,10.0,1.0,10.0,,1,,,,False,False,0,0,,,,1,0.0,,1,11.0,0.0,Unknown State,91.0,,1,0.4728940248981509,1,0.8537174041169752,2,0.9324986263736262,0.0332037545787545,0.034297619047619,0.9324986263736262
4280f98c78814089,2024-04-30,G PACKA,Ongoing,General,Unknown Agency,,0,2842.14,10.0,21.0,2821.14,1000.0,,1,,,,False,False,0,0,,,,1,0.0,,3,22.0,0.0,Unknown State,16.0,,1,0.5098801126835222,0,0.2892208051363286,0,0.5130197163947163,0.5130197163947163,0.185471126096126,0.3015091575091574
42c9888ac9fa4162,2024-04-30,.450 OF NH-30 AND LINK ROAD FRO,Ongoing,General,Unknown Agency,,0,1390.92,10.0,2.0,1388.92,1000.0,,1,,,,False,False,0,0,,,,1,0.0,,3,11.0,0.0,Unknown State,37.0,,1,0.5110382246514147,0,0.3112526561217953,2,0.5883620880753235,0.247853511684394,0.1637844002402825,0.5883620880753235
42caae4678562dd5,2024-04-30,GROUP CENTRE CRPF CHANDAULI,Ongoing,General,Unknown Agency,,0,1.0,-0.9411764705882352,17.0,-16.0,-94.11764705882352,,1,,,,False,False,1,0,,,,1,0.0,,1,-13.0,0.0,Unknown State,-10.0,,1,0.6106598432257553,1,0.9063549825867974,2,0.9680672383172384,0.005689935064935,0.0262428266178266,0.9680672383172384
43174341aec4064e,2024-04-30,KM 563.000 SECTION OF,Ongoing,General,Unknown Agency,,0,254.43,3.312372881355932,59.0,195.43,331.2372881355932,,1,,,,False,False,0,0,,,,1,0.0,,2,5.0,0.0,Unknown State,78.0,,1,0.4693984274123635,1,0.662350754071511,2,0.7019312027841438,0.2037290536261123,0.0943397435897435,0.7019312027841438
437522b8aa0ebb52,2024-04-30,GRADATION OF SECTION FROM KM 242.0 TO KM 298.0 OF N,Ongoing,General,Unknown Agency,,0,3.0,-0.5,6.0,-3.0,-50.0,,0,,,,False,True,0,0,,,,1,0.0,,1,-2.0,0.0,Unknown State,47.0,,1,0.5209374959920642,1,0.8744146175088595,2,0.8363491043270456,0.1215241890462479,0.0421267066267066,0.8363491043270456
43c24585d411df72,2024-04-30,GOJARIYA FROM KM 52.000 TO KM 1,Ongoing,General,Unknown Agency,,0,2082.98,5.278385628598126,331.77,1751.21,527.8385628598126,,1,,,,False,False,0,0,,,,1,0.0,,3,11.0,0.0,Unknown State,17.0,,1,0.5321779269354483,0,0.2988602346033002,2,0.3948404234654235,0.297577478077478,0.3075820984570984,0.3948404234654235
43d2344fe84075ec,2024-04-30,EXPANSION OF KARO OCP,Ongoing,General,Unknown Agency,,0,5.0,0.0,5.0,0.0,0.0,,1,,,,False,False,0,0,,,,1,0.0,,1,23.0,0.0,Unknown State,70.0,,1,0.4515389229284351,1,0.8801422091447161,2,0.9499027777777778,0.0480138888888888,0.0020833333333333,0.9499027777777778
43f9f183e0d26387,2024-04-30,PURNEA SECTION PKG - I,Ongoing,General,Unknown Agency,,0,1471.75,10.0,12.0,1459.75,1000.0,,0,,,,False,False,0,0,,,,1,0.0,,3,2.0,0.0,Unknown State,78.0,,1,0.469874292933739,0,0.3057143108535667,0,0.5864794927294926,0.5864794927294926,0.0865065351315351,0.327013972138972
440c47c66ac704b0,2024-04-30,TO KM 74.700 OF NH-731A ON HYBRID,Ongoing,General,Unknown Agency,,0,9.0,-0.9902851838259104,926.42,-917.42,-99.02851838259105,,1,,,,False,False,0,0,,,,1,0.0,,1,21.0,0.0,Unknown State,16.0,,1,0.5116837510030635,1,0.8777896472906133,2,0.94204884004884,0.0187619047619047,0.0391892551892551,0.94204884004884
441acf3fa8acc274,2024-04-30,+000 TO KM. 154+036  [EX,Ongoing,General,Unknown Agency,,0,2.0,1.0,1.0,1.0,100.0,,1,,,,False,False,0,0,,,,1,0.0,,1,1.0,0.0,Unknown State,400.0,,1,0.4628589970186563,1,0.8695964893283363,2,0.8854161859382446,0.0926002975782387,0.0219835164835164,0.8854161859382446
44513405054082b6,2024-04-30,FROM KM 422.000 TO 523.600 ( CHITR,Ongoing,General,Unknown Agency,,0,193.16,8.658,20.0,173.16,865.8,,1,,,,False,False,0,0,,,,1,0.0,,2,2.0,0.0,Unknown State,9.0,,1,0.5234059353879381,1,0.6437581844314333,2,0.6850229190743897,0.2334516716943187,0.0815254092312915,0.6850229190743897
44698565f005d025,2024-04-30,-LANING OF KAMALAPURAM - ODDANCHATRAM SECTION OF NH-209,Ongoing,General,Unknown Agency,,0,637.11,10.0,2.0,635.11,1000.0,,1,,,,False,False,0,0,,,,1,0.0,,2,5.0,0.0,Unknown State,31.0,,1,0.5132540038755696,0,0.4232295426463161,2,0.5138731309540134,0.3442402221961045,0.1418866468498821,0.5138731309540134
453d81451b9fb83e,2024-04-30,PKG- 2A,Ongoing,General,Unknown Agency,,0,414.2,5.591343093570974,62.84,351.36,559.1343093570974,,1,,,,False,False,0,0,,,,1,0.0,,2,9.0,0.0,Unknown State,20.0,,1,0.5249222319470733,0,0.4991064937804425,2,0.6671114220746572,0.180645307307072,0.1522432706182706,0.6671114220746572
453e91d25d0d011e,2024-04-30,PART C,Ongoing,General,Unknown Agency,,0,688.74,10.0,8.0,680.74,1000.0,,1,,,,False,False,0,0,,,,1,0.0,,2,11.0,0.0,Unknown State,19.0,,1,0.5270941279715383,0,0.4517535552459007,2,0.4803403124653125,0.4039338023088022,0.1157258852258852,0.4803403124653125
4584a7170e17e040,2024-04-30,KARAUNDA MAHAJAN FROM KM. 27.000 TO KM.,Ongoing,General,Unknown Agency,,0,391.26,10.0,1.0,390.26,1000.0,,1,,,,False,False,0,0,,,,1,0.0,,2,4.0,0.0,Unknown State,19.0,,1,0.5261027534898923,1,0.5249087535640767,2,0.5800508715141067,0.3561531328148975,0.0637959956709956,0.5800508715141067
45d4ca218ada555f,2024-04-30,SECTION FROM K,Ongoing,General,Unknown Agency,,0,1117.17,4.626643162931253,198.55,918.62,462.6643162931253,,1,,,,False,False,0,0,,,,1,0.0,,3,2.0,0.0,Unknown State,7.0,,1,0.5265167363097746,0,0.3567264267161667,2,0.4309019820049232,0.3406747745718333,0.2284232434232434,0.4309019820049232
45efa756c395265d,2024-04-30,PACHORA-JAMNER WITH EXTENSION UPTO MALKAPUR NG TO BG,Ongoing,General,Unknown Agency,,0,3168.29,10.0,4.0,3164.29,1000.0,,1,,,,False,False,0,0,,,,1,0.0,,3,35.0,0.0,Unknown State,227.0,,0,0.4458929760214301,0,0.286363223741071,0,0.5757472680827944,0.5757472680827944,0.1203728354978354,0.30387989641937
460fb76a1ee554ad,2024-04-30,TH LINE - DADHAPARA-BELHA (9.2 KM) (PB#72/NR/2022-23),Ongoing,General,Unknown Agency,,0,1171.3,10.0,7.0,1164.3,1000.0,,1,,,,False,False,0,0,,,,1,0.0,,3,29.0,0.0,Unknown State,182.0,,0,0.4443365901585766,0,0.2926548745756032,0,0.4806903878285457,0.4806903878285457,0.06238107214423,0.4569285400272244
4613060473d0f948,2024-04-30,BORDER  TO MOONAK-JAKHAL-BUDHLADA,Ongoing,General,Unknown Agency,,0,6.0,0.0,6.0,0.0,0.0,,1,,,,False,False,0,0,,,,1,0.0,,1,3.0,0.0,Unknown State,25.0,,1,0.5307982117546934,1,0.8788207057005711,2,0.9218676739926738,0.0539061355311355,0.0242261904761904,0.9218676739926738
463264735e2d0dc2,2024-04-30,LANE+ PAVED SHOULDER WITH SERVICE ROA,Ongoing,General,Unknown Agency,,0,187.65,10.0,3.0,184.65,1000.0,,1,,,,False,False,0,0,,,,1,0.0,,2,16.0,0.0,Unknown State,41.0,,1,0.4996321599825352,1,0.6621704961514011,2,0.6615582611832613,0.3192631673881674,0.0191785714285714,0.6615582611832613
46497ab6227bbed4,2024-04-30,KHURDA ROAD-BOLANGIR(NL)ECOR,Ongoing,General,Indian Railways (NL),,0,701.61,10.0,4.0,697.61,1000.0,,1,,,,False,False,0,0,,,,1,0.0,,2,32.0,0.0,Unknown State,140.0,,0,0.4286916676305744,0,0.4747204164820347,2,0.571383791861733,0.3809141879362467,0.0477020202020202,0.571383791861733
465f7048b02095ce,2024-04-30,KM. TO AUDIREDDIPALLE 160.000 KM.,Ongoing,General,Unknown Agency,,0,1058.9,-0.4763105835806133,2022.0,-963.1,-47.63105835806133,,1,,,,False,False,0,0,,,,1,0.0,,3,18.0,0.0,Unknown State,0.0,,1,0.5231485208809098,1,0.5558005829931422,2,0.5571596165272636,0.1833131084601673,0.2595272750125691,0.5571596165272636
466fdbdab67564f7,2024-04-30,EXTN(7.00 MTY),Ongoing,General,Unknown Agency,,0,24.0,-0.1724137931034483,29.0,-5.0,-17.24137931034483,,1,,,,False,False,0,0,,,,1,0.0,,1,35.0,0.0,Unknown State,148.0,,0,0.4353013941522014,1,0.8768872873724652,2,0.9105233377733376,0.0468489565989566,0.0426277056277056,0.9105233377733376
467a6ad87b94245e,2024-04-30,.730 KM LENGTH ON GOHA-K,Ongoing,General,Unknown Agency,,0,27.0,5.75,4.0,23.0,575.0,,1,,,,False,False,0,0,,,,1,0.0,,1,3.0,0.0,Unknown State,48.0,,1,0.519484884313724,1,0.8394838351418136,2,0.8630087602456024,0.0933253223384802,0.0436659174159174,0.8630087602456024
468d6f638804ee8c,2024-04-30,KARGIL-ZANSKR PACKAGE-2,Ongoing,General,Unknown Agency,,0,3.0,-0.4,5.0,-2.0,-40.0,,1,,,,False,False,0,0,,,,1,0.0,,1,10.0,0.0,Unknown State,47.0,,1,0.5221660867254913,1,0.9005364626232926,2,0.94546158008658,0.010720238095238,0.0438181818181818,0.94546158008658
46a3baf00262ee2d,2024-04-30,AGARTALA-AKHAURA NL,Ongoing,General,Unknown Agency,,0,2.0,1.0,1.0,1.0,100.0,,1,,,,False,False,0,0,,,,1,0.0,,1,-19.0,0.0,Unknown State,72.0,,1,0.4695690748091607,1,0.8695964893283363,2,0.911327158952159,0.0666893245643245,0.0219835164835164,0.911327158952159
46a542669f04c09a,2024-04-30,SETU)FROM KM 8+920 TO KM 13+375,Ongoing,General,Unknown Agency,,0,496.47,10.0,20.0,476.47,1000.0,,1,,,,False,False,0,0,,,,1,0.0,,2,37.0,0.0,Unknown State,2.0,,1,0.48793047078122,0,0.4553963603079946,2,0.4819784259857789,0.4422280301397949,0.0757935438744262,0.4819784259857789
46ae6943a218a866,2024-04-30,MAROG TO DIGDOL (FROM KM.154.210 TO K,Ongoing,General,Unknown Agency,,0,166.52,10.0,9.0,157.52,1000.0,,1,,,,False,False,0,0,,,,1,0.0,,2,10.0,0.0,Unknown State,29.0,,1,0.5141785732484327,1,0.6680229253841989,2,0.7373554125612948,0.2189660160101336,0.0436785714285714,0.7373554125612948
46c91d3e1edd69d5,2024-04-30,SECTION FROM KM 0.000 TO KM 49.23,Ongoing,General,Unknown Agency,,0,762.75,10.0,12.0,750.75,1000.0,,1,,,,False,False,0,0,,,,1,0.0,,2,21.0,0.0,Unknown State,25.0,,1,0.4915687185952676,0,0.4535614981319017,0,0.5349332717225939,0.5349332717225939,0.054933519982433,0.4101332082949729
46d82fa22c754fb3,2024-04-30,N/04015/06003/MP,Ongoing,General,Unknown Agency,,0,2.0,1.0,1.0,1.0,100.0,,1,,,,False,False,0,0,,,,1,0.0,,1,18.0,0.0,Unknown State,32.0,,1,0.507813504840034,1,0.8695964893283363,2,0.9012447887080236,0.0947167497535144,0.0040384615384615,0.9012447887080236
46f420bf0dcbcc3b,2024-04-30,SAWAIMADHOPUR - BYPASS LINE (6.98 KM) (UMBRELLA WORK PB#57/2019-20/NR),Ongoing,General,Unknown Agency,,0,11.0,-0.9814814814814816,594.0,-583.0,-98.14814814814817,,1,,,,False,False,0,0,,,,1,0.0,,1,20.0,0.0,Unknown State,49.0,,1,0.4937549236996054,1,0.8828708256412563,2,0.9244000305250304,0.0382440476190476,0.0373559218559218,0.9244000305250304
4702feb0a0517363,2024-04-30,.0 MTPA BHOJUDIH NLW WASHERY,Ongoing,General,Unknown Agency,,0,303.8,10.0,11.0,292.8,1000.0,,1,,,,False,False,0,0,,,,1,0.0,,2,2.0,0.0,Unknown State,91.0,,1,0.4675998307505666,1,0.5642111539992406,2,0.5739025729172789,0.380436920922215,0.0456605061605061,0.5739025729172789
470fba26e02de9b3,2024-04-30,VIJAYAWADA  KAZIPET BYEPASS LINE,Ongoing,General,Unknown Agency,,0,2063.03,10.0,4.0,2059.03,1000.0,,1,,,,False,False,0,0,,,,1,0.0,,3,20.0,0.0,Unknown State,128.0,,1,0.4580781838035231,0,0.2872797391587702,0,0.4391540002395265,0.4391540002395265,0.1385307886557886,0.4223152111046848
475a8d08f8094514,2024-04-30,(KM.179/555) SECTION OF NH-45A ON HAM UN,Ongoing,General,Unknown Agency,,0,154.52,10.0,5.0,149.52,1000.0,,1,,,,False,False,0,0,,,,1,0.0,,2,9.0,0.0,Unknown State,44.0,,1,0.5100399885973234,1,0.6776068544251577,2,0.8134857364857365,0.1386917526917526,0.0478225108225108,0.8134857364857365
4775325d3a5d535a,2024-04-30,PELMA OCP(15.00MTY),Ongoing,General,Unknown Agency,,0,496.28,-0.7544383968332508,2021.0,-1524.72,-75.44383968332508,,1,,,,False,False,0,0,,,,1,0.0,,2,83.0,0.0,Unknown State,36.0,,1,0.4761513148861877,1,0.679547223724702,2,0.6068462909639382,0.2238757680228268,0.1692779410132351,0.6068462909639382
479390f10145b839,2024-04-30,SINDHREJ VILLAGE (CH. 0,Ongoing,General,Unknown Agency,,0,12.0,-0.5,24.0,-12.0,-50.0,,1,,,,False,False,0,0,,,,1,0.0,,1,4.0,0.0,Unknown State,104.0,,1,0.4698232530230935,1,0.8782923615123108,2,0.9287610306360304,0.0436561355311355,0.0275828338328338,0.9287610306360304
47bda2a7f5a2e728,2024-04-30,KANTE TO WAKED,Ongoing,General,Unknown Agency,,0,190.15,10.0,0.895,189.255,1000.0,,1,,,,False,False,0,0,,,,1,0.0,,2,8.0,0.0,Unknown State,45.0,,1,0.509485158922489,1,0.6606990817563407,2,0.6380421286230109,0.3093156247347424,0.0526422466422466,0.6380421286230109
47f8575760add14b,2024-04-30,TRANSPORT AND HIGHWAYS (STATE PWDs)),Ongoing,General,STATE PWDS,,0,12.0,-0.9811445271990196,636.42,-624.42,-98.11445271990196,,1,,,,False,False,0,0,,,,1,0.0,,1,-16.0,0.0,Unknown State,0.0,,1,0.5262295780867993,1,0.8662464471037384,2,0.8838906975377564,0.0793525869555281,0.0367567155067155,0.8838906975377564
482a1766a14bc520,2024-04-30,.250(DESIGN KM 490.800 TO KM 5,Ongoing,General,Unknown Agency,,0,10.0,0.4285714285714285,7.0,3.0,42.85714285714285,,1,,,,False,False,0,0,,,,1,0.0,,1,3.0,0.0,Unknown State,9.0,,1,0.5398352884622579,1,0.8534959654555828,2,0.9160799755799754,0.0554239926739926,0.0284960317460317,0.9160799755799754
482b5434cf56c68c,2024-04-30,CD (PACKAGE – OD-3),Ongoing,General,Unknown Agency,,0,1641.75,10.0,1.0,1640.75,1000.0,,1,,,,False,False,0,0,,,,1,0.0,,3,6.0,0.0,Unknown State,0.0,,1,0.5339252969951945,0,0.3052526561217953,2,0.4764231095701683,0.3272386029003676,0.1963382875294639,0.4764231095701683
4866a0085419cd7e,2024-04-30,DELHI MRTS PHASE-III,Ongoing,General,Unknown Agency,,0,2.0,0.0,2.0,0.0,0.0,,1,,,,False,False,1,0,,,,1,0.0,,1,-32.0,0.0,Unknown State,-30.0,,1,0.6083143970971422,1,0.881315184352038,2,0.9544383116883118,0.0291807359307359,0.0163809523809523,0.9544383116883118
48691276c25f689a,2024-04-30,BILASIPURA-GUWAHATI ROAD PKG-8,Ongoing,General,Unknown Agency,,0,7.0,0.0,7.0,0.0,0.0,,1,,,,False,False,0,0,,,,1,0.0,,1,32.0,0.0,Unknown State,5.0,,1,0.5045781956668097,1,0.8775089985603028,2,0.8924769536019536,0.1037730463980464,0.00375,0.8924769536019536
488701b5a337187b,2024-04-30,NH-30-BHADRACHALAM TO  KONTA SECTION 2LPS,Ongoing,General,Unknown Agency,,0,77.87,0.509108527131783,51.6,26.270000000000003,50.9108527131783,,1,,,,False,False,0,0,,,,1,0.0,,1,5.0,0.0,Unknown State,42.0,,1,0.5156795760468724,1,0.8498937192872295,2,0.8634868326118327,0.0806271645021645,0.0558860028860028,0.8634868326118327
48a039abf2d964b7,2024-04-30,KM185.00 TO KM 220.00 OF NH-61 (N,Ongoing,General,Unknown Agency,,0,236.47,10.0,4.0,232.47,1000.0,,0,,,,False,True,0,0,,,,1,0.0,,2,3.0,0.0,Unknown State,51.0,,1,0.504598138376109,1,0.5997390979169382,2,0.6112849699320287,0.3251151577180988,0.0635998723498723,0.6112849699320287
48b487585d93e6b1,2024-04-30,TO KM 43.000 OF NH-47 IN T,Ongoing,General,Unknown Agency,,0,2288.97,10.0,136.97,2152.0,1000.0,,1,,,,False,False,0,0,,,,1,0.0,,3,1.0,0.0,Unknown State,65.0,,1,0.4848480916076353,0,0.2847259694130752,0,0.5171139277389278,0.5171139277389278,0.205732448107448,0.2771536241536241
48f7098f84f6bd6f,2024-04-30,.000,Ongoing,General,Unknown Agency,,0,3.0,-0.99851411589896,2019.0,-2016.0,-99.851411589896,,1,,,,False,False,0,0,,,,1,0.0,,1,2.0,0.0,Unknown State,3.0,,1,0.53682902579353,1,0.8517543090866795,2,0.8780750254647313,0.0343538961038961,0.0875710784313725,0.8780750254647313
492c08be300c0848,2024-04-30,+200 (EXISTING KM 57+,Ongoing,General,Unknown Agency,,0,94.0,-0.8657142857142859,700.0,-606.0,-86.57142857142858,,1,,,,False,False,0,0,,,,1,0.0,,1,8.0,0.0,Unknown State,54.0,,1,0.5016129309668527,1,0.8739444122467589,2,0.8609876096126097,0.023595238095238,0.1154171522921522,0.8609876096126097
493c37ecdff15b2e,2024-04-30,TERMINAL BUILDING,Ongoing,General,Unknown Agency,,0,11.0,10.0,1.0,10.0,1000.0,,1,,,,False,False,0,0,,,,1,0.0,,1,23.0,0.0,Unknown State,112.0,,0,0.4498945453213044,1,0.8349572684155534,2,0.8454440073170723,0.1311876943146293,0.0233682983682983,0.8454440073170723
49467dee006f0ea2,2024-04-30,LUCKNOW,Ongoing,General,Unknown Agency,,0,14.0,-0.5788206979542719,33.24,-19.24,-57.88206979542719,,1,,,,False,False,0,0,48.0,,,1,0.0,,1,8.0,70.0,Unknown State,76.0,,0,0.4314888060024577,1,0.8826926696143004,2,0.9107806915306914,0.0469597069597069,0.0422596015096015,0.9107806915306914
496741138e9897e5,2024-04-30,MANDI SECTION (KM 208.950 TO KM 2,Ongoing,General,Unknown Agency,,0,239.72,10.0,1.0,238.72,1000.0,,1,,,,False,False,0,0,,,,1,0.0,,2,12.0,0.0,Unknown State,39.0,,1,0.5091087057285003,1,0.6360080392142735,2,0.705849594849595,0.2345095321345321,0.059640873015873,0.705849594849595
49978dfafb9c0f94,2024-04-30,(PKG-II) FROM KM.23+350 TO KM,Ongoing,General,NHAI (Contract),,0,2377.88,10.0,6.45,2371.4300000000003,1000.0,,1,,,,False,False,0,0,,,,1,0.0,,3,8.0,0.0,Unknown State,8.0,,1,0.5238069958060518,0,0.3215536805209236,0,0.4290635883724121,0.4290635883724121,0.1996942224442224,0.3712421891833656
49a3cc01d30044d5,2024-04-30,FRO,Ongoing,General,Unknown Agency,,0,1430.88,10.0,12.0,1418.88,1000.0,,1,,,,False,False,0,0,,,,1,0.0,,3,0.0,0.0,Unknown State,40.0,,1,0.5073704624788142,0,0.3057143108535667,0,0.6539759464391816,0.6539759464391816,0.0851958596958597,0.2608281938649586
49b1f949d7fc8458,2024-04-30,IMPROVEMENT FROM KM 16.000 TO KM 32.5,Ongoing,General,Unknown Agency,,0,5.0,-0.5833333333333334,12.0,-7.0,-58.333333333333336,,1,,,,False,False,0,0,,,,1,0.0,,1,1.0,0.0,Unknown State,17.0,,1,0.5362205022621174,1,0.9010518144173792,2,0.9377147852147852,0.0362023809523809,0.0260828338328338,0.9377147852147852
49f950575033d189,2024-04-30,KODERMA DISTRICTS,Ongoing,General,Unknown Agency,,0,988.0,10.0,6.0,982.0,1000.0,,1,,,,False,False,0,0,,,,1,0.0,,2,71.0,0.0,Unknown State,129.0,,0,0.4369468336982312,0,0.430224057088413,0,0.5030834084216437,0.5030834084216437,0.05750555000555,0.4394110415728062
4a01c805732670fb,2024-04-30,(SOUTH CENTRAL RAILWAY),Ongoing,General,SOUTH CENTRAL RAILWAY,,0,16.0,10.0,0.93,15.07,1000.0,,1,,,,False,False,1,0,,,,1,0.0,,1,-289.0,0.0,Unknown State,-300.0,,1,0.5981947076392697,1,0.8468459792333178,2,0.9102667610167609,0.0769513819513819,0.012781857031857,0.9102667610167609
4a512ceedf8333b7,2024-04-30,WARDHA TO ARVI,Ongoing,General,Unknown Agency,,0,2.0,-0.6,5.0,-3.0,-60.0,,1,,,,False,False,0,0,,,,1,0.0,,1,-4.0,0.0,Unknown State,82.0,,1,0.4704645252203109,1,0.9033510288787336,2,0.9133522311022312,0.063064935064935,0.0235828338328338,0.9133522311022312
4a5385985ea8ff64,2024-04-30,ITEM RATE(EASTERN RAILWAYS),Ongoing,General,EASTERN RAILWAYS,,0,3.0,-0.9982352941176472,1700.0,-1697.0,-99.82352941176472,,1,,,,False,False,0,0,,,,1,0.0,,1,-1.0,0.0,Unknown State,24.0,,1,0.5241260833956551,1,0.8233154872347415,2,0.8617546946517536,0.0915143834923246,0.0467309218559218,0.8617546946517536
4a5e6b28929695e5,2024-04-30,LPG IMPORT TERMINAL,Ongoing,General,Unknown Agency,,0,423.39,10.0,5.0,418.39,1000.0,,1,,,,False,False,0,0,,,,1,0.0,,2,12.0,0.0,Unknown State,35.0,,1,0.5108322293295618,0,0.4615629306541753,2,0.5786785159285162,0.3444767038517038,0.0768447802197802,0.5786785159285162
4a68ee2614c6845c,2024-04-30,[CHICHOLI - BETUL],Ongoing,General,Unknown Agency,,0,2566.8,10.0,6.8,2560.0,1000.0,,1,,,,False,False,0,0,,,,1,0.0,,3,1.0,0.0,Unknown State,15.0,,1,0.5315005740489978,0,0.2846108202398513,0,0.5404523203404783,0.5404523203404783,0.176573893212051,0.2829737864474706
4aaad47fdd92e610,2024-04-30,AIRPORT,Ongoing,General,Unknown Agency,,0,1405.0,10.0,1.0,1404.0,1000.0,,1,,,,False,False,0,0,,,,1,0.0,,3,3.0,0.0,Unknown State,78.0,,1,0.471459700475289,0,0.3112526561217953,2,0.515283223312635,0.3413059522177169,0.1434108244696479,0.515283223312635
4ad41c17770d9172,2024-04-30,(CH. 247.310 TO CH. 292.950) [JUNCTION WITH M,Ongoing,General,Unknown Agency,,0,496.2,10.0,3.0,493.2,1000.0,,1,,,,False,False,0,0,,,,1,0.0,,2,-10.0,0.0,Unknown State,63.0,,1,0.4849901033398998,0,0.4348038221160948,2,0.4917353414129731,0.4413559839283523,0.0669086746586746,0.4917353414129731
4af6f409bf9949ef,2024-04-30,(KM.517+250) SECTION OF NEW NH-66,Ongoing,General,Unknown Agency,,0,2.0,1.0,1.0,1.0,100.0,,1,,,,False,False,0,0,,,,1,0.0,,1,10.0,0.0,Unknown State,38.0,,1,0.5217597022864607,1,0.8695964893283363,2,0.9503271867021869,0.0207533993783993,0.0289194139194139,0.9503271867021869
4b23dcd32a80964b,2024-04-30,"ARTS AND CULTURE,SHILONG IN MEGALAYA UNDER NLCPR",Ongoing,General,Unknown Agency,,0,683.0,0.9514285714285714,350.0,333.0,95.14285714285714,,1,,,,False,False,1,0,,,,1,0.0,,2,-79.0,0.0,Unknown State,-20.0,,1,0.5985434780581437,0,0.4939071008133903,2,0.7832787490287488,0.145560717060717,0.0711605339105339,0.7832787490287488
4b9d31a3b6b08f73,2024-04-30,OSMANNAGAR TO KUNDRAL,Ongoing,General,Unknown Agency,,0,171.0,10.0,12.0,159.0,1000.0,,1,,,,False,False,0,0,,,,1,0.0,,2,-4.0,0.0,Unknown State,0.0,,1,0.5234059353879381,1,0.6569567712629757,2,0.6669583725098431,0.2973464990891461,0.0356951284010107,0.6669583725098431
4bf25237722bc94d,2024-04-30,MUZAFFARNAGAR) AND NH-58 (MEERUT,Ongoing,General,Unknown Agency,,0,1198.02,10.0,22.0,1176.02,1000.0,,1,,,,False,False,0,0,,,,1,0.0,,3,4.0,0.0,Unknown State,0.0,,1,0.532245451995845,0,0.2955124559708607,0,0.6023598255609125,0.6023598255609125,0.1217872634611764,0.275852910977911
4bfb7e10138f7b10,2024-04-30,"AIRPORT, DEHRADUN",Ongoing,General,Unknown Agency,,0,255.68,10.0,6.0,249.68,1000.0,,1,,,,False,False,0,0,48.0,,,1,0.0,,2,1.0,83.0,DEHRADUN -,83.0,,0,0.4243990969757111,1,0.6170428509352056,2,0.7581926382441089,0.1191224094532917,0.1226849523025993,0.7581926382441089
4c3ef505e48ffa5f,2024-04-30,CORPORATION Ltd.),Ongoing,General,Unknown Agency,,0,5.0,-0.9791501605437638,239.81,-234.81,-97.91501605437638,,1,,,,False,False,0,0,,,,1,0.0,,1,2.0,0.0,Unknown State,1.0,,1,0.532048646021827,1,0.8698366218001623,2,0.9297512210012212,0.0142559523809523,0.0559928266178266,0.9297512210012212
4c41b1b9ae9a7944,2024-04-30,NSG AT KOLKATA,Ongoing,General,Unknown Agency,,0,3756.86,0.0235671705227825,3670.36,86.5,2.356717052278251,,1,,,,False,False,0,0,,,,1,0.0,,3,8.0,0.0,Unknown State,134.0,,1,0.4791376215888576,0,0.4311625434611932,2,0.5868478870163653,0.2385310221179787,0.174621090865656,0.5868478870163653
4c48865358555ce7,2024-04-30,SECTION (KM 136.50) TO (KM 199.141,Ongoing,General,Unknown Agency,,0,10.0,-0.915966386554622,119.0,-109.0,-91.5966386554622,,1,,,,False,False,0,0,,,,1,0.0,,1,3.0,0.0,Unknown State,57.0,,1,0.5046528488987042,1,0.8917251100628788,2,0.9235857753357752,0.0305325091575091,0.0458817155067155,0.9235857753357752
4c593e2ce212b970,2024-04-30,CHITRA EAST (RCE) OCP,Ongoing,General,RCE,,0,6.0,2.0,2.0,4.0,200.0,,1,,,,False,False,0,0,,,,1,0.0,,1,23.0,0.0,Unknown State,91.0,,0,0.4457930423651036,1,0.8563306613174962,2,0.8429944222444221,0.1224188866688866,0.034586691086691,0.8429944222444221
4cf9c11476f15fdf,2024-04-30,EXISTING SINGLE/INTERMEDIATE  LANE TO 2 LANE  WITH  EAR,Ongoing,General,Unknown Agency,,0,3.0,-0.9974554707379136,1179.0,-1176.0,-99.74554707379136,,1,,,,False,False,0,0,,,,1,0.0,,1,-13.0,0.0,Unknown State,72.0,,1,0.4731815332007263,1,0.8755790062996605,2,0.9246911560661564,0.026077922077922,0.0492309218559218,0.9246911560661564
4d075bb39643a217,2024-04-30,KM.99+500 TO 124+661 UNDER RAIPUR VIS,Ongoing,General,Unknown Agency,,0,591.99,10.0,2.0,589.99,1000.0,,1,,,,False,False,0,0,,,,1,0.0,,2,18.0,0.0,Unknown State,56.0,,1,0.4859889652718577,0,0.4340165135902194,2,0.5474558080808082,0.3795612443112442,0.0729829476079476,0.5474558080808082
4d0f89c433e941b9,2024-04-30,FRO,Ongoing,General,Unknown Agency,,0,390.0,10.0,1.0,389.0,1000.0,,1,,,,False,False,0,0,,,,1,0.0,,2,8.0,0.0,Unknown State,107.0,,1,0.4675143325237831,1,0.5212471724267674,2,0.6027737042369394,0.3246922048539696,0.0725340909090909,0.6027737042369394
4d318fcf00880d5a,2024-04-30,FROM BANI VILLAGE TO BARDAWADI V,Ongoing,General,Unknown Agency,,0,51.0,9.2,5.0,46.0,920.0,,1,,,,False,False,0,0,,,,1,0.0,,1,1.0,0.0,Unknown State,0.0,,1,0.5345227883900295,1,0.8337223698266141,2,0.8491915080533501,0.0956727943109521,0.0551356976356976,0.8491915080533501
4d418eea1e6c9da8,2024-04-30,OF NH-8E (PKG- III),Ongoing,General,PKG- III,,0,1710.3,10.0,7.0,1703.3,1000.0,,1,,,,False,False,0,0,,,,1,0.0,,3,2.0,0.0,Unknown State,47.0,,1,0.5060898710339997,0,0.3115349575983086,0,0.4501436698406513,0.4501436698406513,0.1096676744308322,0.4401886557285164
4d63d5609f53de39,2024-04-30,MADURAI PRODUCT PIPELINE,Ongoing,General,Unknown Agency,,0,2.0,1.0,1.0,1.0,100.0,,1,,,,False,False,0,0,,,,1,0.0,,1,7.0,0.0,Unknown State,49.0,,1,0.521295197471633,1,0.8695964893283363,2,0.9025090048840048,0.0597533993783993,0.0377375957375957,0.9025090048840048
4d7a57e47362a0cf,2024-04-30,ARAKKONAM) FROM KM 180.000 TO KM 2,Ongoing,General,Unknown Agency,,0,3.0,-0.9325842696629212,44.5,-41.5,-93.25842696629212,,1,,,,False,False,0,0,,,,1,0.0,,1,3.0,0.0,Unknown State,16.0,,1,0.5372072079470155,1,0.9030818504739818,2,0.9489575702075702,0.0149940476190476,0.0360483821733821,0.9489575702075702
4ddefb940440a3c2,2024-04-30,R2,Ongoing,General,Unknown Agency,,0,515.07,10.0,12.0,503.0700000000001,1000.0,,1,,,,False,False,0,0,,,,1,0.0,,2,-7.0,0.0,Unknown State,57.0,,1,0.4950267930591721,0,0.4550610519320183,0,0.4786110629136944,0.4786110629136944,0.0732814239853713,0.4481075131009342
4df6448cb7c423bc,2024-04-30,ERNAKULAM-KUMBALAM - PATCH DOUBLING (7.71 KM),Ongoing,General,Unknown Agency,,0,304.22,10.0,1.0,303.22,1000.0,,1,,,,False,False,0,0,,,,1,0.0,,2,27.0,0.0,Unknown State,90.0,,0,0.4399711960445696,1,0.5751447102376838,2,0.5955529914701743,0.3744203130031303,0.0300266955266955,0.5955529914701743
4e0ec350661763cd,2024-04-30,LANE OF KANPUR LUCKNOW EXPRESSWAY (N,Ongoing,General,Unknown Agency,,0,2208.68,10.0,9.0,2199.68,1000.0,,1,,,,False,False,0,0,,,,1,0.0,,3,15.0,0.0,Unknown State,46.0,,1,0.5067120477866228,0,0.2861798110494963,0,0.5143800521374051,0.5143800521374051,0.1486448314757137,0.3369751163868812
4e1168012239559d,2024-04-30,OF NH-31,Ongoing,General,Unknown Agency,,0,1841.91,10.0,81.24,1760.67,1000.0,,1,,,,False,False,0,0,,,,1,0.0,,3,6.0,0.0,Unknown State,44.0,,1,0.5118788997685814,0,0.2844693560755178,0,0.4274592768342768,0.4274592768342768,0.2264584459657988,0.3460822771999242
4e2413c8bb7a2335,2024-04-30,AT RASAYANI,Ongoing,General,Unknown Agency,,0,1034.01,10.0,3.0,1031.01,1000.0,,1,,,,False,False,0,0,,,,1,0.0,,3,5.0,0.0,Unknown State,114.0,,1,0.4674161732191261,0,0.3581699005057474,2,0.5908720209529033,0.3116517412326235,0.0974762378144731,0.5908720209529033
4e2f400bb0d79ced,2024-04-30,SAMNI-JAMBUSAR (24.08 KM),Ongoing,General,Unknown Agency,,0,6.0,5.382978723404255,0.94,5.0600000000000005,538.2978723404256,,1,,,,False,False,1,0,,,,1,0.0,,1,12.0,0.0,Unknown State,-26.0,,1,0.6123738382824053,1,0.8364727781993271,2,0.8528986291486289,0.0894823232323232,0.0576190476190476,0.8528986291486289
4e48b02d00b9f24f,2024-04-30,SEWER NETWORK   SPS AND STP  BEGUSARAI,Ongoing,General,Unknown Agency,,0,277.42,10.0,3.0,274.42,1000.0,,1,,,,False,False,0,0,,,,1,0.0,,2,-4.0,0.0,Unknown State,81.0,,1,0.4675963326375907,1,0.6043336849629093,2,0.5546478243978247,0.4007594905094903,0.044592685092685,0.5546478243978247
4e70cf3f855e3cba,2024-04-30,KORAPUT - SINGAPUR ROAD DOUBLING,Ongoing,General,Unknown Agency,,0,1172.92,10.0,4.0,1168.92,1000.0,,1,,,,False,False,0,0,,,,1,0.0,,3,23.0,0.0,Unknown State,131.0,,1,0.4519915430633706,0,0.2993215412422698,2,0.5334325951825953,0.397717698967699,0.0688497058497058,0.5334325951825953
4e714d7df7bcb774,2024-04-30,PATHERDIH 2.5 NLW COAL WASHERY,Ongoing,General,Unknown Agency,,0,887.0,10.0,6.0,881.0,1000.0,,1,,,,False,False,0,0,,,,1,0.0,,2,5.0,0.0,Unknown State,15.0,,1,0.5278380796651494,0,0.4316728715885894,2,0.488598080840728,0.4002439088689089,0.1111580102903632,0.488598080840728
4e746fe8146a645c,2024-04-30,ALIPUR VILLAGE A,Ongoing,General,Unknown Agency,,0,567.0,10.0,7.0,560.0,1000.0,,1,,,,False,False,0,0,,,,1,0.0,,2,1.0,0.0,Unknown State,76.0,,1,0.4681584822172415,0,0.4406786343738289,0,0.4707536235694129,0.4707536235694129,0.0975555475226527,0.4316908289079343
4e7d94b7614ee2bf,2024-04-30,PIMPLA TO MANJARSUMBHA,Ongoing,General,Unknown Agency,,0,12.0,1.0,6.0,6.0,100.0,,1,,,,False,False,0,0,,,,1,0.0,,1,-4.0,0.0,Unknown State,54.0,,1,0.507315671718483,1,0.8625911710149335,2,0.9114389964610552,0.0586959241738653,0.0298650793650793,0.9114389964610552
4ebeb535e719713e,2024-04-30,GEOMETRIC IMPROVEMENT FROM KM 0.000 TO KM 16.00,Ongoing,General,Unknown Agency,,0,373.07,10.0,3.0,370.07,1000.0,,1,,,,False,False,0,0,,,,1,0.0,,2,-4.0,0.0,Unknown State,93.0,,1,0.4675963326375907,1,0.5075463886950938,2,0.6072679420252951,0.3498229670656142,0.0429090909090909,0.6072679420252951
4ec1799bafa74486,2024-04-30,ALIGARH-HARDUAGANJ FLYOVER (22 KM),Ongoing,General,Unknown Agency,,0,494.11,10.0,4.0,490.11,1000.0,,1,,,,False,False,0,0,,,,1,0.0,,2,26.0,0.0,Unknown State,86.0,,0,0.4411818701524402,0,0.4414174332552332,2,0.5352659272272278,0.405092071799889,0.0596420009728833,0.5352659272272278
4eddae8a221cb4b9,2024-04-30,4L AMBALA - KALAAMB FROM KM. -0.800 TO KM. 33.015 OF OLD NH-72,Ongoing,General,Unknown Agency,,0,3.0,-0.9763779527559056,127.0,-124.0,-97.63779527559056,,1,,,,False,False,0,0,,,,1,0.0,,1,14.0,0.0,Unknown State,51.0,,1,0.5114748274589811,1,0.8951683019489082,2,0.9378394244644248,0.0096488095238095,0.052511766011766,0.9378394244644248
4edf2ff512fc6ec8,2024-04-30,PARADIP REFINERY,Ongoing,General,Unknown Agency,,0,509.84,0.2374757281553397,412.0,97.83999999999996,23.74757281553397,,1,,,,False,False,0,0,,,,1,0.0,,2,12.0,0.0,Unknown State,18.0,,1,0.52371446403586,1,0.5363791651838175,2,0.7118054478201534,0.1916721823927706,0.0965223697870756,0.7118054478201534
4f49e6aef7327773,2024-04-30,RAJASTHA,Ongoing,General,Unknown Agency,,0,1184.88,10.0,5.0,1179.88,1000.0,,1,,,,False,False,0,0,,,,1,0.0,,3,1.0,0.0,Unknown State,36.0,,1,0.5109104220495084,0,0.2993215412422698,0,0.4993093989343991,0.4993093989343991,0.104574259074259,0.3961163419913421
4f8cd9849a61c423,2024-04-30,MEHKAR TO AJISPUR,Ongoing,General,Unknown Agency,,0,7.0,-0.6666666666666665,21.0,-14.0,-66.66666666666666,,1,,,,False,False,0,0,,,,1,0.0,,1,-8.0,0.0,Unknown State,1.0,,1,0.5358751049226239,1,0.8947052099371833,2,0.9747239843489844,0.0092196969696969,0.0160563186813186,0.9747239843489844
4f920a94c971a9e3,2024-04-30,SEWERAGE TREATMENT PLANT AT PAHARI   PATNA,Ongoing,General,Unknown Agency,,0,233.57,10.0,3.0,230.57,1000.0,,1,,,,False,False,0,0,,,,1,0.0,,2,-41.0,0.0,Unknown State,44.0,,1,0.5080362227903692,1,0.6306261757879352,2,0.5886363358863359,0.3628972416472417,0.0484664224664224,0.5886363358863359
4fc6bec89a41ee6e,2024-04-30,SONEPUR BAZARI EXPANSION OC,Ongoing,General,Unknown Agency,,0,2.0,1.0,1.0,1.0,100.0,,1,,,,False,False,0,0,,,,1,0.0,,1,59.0,0.0,Unknown State,100.0,,0,0.4412717527529409,1,0.8695964893283363,2,0.931722186310421,0.0610085829203476,0.0072692307692307,0.931722186310421
4fd2f016fab5fadb,2024-04-30,TIRUCHCHIRAPPALLI-NAGORE-KARAIKAL),Ongoing,General,Unknown Agency,,0,162.13,10.0,2.0,160.13,1000.0,,1,,,,False,False,0,0,,,,1,0.0,,2,8.0,0.0,Unknown State,166.0,,1,0.4639137385670454,1,0.679352709017871,2,0.6884491203241204,0.2765348956598956,0.035015984015984,0.6884491203241204
4fefb26a70f727e0,2024-04-30,PROJECT,Ongoing,General,Unknown Agency,,0,72.0,10.0,3.0,69.0,1000.0,,1,,,,False,False,0,0,,,,1,0.0,,1,59.0,0.0,Unknown State,36.0,,1,0.4832389335178836,1,0.8241440972880002,2,0.8573487692218338,0.1192572913842263,0.0233939393939393,0.8573487692218338
4ff2f50d1790e281,2024-04-30,FORBESGANJ (GC),Ongoing,General,Indian Railways (GC),,0,2.0,1.0,1.0,1.0,100.0,,1,,,,False,False,0,0,,,,1,0.0,,1,2.0,0.0,Unknown State,242.0,,1,0.4554563011840804,1,0.868449854928144,2,0.9321235014985016,0.0602666083916083,0.0076098901098901,0.9321235014985016
4ff67e9a4153706d,2024-04-30,II) OF NH-327E,Ongoing,General,Unknown Agency,,0,4.0,-0.8333333333333335,24.0,-20.0,-83.33333333333334,,1,,,,False,False,0,0,,,,1,0.0,,1,1.0,0.0,Unknown State,38.0,,1,0.5182925020082728,1,0.9020239643427074,2,0.9618524114774116,0.0067738095238095,0.0313737789987789,0.9618524114774116
4ff985a98b0e4510,2024-04-30,KHARAGPUR-ADITYAPUR - 3RD LINE (132 KM),Ongoing,General,Unknown Agency,,0,404.0,10.0,6.0,398.0,1000.0,,1,,,,False,False,0,0,,,,1,0.0,,2,2.0,0.0,Unknown State,180.0,,1,0.4607007907187645,0,0.4950213212909316,2,0.6507196569770098,0.2912911239087709,0.0579892191142191,0.6507196569770098
501506b4d2307dd8,2024-04-30,"CONSTRUCTION OF CAPTIVE POL LPG JETTY AT KAMARAJAR PORT, CHENNAI",Ongoing,General,Unknown Agency,,0,1398.0,10.0,10.0,1388.0,1000.0,,1,,,,False,False,0,0,,,,1,0.0,,3,8.0,0.0,CHENNAI -,50.0,,1,0.5052463557144032,0,0.3212604502550964,1,0.4419901764901764,0.1795629648129648,0.4419901764901764,0.3784468586968586
5017300e8d4efcd4,2024-04-30,TO KM 37.550) BETWEEN SHIL,Ongoing,General,Unknown Agency,,0,512.43,10.0,7.0,505.43,1000.0,,1,,,,False,False,0,0,,,,1,0.0,,2,28.0,0.0,Unknown State,61.0,,1,0.4583389771364847,0,0.4493232844846138,2,0.5388155669150252,0.4029761869537411,0.0582082461312337,0.5388155669150252
502716ff37b88c8e,2024-04-30,CGD PROJECT AT DHARMAPURI AND KRISHNAGIRI DISTRICTS,Ongoing,General,Unknown Agency,,0,3.0,-0.75,12.0,-9.0,-75.0,,1,,,,False,False,0,0,,,,1,0.0,,1,71.0,0.0,Unknown State,3.0,,1,0.5009770408601737,1,0.898429963691273,2,0.8442930680430679,0.1364289321789321,0.0192779997779997,0.8442930680430679
507150e9abce3e94,2024-04-30,REFINARY,Ongoing,General,Unknown Agency,,0,345.81,0.1375328947368421,304.0,41.81,13.75328947368421,,1,,,,False,False,0,0,,,,1,0.0,,2,20.0,0.0,Unknown State,30.0,,1,0.484173645235151,1,0.5904046612703566,2,0.694465633222986,0.2687359903168726,0.0367983764601411,0.694465633222986
509f3e6a55dcc401,2024-04-30,KOLDE TO KHETIYA,Ongoing,General,Unknown Agency,,0,2.0,1.0,1.0,1.0,100.0,,1,,,,False,False,0,0,,,,1,0.0,,1,-4.0,0.0,Unknown State,69.0,,1,0.4770563227074645,1,0.8695964893283363,2,0.8858566621287208,0.0921598213877625,0.0219835164835164,0.8858566621287208
50e925d35932e416,2024-04-30,".650 TO 175.080, FROM START OF SHA",Ongoing,General,Unknown Agency,,0,1391.0,0.0001653760147256,1390.77,0.2300000000000182,0.0165376014725668,,1,,,,False,False,0,0,,,,1,0.0,,3,19.0,0.0,FROM START OF SHA -,0.0,,1,0.521708615730998,0,0.3852085623399703,2,0.543434285485756,0.376702577651107,0.0798631368631368,0.543434285485756
5107d218c28a3b3e,2024-04-30,(KM 60.20) TO (KM 112.0) PKG II ON,Ongoing,General,Unknown Agency,,0,200.3,10.0,3.0,197.3,1000.0,,1,,,,False,False,0,0,,,,1,0.0,,2,5.0,0.0,Unknown State,18.0,,1,0.5268945482402639,1,0.635133376904132,2,0.7011297730047731,0.2569892191142191,0.0418810078810078,0.7011297730047731
515960dd9f63ce62,2024-04-30,KATNI-BINA 3RD LINE (263 KM),Ongoing,General,Unknown Agency,,0,677.12,10.0,7.0,670.12,1000.0,,1,,,,False,False,0,0,,,,1,0.0,,2,2.0,0.0,Unknown State,191.0,,1,0.4606377376126773,0,0.4467535552459007,0,0.4827992723650618,0.4827992723650618,0.1043773784694837,0.4128233491654545
5161b42f2465509b,2024-04-30,OF TECHNOLOGY TIRUPATI AT MERLAPAKA VILLAGE YE,Ongoing,General,Unknown Agency,,0,165.23,10.0,1.0,164.23,1000.0,,1,,,,False,False,0,0,,,,1,0.0,,2,-46.0,0.0,Unknown State,125.0,,1,0.4623993193515062,1,0.6712239171386974,2,0.6504989528445411,0.3005998192983486,0.0489012278571101,0.6504989528445411
5163556be4256757,2024-04-30,PILIBHIT SECTION OF 46.130 KM,Ongoing,General,Unknown Agency,,0,379.23,10.0,12.0,367.23,1000.0,,1,,,,False,False,0,0,,,,1,0.0,,2,2.0,0.0,Unknown State,42.0,,1,0.5062202152091814,1,0.5057015360802485,2,0.6007590342663872,0.3429453308129779,0.0562956349206349,0.6007590342663872
51b5c4900b7aa60e,2024-04-30,MADHUBAND NLW WASHERY,Ongoing,General,Unknown Agency,,0,458.0,10.0,1.0,457.0,1000.0,,1,,,,False,False,0,0,,,,1,0.0,,2,-5.0,0.0,Unknown State,94.0,,1,0.4651441650406683,0,0.4332271850576358,0,0.4728565462315461,0.4728565462315461,0.1339779387279387,0.3931655150405152
51b7b8d1199d34b1,2024-04-30,GADAG-WADI NL,Ongoing,General,Unknown Agency,,0,986.3,10.0,4.0,982.3,1000.0,,0,,,,False,False,0,0,,,,1,0.0,,2,35.0,0.0,Unknown State,203.0,,0,0.4367911364850616,0,0.430224057088413,2,0.5071043678543679,0.4441991896991897,0.0486964424464424,0.5071043678543679
51bb4a2ab7bd1fa1,2024-04-30,.00 UNDER GNHCP,Ongoing,General,Unknown Agency,,0,43.06,-0.8829891304347826,368.0,-324.94,-88.29891304347825,,1,,,,False,False,0,0,,,,1,0.0,,1,3.0,0.0,Unknown State,47.0,,1,0.5137746120295523,1,0.8882050603195865,2,0.8704048174048176,0.0386507936507936,0.0909443889443889,0.8704048174048176
51c73950592439c8,2024-04-30,DURGAPUR PP-III (2X20 MW) - NSPCL,Ongoing,General,Unknown Agency,,0,1527.0,10.0,7.0,1520.0,1000.0,,1,,,,False,False,0,0,,,,1,0.0,,3,-1.0,0.0,Unknown State,140.0,,1,0.4662395314996791,0,0.2899882079089365,0,0.5660739487121065,0.5660739487121065,0.1255310887942466,0.3083949624936466
520f55a0c79cb2ab,2024-04-30,.11,Ongoing,General,Unknown Agency,,0,9.0,1.25,4.0,5.0,125.0,,1,,,,False,False,0,0,,,,1,0.0,,1,22.0,0.0,Unknown State,89.0,,1,0.4545929376484492,1,0.8616083453071649,2,0.93995757020757,0.0545509768009768,0.0054914529914529,0.93995757020757
5238fded87f27525,2024-04-30,UNDER EPC MODE IN THE STATE OF KARN,Ongoing,General,Unknown Agency,,0,297.3,10.0,12.0,285.3,1000.0,,1,,,,False,False,0,0,,,,1,0.0,,2,-21.0,0.0,Unknown State,55.0,,1,0.4975730586033592,1,0.5743566339862403,2,0.5965658899923607,0.35258013065366,0.0508539793539793,0.5965658899923607
523b8fd29927b77b,2024-04-30,/410 TO KM 84/037OF THIRUMALAGIRI TO SURYAPET SE,Ongoing,General,Unknown Agency,,0,504.19,10.0,3.0,501.19,1000.0,,1,,,,False,False,0,0,,,,1,0.0,,2,-56.0,0.0,Unknown State,17.0,,1,0.5233915918688612,0,0.4348038221160948,2,0.5753984683187472,0.3506860917290483,0.0739154399522046,0.5753984683187472
5241a82b4a03ea14,2024-04-30,DISTRICTS,Ongoing,General,Unknown Agency,,0,347.0,10.0,6.0,341.0,1000.0,,1,,,,False,False,0,0,,,,1,0.0,,2,64.0,0.0,Unknown State,122.0,,0,0.4349475881999048,1,0.5511636644034708,2,0.5920080862120336,0.3585153209363735,0.0494765928515928,0.5920080862120336
52430d93dae6858a,2024-04-30,(LENGTH = 38.236KM) OF NH-352,Ongoing,General,Unknown Agency,,0,990.0,10.0,22.0,968.0,1000.0,,1,,,,False,False,1,0,,,,1,0.0,,2,1.0,0.0,Unknown State,-5.0,,1,0.600431608894191,0,0.4328162585948539,2,0.6141062548562547,0.2671539016539017,0.1187398434898434,0.6141062548562547
5243fe2463d99b8e,2024-04-30,PAITHAN TO SHIRUR,Ongoing,General,Unknown Agency,,0,336.21,10.0,3.0,333.21,1000.0,,1,,,,False,False,0,0,,,,1,0.0,,2,-1.0,0.0,Unknown State,72.0,,1,0.4685140548348087,1,0.5555293885503485,2,0.6751977344550876,0.2736087923514395,0.0511934731934732,0.6751977344550876
525e1c1b7ebded87,2024-04-30,KM. 119+790 (DESIGN,Ongoing,General,Unknown Agency,,0,121.0,0.0168067226890756,119.0,2.0,1.680672268907563,,1,,,,False,False,0,0,,,,1,0.0,,1,3.0,0.0,Unknown State,40.0,,1,0.513704915028884,1,0.8344085706021958,2,0.8536124382153794,0.0884638188608776,0.0579237429237429,0.8536124382153794
52696f4abb911441,2024-04-30,CH. 69.000) OF MUCHUKOTA –,Ongoing,General,Unknown Agency,,0,2.0,-0.9937384552769168,319.41,-317.41,-99.37384552769169,,1,,,,False,False,0,0,,,,1,0.0,,1,16.0,0.0,Unknown State,18.0,,1,0.5179396995868216,1,0.8982811715880207,2,0.945924741924742,0.0196309523809523,0.0344443056943057,0.945924741924742
526b8496e6d83bfd,2024-04-30,NAHATI - RANAGHAT 3RD LINE (MM OF KALINARAYANPUR - KRISHNANAGAR),Ongoing,General,MM OF KALINARAYANPUR - KRISHNANAGAR,,0,499.99,10.0,7.0,492.99,1000.0,,1,,,,False,False,0,0,,,,1,0.0,,2,23.0,0.0,Unknown State,104.0,,0,0.4371355605148062,0,0.4624754624537084,2,0.5340219740699618,0.4214328014177085,0.0445452245123297,0.5340219740699618
52998eb17553b038,2024-04-30,WIDENING AND STRENTHENING FROM KM 70.15 TO KM 121.025 OF NH-80,Ongoing,General,Unknown Agency,,0,549.28,10.0,1.0,548.28,1000.0,,1,,,,False,False,0,0,,,,1,0.0,,2,9.0,0.0,Unknown State,36.0,,1,0.5102058344573293,0,0.4368458719263226,2,0.5751013847263847,0.3002636113886114,0.1246350038850038,0.5751013847263847
52b29f202297fa02,2024-04-30,(KONGURUKONDA),Ongoing,General,KONGURUKONDA,,0,385.0,5.52542372881356,59.0,326.0,552.542372881356,,1,,,,False,False,0,0,,,,1,0.0,,2,7.0,0.0,Unknown State,44.0,,1,0.503401454593399,1,0.5518453889260424,2,0.6028056445188796,0.2315854504972151,0.165608904983905,0.6028056445188796
52ccd7a6f26cd7a6,2024-04-30,ELECTRIC PROJECT,Ongoing,General,Unknown Agency,,0,7.0,-0.993,1000.0,-993.0,-99.3,,1,,,,False,False,0,0,,,,1,0.0,,1,26.0,0.0,Unknown State,239.0,,0,0.4360758375189001,1,0.8777896472906133,2,0.9197155067155066,0.037095238095238,0.0431892551892551,0.9197155067155066
52d5fcbe94f8ffe2,2024-04-30,GOPALJI-KANIHA OCP,Ongoing,General,Unknown Agency,,0,5365.88,10.0,7.0,5358.88,1000.0,,1,,,,False,False,0,0,,,,1,0.0,,3,47.0,0.0,Unknown State,80.0,,0,0.4496307757886386,0,0.2994230846866684,0,0.458714433227591,0.458714433227591,0.1118121549503128,0.429473411822096
52fc5cc2959165c4,2024-04-30,CHAINAGE 43.446) TO KM 88,Ongoing,General,Unknown Agency,,0,899.0,10.0,3.0,896.0,1000.0,,1,,,,False,False,0,0,,,,1,0.0,,2,2.0,0.0,Unknown State,99.0,,1,0.4664498848368844,0,0.4359460317617495,2,0.5850114387246741,0.3116374222183046,0.1033511390570214,0.5850114387246741
53077057fe6d81e2,2024-04-30,GUJARAT REFINERY,Ongoing,General,Unknown Agency,,0,328.0,10.0,22.0,306.0,1000.0,,0,,,,False,False,0,0,,,,1,0.0,,2,20.0,0.0,Unknown State,15.0,,1,0.4981639473076809,1,0.5425134880135131,2,0.5318042847675202,0.4436204571572217,0.024575258075258,0.5318042847675202
5318fb205dbb21f8,2024-04-30,FROM SOLAR ENERGY ZONES IN RAJASTHA,Ongoing,General,Unknown Agency,,0,1931.39,10.0,8.0,1923.39,1000.0,,1,,,,False,False,0,0,,,,1,0.0,,3,5.0,0.0,Unknown State,85.0,,1,0.4743344660376868,0,0.2868577771511912,0,0.4680739954489955,0.4680739954489955,0.1671464524038053,0.3647795521471992
5380b34f40c85b4d,2024-04-30,BORDER SECTION OF NH,Ongoing,General,Unknown Agency,,0,693.0,10.0,0.1,692.9,1000.0,,1,,,,False,False,0,0,,,,1,0.0,,2,8.0,0.0,Unknown State,47.0,,1,0.5104813761475656,0,0.4822501864455782,2,0.5514925907425908,0.3045134865134865,0.1439939227439227,0.5514925907425908
538f4f35c793bc2c,2024-04-30,EXISTING CHAINAGE KM  64.535  TO K,Ongoing,General,Unknown Agency,,0,495.18,10.0,4.0,491.18,1000.0,,1,,,,False,False,0,0,,,,1,0.0,,2,2.0,0.0,Unknown State,86.0,,1,0.4689680041422064,0,0.4414174332552332,2,0.5038023700156056,0.4139631936690759,0.0822344363153186,0.5038023700156056
53a8aed7472daf8c,2024-04-30,ASSAM,Ongoing,General,Unknown Agency,,0,829.0,0.0,829.0,0.0,0.0,,1,,,,False,False,0,0,,,,1,0.0,,2,29.0,0.0,Unknown State,26.0,,1,0.4774354235809946,1,0.5015809312269157,2,0.6100121202756651,0.3495920193068025,0.0403958604175322,0.6100121202756651
53e9a31fef320d14,2024-04-30,PEN TO KHOPOLI,Ongoing,General,Unknown Agency,,0,63.0,-0.6204819277108434,166.0,-103.0,-62.048192771084345,,1,,,,False,False,0,0,,,,1,0.0,,1,-3.0,0.0,Unknown State,27.0,,1,0.521653233641871,1,0.885619115410153,2,0.8328494512023923,0.0950612214582802,0.0720893273393273,0.8328494512023923
53f93d443fe319f5,2024-04-30,MALUGUR-PALASAMUDRAM (17.98 KM)  (PB#29/NR/2022-23),Ongoing,General,Unknown Agency,,0,492.87,10.0,3.0,489.87,1000.0,,1,,,,False,False,0,0,,,,1,0.0,,2,32.0,0.0,Unknown State,105.0,,0,0.4390352183830376,0,0.4348038221160948,2,0.4770447317560321,0.4731157703235875,0.0498394979203802,0.4770447317560321
544ab7ac1c787c01,2024-04-30,PATRATU STPP-I (3X800MW),Ongoing,General,Unknown Agency,,0,7.0,-0.3636363636363636,11.0,-4.0,-36.36363636363637,,1,,,,False,False,0,0,,,,1,0.0,,1,19.0,0.0,Unknown State,28.0,,1,0.5107255085867802,1,0.8863415854702452,2,0.9115647546897544,0.0693075396825396,0.0191277056277056,0.9115647546897544
546cfc0e40ad12d7,2024-04-30,+500 (PACKAGE –,Ongoing,General,Unknown Agency,,0,17.0,10.0,1.0,16.0,1000.0,,1,,,,False,False,0,0,,,,1,0.0,,1,8.0,0.0,Unknown State,54.0,,1,0.5066098533023317,1,0.8349572684155534,2,0.8780956086397264,0.0834679111737935,0.0384364801864801,0.8780956086397264
549916d43bd0009a,2024-04-30,HOTGI-KUDGI-GADAG,Ongoing,General,Unknown Agency,,0,1724.2,10.0,3.0,1721.2,1000.0,,1,,,,False,False,0,0,,,,1,0.0,,3,14.0,0.0,Unknown State,111.0,,1,0.4702002052574354,0,0.2936897924878795,2,0.5660226856476855,0.3154638000888,0.1185135142635142,0.5660226856476855
54fcceea5f2b6903,2024-04-30,PARASNATH-MADHUBAN-GIRIDIH,Ongoing,General,Unknown Agency,,0,10.0,-0.696969696969697,33.0,-23.0,-69.6969696969697,,1,,,,False,False,0,0,,,,1,0.0,,1,71.0,0.0,Unknown State,89.0,,0,0.4404312998216894,1,0.8858292409449351,2,0.8007256077256076,0.1781075036075035,0.0211668886668886,0.8007256077256076
55d785e83eaca277,2024-04-30,TO KM 173.300  PKG-II.,Ongoing,General,Unknown Agency,,0,188.8,1.1261261261261264,88.8,100.0,112.61261261261264,,1,,,,False,False,0,0,,,,1,0.0,,2,2.0,0.0,Unknown State,61.0,,1,0.4862303585594809,1,0.7028375774369607,2,0.7599667309814369,0.1794407602201719,0.0605925087983911,0.7599667309814369
55e8c5fdb5e8ef10,2024-04-30,AT MATHURA BITUMEN PLANT,Ongoing,General,Unknown Agency,,0,277.0,10.0,3.0,274.0,1000.0,,1,,,,False,False,0,0,,,,1,0.0,,2,32.0,0.0,Unknown State,57.0,,1,0.4651562439034798,1,0.6043336849629093,2,0.5632009211548687,0.408049439595492,0.0287496392496392,0.5632009211548687
561253d06013d1bb,2024-04-30,CORPORATION LIMITED),Ongoing,General,Unknown Agency,,0,144.55,10.0,7.0,137.55,1000.0,,1,,,,False,False,0,0,,,,1,0.0,,1,-19.0,0.0,Unknown State,2.0,,1,0.5307295619364315,1,0.820600374796726,2,0.846622151541269,0.1143410519219342,0.0390367965367965,0.846622151541269
5650bb60cf94bcfa,2024-04-30,"SEWERAGE SYSTEM AND STP FOR DIGHA ZONE, PATNA",Ongoing,General,Unknown Agency,,0,294.02,10.0,3.0,291.02,1000.0,,1,,,,False,False,0,0,,,,1,0.0,,2,-1.0,0.0,PATNA -,72.0,,1,0.4659249763947233,1,0.6011710628747481,2,0.7343018525592054,0.1485705209822857,0.1171276264585087,0.7343018525592054
56525b7c3d105a20,2024-04-30,TAPHOU KUKI TO DAILI SECTI,Ongoing,General,Unknown Agency,,0,9.0,1.25,4.0,5.0,125.0,,1,,,,False,False,0,0,,,,1,0.0,,1,6.0,0.0,Unknown State,79.0,,1,0.4741836250287531,1,0.8616083453071649,2,0.9496010794760794,0.0174940476190476,0.0329048729048729,0.9496010794760794
5660a52e89f9ccff,2024-04-30,BARABANKI AKBARPUR DOUBLING,Ongoing,General,Unknown Agency,,0,336.91,10.0,4.0,332.91,1000.0,,1,,,,False,False,0,0,,,,1,0.0,,2,11.0,0.0,Unknown State,215.0,,1,0.4621890241407875,1,0.554176447373878,2,0.6614862971995324,0.2742144603762251,0.0642992424242424,0.6614862971995324
56688bc1d926d6cd,2024-04-30,L OF UJJAIN TO BADNAWAR FROM KM 26.900 TO KM 96.00 OF NH-752D,Ongoing,General,Unknown Agency,,0,260.8,0.1385166106430349,229.07,31.73000000000001,13.851661064303498,,1,,,,False,False,0,0,,,,1,0.0,,2,6.0,0.0,Unknown State,34.0,,1,0.5093861833034278,1,0.6368013550864953,2,0.7269415763974587,0.1909685412626588,0.0820898823398823,0.7269415763974587
569e4c9f901b5119,2024-04-30,TO 155.145) (SHIRUR CROSS T,Ongoing,General,Unknown Agency,,0,1.0,-0.9924812030075189,133.0,-132.0,-99.24812030075188,,1,,,,False,False,0,0,,,,1,0.0,,1,9.0,0.0,Unknown State,36.0,,1,0.5207635399080921,1,0.8994495909042809,2,0.9248129093129096,0.0241753246753246,0.051011766011766,0.9248129093129096
56e041471caa3ad4,2024-04-30,MARIAM - PEREN (PKG 2A),Ongoing,General,Unknown Agency,,0,2.0,1.0,1.0,1.0,100.0,,1,,,,False,False,0,0,,,,1,0.0,,1,-13.0,0.0,Unknown State,36.0,,1,0.5210626932265845,1,0.8695964893283363,2,0.8916041368761957,0.0864123466402878,0.0219835164835164,0.8916041368761957
56f573ade982b984,2024-04-30,ARDHAPUR TO HIMAYATNAGAR,Ongoing,General,Unknown Agency,,0,173.0,10.0,12.0,161.0,1000.0,,1,,,,False,False,0,0,,,,1,0.0,,2,-4.0,0.0,Unknown State,0.0,,1,0.5234059353879381,1,0.6569567712629757,2,0.652208372509843,0.3120964990891461,0.0356951284010107,0.652208372509843
570655e36205b094,2024-04-30,PRADESH,Ongoing,General,Unknown Agency,,0,18936.0,10.0,9.0,18927.0,1000.0,,1,,,,False,False,0,0,,,,1,0.0,,3,31.0,0.0,Unknown State,74.0,,0,0.4465209991012716,0,0.2920130555390887,0,0.4579928698752228,0.4579928698752228,0.1139958693267516,0.4280112607980255
57301f803f772dcf,2024-04-30,PART H,Ongoing,General,Unknown Agency,,0,12.0,-0.9682539682539684,378.0,-366.0,-96.82539682539682,,1,,,,False,False,0,0,,,,1,0.0,,1,12.0,0.0,Unknown State,28.0,,1,0.5216783178244817,1,0.8905771459091508,2,0.9256172022422025,0.0280238095238095,0.0463589882339882,0.9256172022422025
5745548faea1d064,2024-04-30,SCHEME TO RELIEVE HIGH LOADING OF WR-NR INTER REGIONAL CORRIDOR,Ongoing,General,Unknown Agency,,0,1184.88,10.0,5.0,1179.88,1000.0,,1,,,,False,False,0,0,,,,1,0.0,,3,1.0,0.0,Unknown State,36.0,,1,0.5109104220495084,0,0.2993215412422698,0,0.4993093989343991,0.4993093989343991,0.104574259074259,0.3961163419913421
5776164d5b14b53e,2024-04-30,CHATTI BARIATU COAL MINING PROJECT,Ongoing,General,Unknown Agency,,0,3.0,-0.9985163204747776,2022.0,-2019.0,-99.85163204747776,,1,,,,False,False,0,0,,,,1,0.0,,1,0.0,0.0,Unknown State,1.0,,1,0.5347493367750654,1,0.8517543090866795,2,0.8639692701089762,0.045265207015207,0.0907655228758169,0.8639692701089762
57ab76a8e6620219,2024-04-30,(NATIONAL HIGHWAYS AUTHORITY OF INDIA),Ongoing,General,NATIONAL HIGHWAYS AUTHORITY OF INDIA,,0,1775.59,-0.1227322134387352,2024.0,-248.41000000000008,-12.273221343873525,,1,,,,False,False,1,0,,,,1,0.0,,3,-33.0,0.0,Unknown State,-32.0,,1,0.6027333272334678,0,0.4667277468152846,2,0.7001303973803972,0.1969811438561438,0.1028884587634587,0.7001303973803972
57bb009a4a62d612,2024-04-30,AND ENDS AT HARYANA,Ongoing,General,Unknown Agency,,0,10.0,0.1111111111111111,9.0,1.0,11.11111111111111,,1,,,,False,False,0,0,,,,1,0.0,,1,1.0,0.0,Unknown State,66.0,,1,0.4864359117559665,1,0.8503447626075412,2,0.9183830801551388,0.0553907293686705,0.0262261904761904,0.9183830801551388
57d0b845ee8e4d72,2024-04-30,JUNAGADH BYPASS,Ongoing,General,Unknown Agency,,0,9.0,-0.5909090909090909,22.0,-13.0,-59.09090909090909,,1,,,,False,False,0,0,,,,1,0.0,,1,1.0,0.0,Unknown State,92.0,,1,0.4693102945525057,1,0.8805016638378923,2,0.9385481185481184,0.0362023809523809,0.0252495004995004,0.9385481185481184
57e39af142363b4d,2024-04-30,N PACKAGE 27,Ongoing,General,Unknown Agency,,0,9.0,10.0,0.56,8.44,1000.0,,1,,,,False,False,0,0,,,,1,0.0,,1,2.0,0.0,Unknown State,9.0,,1,0.5375130974622079,1,0.8315773261356112,2,0.829374163418281,0.1332932524991348,0.037332584082584,0.829374163418281
58136e402be9a796,2024-04-30,(DESIGN CHAINAGE KM. 130+00 TO,Ongoing,General,Unknown Agency,,0,414.81,10.0,2.0,412.81,1000.0,,1,,,,False,False,0,0,,,,1,0.0,,2,8.0,0.0,Unknown State,22.0,,1,0.5257088351413858,0,0.4580521500627631,2,0.5597857004107004,0.3559572649572649,0.0842570346320346,0.5597857004107004
582d5081695372ed,2024-04-30,PASS,Ongoing,General,Unknown Agency,,0,2.0,1.0,1.0,1.0,100.0,,1,,,,False,False,0,0,,,,1,0.0,,1,5.0,0.0,Unknown State,97.0,,1,0.4731339590427244,1,0.8695964893283363,2,0.8935921162171161,0.0817100815850816,0.0246978021978022,0.8935921162171161
586ba55768bc34bf,2024-04-30,GEVRA EXPANSION OCP (SECL) (35-70) MTY,Ongoing,General,SECL,,0,3.0,-0.2063492063492063,3.78,-0.7799999999999998,-20.63492063492064,,1,,,,False,False,0,0,,,,1,0.0,,1,11.0,0.0,Unknown State,60.0,,1,0.49191081348043,1,0.8768814628019481,2,0.9472112470862468,0.0346039377289377,0.0181848151848151,0.9472112470862468
58a12250dfe10067,2024-04-30,EXISTING 2 LANE TO 2 LANE WITH PAVED SHOULDERS IN KM,Ongoing,General,Unknown Agency,,0,2024.0,10.0,150.0,1874.0,1000.0,,1,,,,False,False,0,0,,,,1,0.0,,3,-87.0,0.0,Unknown State,22.0,,1,0.5288607199710855,0,0.2820056468116033,0,0.4429570086775968,0.4429570086775968,0.1973909921777567,0.3596519991446463
5905e1ace51c2e8b,2024-04-30,RD LINE BETWEEN DHANBAD SONNAGAR,Ongoing,General,Unknown Agency,,0,2298.42,10.0,4.0,2294.42,1000.0,,1,,,,False,False,0,0,,,,1,0.0,,3,23.0,0.0,Unknown State,191.0,,1,0.452455326045498,0,0.2872797391587702,0,0.5717938048793311,0.5717938048793311,0.1172487373737373,0.3109574577469313
59219779657502eb,2024-04-30,INCLUDING DOWN RAMP ON NH-23 FROM,Ongoing,General,Unknown Agency,,0,955.49,10.0,3.0,952.49,1000.0,,1,,,,False,False,0,0,,,,1,0.0,,2,9.0,0.0,Unknown State,34.0,,1,0.5126789884203503,0,0.4395876934520494,2,0.5879472112854466,0.27970962779051,0.1323431609240432,0.5879472112854466
59b81a67269c952b,2024-04-30,KM 89.090 OF NH-353B,Ongoing,General,Unknown Agency,,0,1352.56,10.0,10.0,1342.56,1000.0,,1,,,,False,False,0,0,,,,1,0.0,,3,6.0,0.0,Unknown State,48.0,,1,0.509947392476973,0,0.2965549464663293,0,0.4722777361527362,0.4722777361527362,0.1244120895444424,0.4033101743028213
59d2690d8e57d785,2024-04-30,PATIYA - PIPALIYA SECTION FROM,Ongoing,General,Unknown Agency,,0,909.84,10.0,1.0,908.84,1000.0,,1,,,,False,False,0,0,,,,1,0.0,,2,2.0,0.0,Unknown State,53.0,,1,0.4984037311161547,0,0.4377027280366238,2,0.4909866522366523,0.4025194250194249,0.1064939227439227,0.4909866522366523
59eb041d67cee21b,2024-04-30,SECTION TO 2L/@L+PS SECTION IN TH,Ongoing,General,Unknown Agency,,0,2474.47,10.0,8.0,2466.47,1000.0,,1,,,,False,False,0,0,,,,1,0.0,,3,14.0,0.0,Unknown State,34.0,,1,0.5132216281234329,0,0.2835108921305774,0,0.5085959040959042,0.5085959040959042,0.1815183843933843,0.3098857115107114
5a8c64c682f82107,2024-04-30,(GAS AUTHORITY OF INDIA LIMITED),Ongoing,General,GAS AUTHORITY OF INDIA LIMITED,,0,7.0,-0.9712561080770336,243.53,-236.53,-97.12561080770335,,1,,,,False,False,0,0,,,,1,0.0,,1,-18.0,0.0,Unknown State,3.0,,1,0.5266796072165818,1,0.8612963181979582,2,0.8965239947960535,0.0576536331315743,0.045822372072372,0.8965239947960535
5a9a1a404c00ce8f,2024-04-30,ON NH-75 PKG SEC-V ON HAM,Ongoing,General,Unknown Agency,,0,9.0,-0.9956530978922356,2070.44,-2061.44,-99.56530978922356,,1,,,,False,False,0,0,,,,1,0.0,,1,17.0,0.0,Unknown State,0.0,,1,0.5214025005501602,1,0.8678285542599278,2,0.9018775146422204,0.0201991341991342,0.0779233511586452,0.9018775146422204
5aa61e0b38e130a3,2024-04-30,CONSTRUCTION OF MEGA HOSTEL II FOR NIT CALICUT KERALA,Ongoing,General,Unknown Agency,,0,20898.84,10.0,2.0,20896.84,1000.0,,1,,,,False,False,1,0,,,,1,0.0,,3,-138.0,0.0,Unknown State,-112.0,,1,0.596056564352352,0,0.2884799959637856,2,0.5391551610154552,0.243424523189229,0.2174203157953157,0.5391551610154552
5af276702a787cc3,2024-04-30,FIELD,Ongoing,General,Unknown Agency,,0,431.0,10.0,11.0,420.0,1000.0,,1,,,,False,False,0,0,,,,1,0.0,,2,15.0,0.0,Unknown State,68.0,,1,0.4751125248917877,0,0.4679233357405837,2,0.5106159118659119,0.4323085386835386,0.0570755494505494,0.5106159118659119
5af76fc13e37058d,2024-04-30,BUXAR THERMAL POWER PLANT (1320 MW),Ongoing,General,Unknown Agency,,0,90.0,-0.2372881355932203,118.0,-28.0,-23.728813559322035,,1,,,,False,False,0,0,,,,1,0.0,,1,8.0,0.0,Unknown State,25.0,,1,0.5227976440629124,1,0.8649020000873002,2,0.8458417366946778,0.0794042950513538,0.0747539682539682,0.8458417366946778
5aff60faf5c0a4d1,2024-04-30,AHMEDABAD METRO RAIL PROJECT PHASE 1,Ongoing,General,Unknown Agency,,0,75.0,10.0,6.0,69.0,1000.0,,1,,,,False,False,0,0,,,,1,0.0,,1,2.0,0.0,Unknown State,0.0,,1,0.5340462678257687,1,0.8213968445407476,2,0.846887876012876,0.1197896131646131,0.0333225108225108,0.846887876012876
5b2ea5b831e76af6,2024-04-30,NH-42 (NEW NH-55 IN THE S,Ongoing,General,Unknown Agency,,0,47.0,0.9583333333333336,24.0,23.0,95.83333333333334,,1,,,,False,False,0,0,,,,1,0.0,,1,2.0,0.0,Unknown State,93.0,,1,0.4666237651713811,1,0.8634836607130825,2,0.8641526945276946,0.1024115467865467,0.0334357586857586,0.8641526945276946
5b8f422811fa2e43,2024-04-30,Annuity)(NATIONAL HIGHWAYS AUTHORITY OF INDIA),Ongoing,General,NATIONAL HIGHWAYS AUTHORITY OF INDIA,,0,49.0,0.4411764705882353,34.0,15.0,44.11764705882353,,1,,,,False,False,0,0,,,,1,0.0,,1,-3.0,0.0,Unknown State,17.0,,1,0.5262358146979685,1,0.8543313432813702,2,0.8511668054168056,0.1194123931623931,0.0294208014208014,0.8511668054168056
5b9784504bdfaa1d,2024-04-30,".000 TO 88.750, START OF KHUTAR B",Ongoing,General,Unknown Agency,,0,1240.6,10.0,2.0,1238.6,1000.0,,1,,,,False,False,0,0,,,,1,0.0,,3,10.0,0.0,START OF KHUTAR B -,24.0,,1,0.5239835490774833,0,0.3350018951351488,2,0.4366081418581418,0.1655763403263403,0.3978155178155177,0.4366081418581418
5bb56a8d7014eedb,2024-04-30,KAKRAPAR ATOMIC POWER PROJECT - 3 AND 4,Ongoing,General,Unknown Agency,,0,1.0,-0.9995059288537548,2024.0,-2023.0,-99.95059288537549,,1,,,,False,False,0,0,48.0,,44.69,1,0.0,,1,-1.0,104.0,Unknown State,173.0,,0,0.4292732029004384,1,0.8444625354382731,2,0.7922899771796833,0.1498492618492618,0.057860760971055,0.7922899771796833
5c198117d386e693,2024-04-30,WITH MOGA JALANDHAR ROAD (NH-70,Ongoing,General,Unknown Agency,,0,2029.0,10.0,7.0,2022.0,1000.0,,1,,,,False,False,0,0,,,,1,0.0,,3,18.0,0.0,Unknown State,0.0,,1,0.5173101699360061,0,0.2872797391587702,2,0.4267376475863319,0.4149679019810598,0.1582944504326082,0.4267376475863319
5c49429ed99afe35,2024-04-30,SRP OC-II EXPANSION PROJECT,Ongoing,General,Unknown Agency,,0,177.1,10.0,8.0,169.1,1000.0,,1,,,,False,False,0,0,,,,1,0.0,,2,-1.0,0.0,Unknown State,79.0,,1,0.4685879128670477,1,0.6655152777602079,2,0.7263737071751776,0.2361427028853499,0.0374835899394722,0.7263737071751776
5c54c8e1e633ee26,2024-04-30,KM 342+500 (PACKAGE-OD,Ongoing,General,Unknown Agency,,0,1100.88,10.0,3.0,1097.88,1000.0,,1,,,,False,False,0,0,,,,1,0.0,,3,11.0,0.0,Unknown State,48.0,,1,0.5092942006710549,0,0.3164628392050494,2,0.5914322817705172,0.2894745573054396,0.1190931609240432,0.5914322817705172
5c803d4d8da4a204,2024-04-30,"CGD PROJECT AT JHUNJHUNU, SIKAR AND NAGAUR DISTRICTS",Ongoing,General,Unknown Agency,,0,3.0,-0.9938271604938272,486.0,-483.0,-99.38271604938272,,1,,,,False,False,0,0,,,,1,0.0,,1,71.0,0.0,SIKAR AND NAGAUR DISTRICTS -,96.0,,0,0.4354421814665782,1,0.9193762372808496,2,0.8910246697746693,0.0889444444444444,0.0200308857808857,0.8910246697746693
5c8fb857fa45e296,2024-04-30,SECTION OF NH-66 (OLD NH-17) FROM,Ongoing,General,Unknown Agency,,0,1.0,-0.9970238980982709,336.01,-335.01,-99.70238980982708,,1,,,,False,False,0,0,,,,1,0.0,,1,3.0,0.0,Unknown State,6.0,,1,0.5330302839394397,1,0.8851211535889686,2,0.9349934648684648,0.018319264069264,0.046687271062271,0.9349934648684648
5cada94e159b918d,2024-04-30,DABOKA BYPASS OF DABOKA - PAROKHAOWA PKG -1,Ongoing,General,Unknown Agency,,0,3.0,-0.9985170538803756,2023.0,-2020.0,-99.85170538803756,,1,,,,False,False,0,0,,,,1,0.0,,1,19.0,0.0,Unknown State,32.0,,1,0.5048304792227168,1,0.8517543090866795,2,0.9014381207028264,0.0268658008658008,0.0716960784313725,0.9014381207028264
5cb23b194d532355,2024-04-30,VENKATESH KHANI COAL MINE,Ongoing,General,Unknown Agency,,0,384.32,10.0,3.0,381.32,1000.0,,1,,,,False,False,0,0,,,,1,0.0,,2,23.0,0.0,Unknown State,120.0,,0,0.4439648104814503,1,0.5168943201753783,2,0.5795415029586856,0.3866592546170719,0.0337992424242424,0.5795415029586856
5cb6bb195dbb0a83,2024-04-30,"BYPASS , NAGOD BYPASS (TOTAL L",Ongoing,General,Unknown Agency,,0,10.0,-0.9581204455984588,238.78,-228.78,-95.81204455984587,,1,,,,False,False,0,0,,,,1,0.0,,1,18.0,0.0,NAGOD BYPASS (TOTAL L -,0.0,,1,0.5145557973364357,1,0.9143537637592556,2,0.9455863164613162,0.0433360805860805,0.0110776029526029,0.9455863164613162
5cbcbc1a63202930,2024-04-30,AMRITSAR JALANDHAR ROAD NH3 NEAR,Ongoing,General,Unknown Agency,,0,36.0,-0.893491124260355,338.0,-302.0,-89.3491124260355,,1,,,,False,False,0,0,,,,1,0.0,,1,6.0,0.0,Unknown State,76.0,,1,0.4661118543627792,1,0.8882300353445614,2,0.8797255244755244,0.0220952380952381,0.0981792374292374,0.8797255244755244
5cc9781a829350b9,2024-04-30,(NUHKHAS TO ETAH SECTION) TO T,Ongoing,General,NUHKHAS TO ETAH SECTION,,0,285.5,10.0,22.0,263.5,1000.0,,1,,,,False,False,0,0,,,,1,0.0,,2,16.0,0.0,Unknown State,0.0,,1,0.5028760182479821,1,0.6293487332001583,2,0.6069335860218215,0.3419503217370865,0.0511160922410922,0.6069335860218215
5cd0d174919f713b,2024-04-30,.525 TO KM 62.880 OF JADCHERLA-KALWAKURTHY SECTI,Ongoing,General,Unknown Agency,,0,200.34,10.0,12.0,188.34,1000.0,,1,,,,False,False,0,0,,,,1,0.0,,2,-52.0,0.0,Unknown State,24.0,,1,0.5157698535701293,1,0.6328855906685942,2,0.5435047566812272,0.4183480947157417,0.0381471486030309,0.5435047566812272
5cd5083cbb486009,2024-04-30,KAMPTEE DEEP OC (3.20 MTY),Ongoing,General,Unknown Agency,,0,3.0,-0.9985155863433944,2021.0,-2018.0,-99.85155863433944,,1,,,,False,False,0,0,,,,1,0.0,,1,11.0,0.0,Unknown State,0.0,,1,0.5374979103543892,1,0.8517543090866795,2,0.8843457686104746,0.0253578643578643,0.0902963670316611,0.8843457686104746
5cdbc1ab5e572c1c,2024-04-30,EXISTING SINGLE/INTERMEDIATE LANE TO 2LANE WITH PAVED S,Ongoing,General,Unknown Agency,,0,232.81,10.0,11.0,221.81,1000.0,,1,,,,False,False,0,0,,,,1,0.0,,2,-53.0,0.0,Unknown State,24.0,,1,0.5161775947350223,1,0.6138789230406825,2,0.6107307553557554,0.3455297757797758,0.0437394688644688,0.6107307553557554
5d1bb6b151b9a192,2024-04-30,"BHAIRABI SAIRONG, NL, NEFR",Ongoing,General,Unknown Agency,,0,1798.0,10.0,4.0,1794.0,1000.0,,1,,,,False,False,0,0,,,,1,0.0,,3,11.0,0.0,NEFR -,143.0,,1,0.4694300360983879,0,0.3120340881701114,1,0.4482491674991675,0.1873632756132757,0.4482491674991675,0.3643875568875568
5d71ec5c209784b3,2024-04-30,WITH TEST AND MEASURING EQUIPMENT,Ongoing,General,Unknown Agency,,0,3.0,-0.9972727272727272,1100.0,-1097.0,-99.72727272727272,,1,,,,False,False,0,0,,,,1,0.0,,1,4.0,0.0,Unknown State,17.0,,1,0.5400979743780862,1,0.8655790062996604,2,0.9028989482739485,0.0515248917748917,0.0455761599511599,0.9028989482739485
5d7c92ae5df866bd,2024-04-30,DOUBLING OF PRADHANKHUNTA JN -PATHERDIH BAZAR-BHOJUDIH,Ongoing,General,Unknown Agency,,0,232.0,10.0,3.0,229.0,1000.0,,1,,,,False,False,0,0,,,,1,0.0,,2,43.0,0.0,Unknown State,8.0,,1,0.4894679602387406,1,0.6286603638221233,2,0.7103421271710745,0.2657967617178144,0.0238611111111111,0.7103421271710745
5de9fda53114f739,2024-04-30,(CPWD FOR DEFENCE),Ongoing,General,CPWD FOR DEFENCE,,0,107.68,1.2466096390569583,47.93,59.75000000000001,124.66096390569584,,1,,,,False,False,1,0,,,,1,0.0,,1,-50.0,0.0,Unknown State,-37.0,,1,0.5966167800300859,1,0.8457409236839668,2,0.7552375818625819,0.2166320762570762,0.0281303418803418,0.7552375818625819
5df2f163c6a7424b,2024-04-30,PROJECT PHASE-2,Ongoing,General,Unknown Agency,,0,5384.17,10.0,3.0,5381.17,1000.0,,1,,,,False,False,0,0,,,,1,0.0,,3,11.0,0.0,Unknown State,72.0,,1,0.4747678201094055,0,0.2954230846866683,0,0.4364537005392268,0.4364537005392268,0.175649753024753,0.3878965464360202
5e1d7356bf0c4968,2024-04-30,KM 50.860 (NABABA URF NIBI KALA UPA,Ongoing,General,Unknown Agency,,0,652.33,10.0,12.0,640.33,1000.0,,1,,,,False,False,0,0,,,,1,0.0,,2,11.0,0.0,Unknown State,27.0,,1,0.515778226864944,0,0.4395343089915981,0,0.449673039264993,0.449673039264993,0.1049554673333277,0.4453714934016792
5e2df4d689fb834e,2024-04-30,PAVED SHOULDER CONFIGURATION AND ST,Ongoing,General,Unknown Agency,,0,703.68,10.0,1.0,702.68,1000.0,,1,,,,False,False,0,0,,,,1,0.0,,2,10.0,0.0,Unknown State,37.0,,1,0.5101049229535769,0,0.4615154918944363,2,0.5922568126318127,0.2829159312909313,0.124827256077256,0.5922568126318127
5e37ecb82a9642db,2024-04-30,FROM KM 13.00 TO KM 25.600,Ongoing,General,Unknown Agency,,0,11.0,0.1,10.0,1.0,10.0,,1,,,,False,False,0,0,,,,1,0.0,,1,2.0,0.0,Unknown State,86.0,,1,0.4710648171595469,1,0.8537174041169752,2,0.9238438644688644,0.049929945054945,0.0262261904761904,0.9238438644688644
5e6d0ed1834e27a0,2024-04-30,FROM EXISTING CHANAGES KM 112.750 TO,Ongoing,General,Unknown Agency,,0,315.21,10.0,1.0,314.21,1000.0,,1,,,,False,False,0,0,,,,1,0.0,,2,3.0,0.0,Unknown State,30.0,,1,0.5114659919001213,1,0.5698045741832619,2,0.6369778889411243,0.3087631200498849,0.054258991008991,0.6369778889411243
5e8806d4edec3634,2024-04-30,G FROM KM 0+000 TO KM 22+850,Ongoing,General,Unknown Agency,,0,1085.0,10.0,6.0,1079.0,1000.0,,1,,,,False,False,0,0,,,,1,0.0,,3,14.0,0.0,Unknown State,0.0,,1,0.5305594583579637,0,0.3097961725383827,0,0.4542583250083249,0.4542583250083249,0.115161075036075,0.4305805999556
5e9c1b834c6d3706,2024-04-30,UPGRADATION AND WIDENING OF BILASPUR TO MUNGELI SECTION NH-130A,Ongoing,General,Unknown Agency,,0,537.0,10.0,4.0,533.0,1000.0,,1,,,,False,False,0,0,,,,1,0.0,,2,2.0,0.0,Unknown State,75.0,,1,0.4689680041422064,0,0.4466194534572534,2,0.5334797481929836,0.3881225065783889,0.0783977452286275,0.5334797481929836
5ea455e6858fc5ac,2024-04-30,SINGHWALA VI,Ongoing,General,Unknown Agency,,0,2.0,1.0,1.0,1.0,100.0,,1,,,,False,False,0,0,,,,1,0.0,,1,16.0,0.0,Unknown State,194.0,,1,0.4580198780269034,1,0.8695964893283363,2,0.9471473583605934,0.0480998943866591,0.0047527472527472,0.9471473583605934
5ef3366fc9410834,2024-04-30,FROM KM. 403.80 TO KM. 433.20,Ongoing,General,Unknown Agency,,0,18.0,1.25,8.0,10.0,125.0,,1,,,,False,False,0,0,,,,1,0.0,,1,17.0,0.0,Unknown State,1.0,,1,0.520341060462357,1,0.8671483026217469,2,0.9565118908868908,0.0183783577533577,0.0251097513597513,0.9565118908868908
5f4df926d550b7d8,2024-04-30,PROJECT 150MW,Ongoing,General,Unknown Agency,,0,5281.94,10.0,2.0,5279.94,1000.0,,1,,,,False,False,0,0,,,,1,0.0,,3,2.0,0.0,Unknown State,40.0,,1,0.5105312723170683,0,0.2940208662328605,0,0.4625270562770562,0.4625270562770562,0.1895267510267509,0.3479461926961927
5f5715edde806588,2024-04-30,JHARKHAND LAIYO OCP,Ongoing,General,Unknown Agency,,0,5136.15,10.0,8.0,5128.15,1000.0,,1,,,,False,False,0,0,,,,1,0.0,,3,83.0,0.0,Unknown State,127.0,,0,0.4451527483461931,0,0.2975539258081637,0,0.4797027335409687,0.4797027335409687,0.1128243006993006,0.4074729657597305
5f6d513e7adff7db,2024-04-30,KM 530/850 JOINING NEW ZUIAR,Ongoing,General,Unknown Agency,,0,2.0,1.0,1.0,1.0,100.0,,1,,,,False,False,0,0,,,,1,0.0,,1,-4.0,0.0,Unknown State,107.0,,1,0.4678763723471557,1,0.8695964893283363,2,0.8858566621287208,0.0921598213877625,0.0219835164835164,0.8858566621287208
5fa6b06b92f74ebd,2024-04-30,"WEST, DISTRICT  PALAKKA",Ongoing,General,Unknown Agency,,0,28.0,3.0,7.0,21.0,300.0,,1,,,,False,False,0,0,,,,1,0.0,,1,8.0,0.0,DISTRICT  PALAKKA -,5.0,,1,0.5344495709955575,1,0.8924161054441577,2,0.930447136197136,0.0313927738927738,0.0381600899100899,0.930447136197136
5fb1c113ee1c36f1,2024-04-30,JAL MARG VIKAS PROJECT,Ongoing,General,Unknown Agency,,0,1554.21,10.0,4.0,1550.21,1000.0,,0,,,,False,False,0,0,,,,1,0.0,,3,20.0,0.0,Unknown State,44.0,,1,0.4960136516891546,0,0.2966548745756031,2,0.4908235514485515,0.4277108863358863,0.0814655622155622,0.4908235514485515
600e0340733fc4ac,2024-04-30,CHANDRAGUPT OCP,Ongoing,General,Unknown Agency,,0,5.0,-0.6153846153846154,13.0,-8.0,-61.53846153846154,,1,,,,False,False,0,0,,,,1,0.0,,1,95.0,0.0,Unknown State,130.0,,0,0.4372546797109527,1,0.8925597509253156,2,0.7988049728049728,0.1651075036075035,0.0360875235875235,0.7988049728049728
60152682900db285,2024-04-30,DURGAPUR OPENCAST PROJECT,Ongoing,General,Unknown Agency,,0,178.44,0.0,178.44,0.0,0.0,,1,,,,False,False,0,0,,,,1,0.0,,2,71.0,0.0,Unknown State,192.0,,0,0.4296645328115613,1,0.6783589061953863,2,0.696450086678028,0.2595737228457817,0.0439761904761904,0.696450086678028
6036cdc3726889d7,2024-04-30,IMPROVEMENTS FRO,Ongoing,General,Unknown Agency,,0,4.0,1.0,2.0,2.0,100.0,,1,,,,False,False,0,0,,,,1,0.0,,1,2.0,0.0,Unknown State,86.0,,1,0.4709282981101315,1,0.8695964893283363,2,0.915944042069042,0.0598502192252192,0.0242057387057387,0.915944042069042
60f7e8ad3a0c0c15,2024-04-30,(PHASE-1),Ongoing,General,Unknown Agency,,0,218.38,10.0,8.0,210.38,1000.0,,1,,,,False,False,0,0,,,,1,0.0,,2,8.0,0.0,Unknown State,40.0,,1,0.5098216994231483,1,0.6388090260497011,2,0.7508128693202221,0.1970941264617735,0.0520930042180042,0.7508128693202221
61401ce5a358a324,2024-04-30,.730 TO KM 72.348 IN STATE OF BIH,Ongoing,General,Unknown Agency,,0,369.81,10.0,3.0,366.81,1000.0,,1,,,,False,False,0,0,,,,1,0.0,,2,11.0,0.0,Unknown State,48.0,,1,0.508989402570258,1,0.5075463886950938,2,0.6168748530880884,0.3277577226694873,0.0553674242424242,0.6168748530880884
6195b2f7f04f0e35,2024-04-30,INDIA),Ongoing,General,Unknown Agency,,0,361.0,2.15711224802134,114.345,246.655,215.711224802134,,1,,,,False,False,0,0,,,,1,0.0,,2,-13.0,0.0,Unknown State,24.0,,1,0.5157231964564599,1,0.5781531560900264,2,0.7812072665896193,0.1644389344315815,0.0543537989787989,0.7812072665896193
61ae496e4661c648,2024-04-30,KM 53.500 TO KM 92.50,Ongoing,General,Unknown Agency,,0,407.0,6.579143389199255,53.7,353.3,657.9143389199255,,1,,,,False,False,0,0,,,,1,0.0,,2,0.0,0.0,Unknown State,78.0,,1,0.4669142483561034,0,0.4930705187223514,2,0.6578282428355958,0.2125874803301273,0.1295842768342768,0.6578282428355958
61bb71ad47a8be0c,2024-04-30,AMERA OC RCE,Ongoing,General,Unknown Agency,,0,3.0,-0.4402985074626865,5.36,-2.3600000000000003,-44.02985074626866,,1,,,,False,False,0,0,,,,1,0.0,,1,23.0,0.0,Unknown State,24.0,,1,0.5044046013107836,1,0.9007098914565627,2,0.9498754995004994,0.0255694444444444,0.024555056055056,0.9498754995004994
61c54815d299c5e6,2024-04-30,I AND D AND STP AT CHAPPRA,Ongoing,General,Unknown Agency,,0,268.63,10.0,4.0,264.63,1000.0,,1,,,,False,False,0,0,,,,1,0.0,,2,-8.0,0.0,Unknown State,100.0,,1,0.4657409483963472,1,0.6218912858622603,2,0.647102756720404,0.3091653085476615,0.0437319347319347,0.647102756720404
61eb2a22a6dc206a,2024-04-30,GOMOH - FLYOVER FOR DOWN TRAINS,Ongoing,General,Unknown Agency,,0,5.0,-0.4444444444444444,9.0,-4.0,-44.44444444444444,,1,,,,False,False,0,0,,,,1,0.0,,1,20.0,0.0,Unknown State,127.0,,1,0.4510375692684455,1,0.903175719051917,2,0.9486254995004992,0.0243194444444444,0.027055056055056,0.9486254995004992
620cb1a49a8e56b6,2024-04-30,(NATTUKAL TO THANAU JN. IN PALAKK,Ongoing,General,Unknown Agency,,0,283.15,10.0,1.0,282.15,1000.0,,1,,,,False,False,0,0,,,,1,0.0,,2,-8.0,0.0,Unknown State,67.0,,1,0.4757872920407986,1,0.5971008077734521,2,0.5346082251082253,0.4012569097569096,0.0641348651348651,0.5346082251082253
623149f0ee67753b,2024-04-30,.380 TO TWO LANE WITH PAVED SHOU,Ongoing,General,Unknown Agency,,0,291.37,10.0,8.0,283.37,1000.0,,1,,,,False,False,0,0,,,,1,0.0,,2,2.0,0.0,Unknown State,22.0,,1,0.5225850041974234,1,0.6012180633634743,2,0.612396800911507,0.3420815818168759,0.0455216172716172,0.612396800911507
624b5a6374a51847,2024-04-30,RAYADURGA-TUMKUR NL,Ongoing,General,Unknown Agency,,0,2030.5,10.0,4.0,2026.5,1000.0,,1,,,,False,False,0,0,,,,1,0.0,,3,34.0,0.0,Unknown State,202.0,,0,0.447004618978116,0,0.2872797391587702,2,0.4348295578690316,0.4255285423640687,0.1396418997668997,0.4348295578690316
6270f21b2ce83085,2024-04-30,OF JANAGAON-THIRUMALAGIRI OF NH,Ongoing,General,Unknown Agency,,0,392.83,10.0,7.0,385.83,1000.0,,1,,,,False,False,0,0,,,,1,0.0,,2,-54.0,0.0,Unknown State,4.0,,1,0.5229714075690475,1,0.5230472138537822,2,0.5712480648006965,0.3683818330792014,0.0603701021201021,0.5712480648006965
62aa76c1fa023ea9,2024-04-30,SECTION TO KM 21.500 OF,Ongoing,General,Unknown Agency,,0,490.0,10.0,2.0,488.0,1000.0,,1,,,,False,False,0,0,,,,1,0.0,,2,8.0,0.0,Unknown State,92.0,,1,0.4712177014789577,0,0.4332271850576358,2,0.5010451688834042,0.3824672729231553,0.1164875581934405,0.5010451688834042
62b0fd8de2bc9a34,2024-04-30,EXISTING BHAGALPUR BYPASS TO RASU,Ongoing,General,Unknown Agency,,0,1334.04,10.0,12.0,1322.04,1000.0,,1,,,,False,False,0,0,,,,1,0.0,,3,0.0,0.0,Unknown State,40.0,,1,0.5073704624788142,0,0.2957143108535667,0,0.6662183706816057,0.6662183706816057,0.0861049506049506,0.2476766787134434
62cada2d9cc7a088,2024-04-30,BRIDGE AT,Ongoing,General,Unknown Agency,,0,9.0,3.5,2.0,7.0,350.0,,1,,,,False,False,0,0,,,,1,0.0,,1,9.0,0.0,Unknown State,52.0,,1,0.5147525311740858,1,0.8541260303837539,2,0.8710259375127795,0.0962202329833908,0.0327538295038295,0.8710259375127795
62fa3d1f0220ff49,2024-04-30,BILASIPURA-GUWAHATI ROAD PKG-10,Ongoing,General,Unknown Agency,,0,3.0,0.5,2.0,1.0,50.0,,1,,,,False,False,0,0,,,,1,0.0,,1,26.0,0.0,Unknown State,39.0,,1,0.4891571331927689,1,0.858400084101166,2,0.9589738317238318,0.03532104007104,0.0057051282051282,0.9589738317238318
63121c1bf10369d1,2024-04-30,KAMAKGHYA DOUBLING,Ongoing,General,Unknown Agency,,0,4329.53,10.0,3.0,4326.53,1000.0,,1,,,,False,False,0,0,,,,1,0.0,,3,2.0,0.0,Unknown State,75.0,,1,0.4721341264613122,0,0.2954230846866683,0,0.5058097041847042,0.5058097041847042,0.1689509934509934,0.3252393023643023
63121feb0cbd957e,2024-04-30,"KM.173.638 (SOUTH BOUND), EXCL.",Ongoing,General,SOUTH BOUND,,0,1542.02,10.0,9.0,1533.02,1000.0,,1,,,,False,False,0,0,,,,1,0.0,,3,4.0,0.0,EXCL. -,47.0,,1,0.5060537174227943,0,0.3465019006450925,2,0.37047511067364,0.3037988792253497,0.3257260101010102,0.37047511067364
633e2195b2c715eb,2024-04-30,FROM KM.23+350 TO KM,Ongoing,General,Unknown Agency,,0,1460.0,10.0,8.0,1452.0,1000.0,,1,,,,False,False,0,0,,,,1,0.0,,3,8.0,0.0,Unknown State,40.0,,1,0.5124322499761248,0,0.3115549464663292,2,0.4652625291375292,0.4002676906426907,0.1344697802197801,0.4652625291375292
636292af9987fcc8,2024-04-30,"(900MW) HEP, NEPAL OF M/S SAPDC-INDIAN PORTION",Ongoing,General,Unknown Agency,,0,1340.81,10.0,3.0,1337.81,1000.0,,1,,,,False,False,0,0,,,,1,0.0,,3,-7.0,0.0,Unknown State,30.0,,1,0.5104204339308526,0,0.3026548745756032,2,0.4702942253824607,0.4187155385464211,0.1109902360711184,0.4702942253824607
636c674fe6e1fe14,2024-04-30,NH-8E (PACKAGE-II),Ongoing,General,PACKAGE-II,,0,2271.86,10.0,7.0,2264.86,1000.0,,1,,,,False,False,0,0,,,,1,0.0,,3,2.0,0.0,Unknown State,47.0,,1,0.5060898710339997,0,0.3079561422198182,0,0.4537580554550369,0.4537580554550369,0.1427550037681616,0.4034869407768014
6371b0bacff903e2,2024-04-30,TERMINAL,Ongoing,General,Unknown Agency,,0,768.0,10.0,6.0,762.0,1000.0,,1,,,,False,False,0,0,,,,1,0.0,,2,28.0,0.0,Unknown State,50.0,,1,0.4731095215557024,0,0.4551523021130686,0,0.4982551835419481,0.4982551835419481,0.0515145728454551,0.4502302436125965
637e2fd9cf160fcd,2024-04-30,KM 249+000 TO KM 293+000 (PACKAG,Ongoing,General,Unknown Agency,,0,2595.0,10.0,6.0,2589.0,1000.0,,1,,,,False,False,0,0,,,,1,0.0,,3,11.0,0.0,Unknown State,45.0,,1,0.5129329097956554,0,0.2846108202398513,0,0.5037916820022083,0.5037916820022083,0.2099918276168276,0.286216490380964
63a4dc39602e82fd,2024-04-30,LATIFPUR AT SAHARANPUR BYPASS  FROM KM,Ongoing,General,Unknown Agency,,0,1602.48,10.0,3.0,1599.48,1000.0,,1,,,,False,False,0,0,,,,1,0.0,,3,4.0,0.0,Unknown State,29.0,,1,0.5183852987620731,0,0.2966548745756031,2,0.46551336816778,0.4003931011798659,0.1340935306523541,0.46551336816778
63c475affc47dd96,2024-04-30,DULTE- KWALKULH - CHAMPAI PKG.1,Ongoing,General,Unknown Agency,,0,10.0,-0.5454545454545454,22.0,-12.0,-54.54545454545454,,1,,,,False,False,0,0,,,,1,0.0,,1,-1.0,0.0,Unknown State,17.0,,1,0.5358751049226239,1,0.8805016638378923,2,0.9445920745920746,0.0301584249084249,0.0252495004995004,0.9445920745920746
63d33f0687a95bd1,2024-04-30,.590 TO KM. 112.545.IN TH,Ongoing,General,Unknown Agency,,0,2.0,1.0,1.0,1.0,100.0,,1,,,,False,False,0,0,,,,1,0.0,,1,8.0,0.0,Unknown State,62.0,,1,0.4919957785993724,1,0.8695964893283363,2,0.9108726412476412,0.058389763014763,0.0307375957375957,0.9108726412476412
63e804e5668dcb6f,2024-04-30,GUNTUR-GUNTAKAL,Ongoing,General,Unknown Agency,,0,281.0,10.0,1.0,280.0,1000.0,,1,,,,False,False,0,0,,,,1,0.0,,2,20.0,0.0,Unknown State,236.0,,0,0.4428213313970172,1,0.5937674744401187,2,0.5347436561976037,0.4356264736725261,0.0296298701298701,0.5347436561976037
640d1a122ea5da58,2024-04-30,IMPHAL - KHONGSANG PKG-4,Ongoing,General,Unknown Agency,,0,277.44,0.0,277.44,0.0,0.0,,1,,,,False,False,0,0,,,,1,0.0,,2,5.0,0.0,Unknown State,23.0,,1,0.5208934342991257,1,0.6317870450265078,2,0.7806758486611425,0.1587266377413436,0.0605975135975136,0.7806758486611425
645b8f812dfb18b4,2024-04-30,PHASE-I,Ongoing,General,Unknown Agency,,0,2.0,-0.9973544973544972,756.0,-754.0,-99.73544973544972,,1,,,,False,False,0,0,,,,1,0.0,,1,2.0,0.0,Unknown State,124.0,,1,0.464562050428986,1,0.8735938682954141,2,0.943172757797758,0.0129177489177489,0.0439094932844932,0.943172757797758
649d6758c090b06a,2024-04-30,PORT (PACKAGE-I) KM 0+000 TO KM 1,Ongoing,General,PACKAGE-I,,0,1008.99,10.0,2.0,1006.99,1000.0,,1,,,,False,False,0,0,,,,1,0.0,,3,8.0,0.0,Unknown State,70.0,,1,0.4655667881879142,0,0.3669947071541787,2,0.5660072076616194,0.291214608104314,0.1427781842340666,0.5660072076616194
64bf1442e6ed947b,2024-04-30,FROM EXISTING KM 11.400 TO KM 49.200,Ongoing,General,Unknown Agency,,0,1.0,-0.9989648033126294,966.0,-965.0,-99.89648033126294,,1,,,,False,False,0,0,,,,1,0.0,,1,-4.0,0.0,Unknown State,95.0,,1,0.4729918932387816,1,0.8462064411576482,2,0.9239086885336888,0.0321818181818181,0.0439094932844932,0.9239086885336888
65030a93a8f97c81,2024-04-30,(00/000) TO GANGAKHED (30/400) TO,Ongoing,General,Unknown Agency,,0,165.67,10.0,3.0,162.67,1000.0,,1,,,,False,False,0,0,,,,1,0.0,,2,0.0,0.0,Unknown State,109.0,,1,0.4664053543381524,1,0.6642965991669046,2,0.7547831686287568,0.2139502743988038,0.0312665569724393,0.7547831686287568
6554011dfcdd3b5a,2024-04-30,BHADAUR ROAD NEAR DYALPURA BHAI,Ongoing,General,Unknown Agency,,0,739.39,10.0,7.0,732.39,1000.0,,1,,,,False,False,0,0,,,,1,0.0,,2,18.0,0.0,Unknown State,39.0,,1,0.4947818313954003,0,0.4673237306844972,2,0.4749973323460165,0.4730970228601807,0.0519056447938026,0.4749973323460165
65663b0a49758807,2024-04-30,(AJ/DRGB-PACKAGE-6),Ongoing,General,Unknown Agency,,0,817.0,10.0,7.0,810.0,1000.0,,1,,,,False,False,0,0,,,,1,0.0,,2,1.0,0.0,Unknown State,46.0,,1,0.5073097840945868,0,0.4553843367451033,0,0.4752129347260926,0.4752129347260926,0.0886929269560848,0.4360941383178227
65c57b9f88695e31,2024-04-30,PROJECT COIT AND PIPELINES,Ongoing,General,Unknown Agency,,0,72.2,10.0,5.0,67.2,1000.0,,1,,,,False,False,1,0,,,,1,0.0,,1,17.0,0.0,Unknown State,-9.0,,1,0.5937741751908097,1,0.8223968445407475,2,0.885830031080031,0.0697909867909867,0.0443789821289821,0.885830031080031
65f1a3d619a984ed,2024-04-30,AND HEERA FIELDS,Ongoing,General,Unknown Agency,,0,631.03,10.0,4.0,627.03,1000.0,,1,,,,False,False,0,0,,,,1,0.0,,2,25.0,0.0,Unknown State,61.0,,1,0.4593167357553444,0,0.4171060653537173,2,0.5330955311028842,0.405909293321058,0.0609951755760579,0.5330955311028842
65f34463e43a73a4,2024-04-30,LINK RD. AND KM 4.,Ongoing,General,Unknown Agency,,0,18.0,-0.25,24.0,-6.0,-25.0,,0,,,,False,False,0,0,,,,1,0.0,,1,2.0,0.0,Unknown State,31.0,,1,0.5178623123374504,1,0.8660678429280207,2,0.74130439005439,0.1908440725940725,0.0678515373515373,0.74130439005439
66027c1090669e97,2024-04-30,OF NH-130A,Ongoing,General,Unknown Agency,,0,3713.14,10.0,0.47,3712.67,1000.0,,1,,,,False,False,0,0,,,,1,0.0,,3,14.0,0.0,Unknown State,14.0,,1,0.5333458274583203,0,0.2912201293748545,0,0.4748959235209234,0.4748959235209234,0.1748120906870906,0.3502919857919858
665176d732a2419f,2024-04-30,CH.0.000 TO CH.49.2OO OF NH-731B ON,Ongoing,General,Unknown Agency,,0,697.66,10.0,1.0,696.66,1000.0,,1,,,,False,False,0,0,,,,1,0.0,,2,19.0,0.0,Unknown State,46.0,,1,0.4924949576975941,0,0.4615154918944363,2,0.6174248390498391,0.3267715062715062,0.0558036546786546,0.6174248390498391
666ecce368a10d3a,2024-04-30,),Ongoing,General,Unknown Agency,,0,1341.36,10.0,19.0,1322.36,1000.0,,1,,,,False,False,0,0,,,,1,0.0,,3,-4.0,0.0,Unknown State,0.0,,1,0.5295685072275235,0,0.3012816867400915,0,0.615038073038073,0.615038073038073,0.1307152014652014,0.2542467254967255
66a2ab0ae18f8f90,2024-04-30,WAKAN PALI KHOPOLI,Ongoing,General,Unknown Agency,,0,347.0,10.0,2.0,345.0,1000.0,,1,,,,False,False,0,0,,,,1,0.0,,2,-6.0,0.0,Unknown State,71.0,,1,0.4671548315338379,1,0.5446631748886325,2,0.6250540725614255,0.3265857875784346,0.0483601398601398,0.6250540725614255
66acff9cdbc6340a,2024-04-30,KM 245.640 EXCLUDING RETAINED STRE,Ongoing,General,Unknown Agency,,0,261.82,10.0,2.0,259.82,1000.0,,1,,,,False,False,0,0,,,,1,0.0,,2,8.0,0.0,Unknown State,22.0,,1,0.5257088351413858,1,0.6327546551865324,2,0.6286206318191614,0.3127708516973223,0.0586085164835164,0.6286206318191614
67088ae0e57b9789,2024-04-30,CORONATION PILLAR  DELHI,Ongoing,General,Unknown Agency,,0,824.0,10.0,8.0,816.0,1000.0,,1,,,,False,False,0,0,,,,1,0.0,,2,-25.0,0.0,Unknown State,55.0,,1,0.4986626274887649,0,0.4583843367451032,0,0.5868374052847734,0.5868374052847734,0.0938699078699078,0.3192926868453184
67114b63ccc1509d,2024-04-30,EXISTING ASSETS,Ongoing,General,Unknown Agency,,0,2024.0,10.0,150.0,1874.0,1000.0,,1,,,,False,False,0,0,,,,1,0.0,,3,-1.0,0.0,Unknown State,72.0,,1,0.4701837103461152,0,0.2820056468116033,0,0.5008226079476079,0.5008226079476079,0.2317152014652014,0.2674621905871905
672e04622bdb1fa1,2024-04-30,JANGHAI PRATAPGARH  AMETHI DOUBLING,Ongoing,General,Unknown Agency,,0,3.0,-0.999970056294167,100188.0,-100185.0,-99.9970056294167,,1,,,,False,False,0,0,,,,1,0.0,,1,11.0,0.0,Unknown State,152.0,,1,0.4639508839647954,1,0.7421928332531827,2,0.5950151515151515,0.3376464646464646,0.0673383838383838,0.5950151515151515
676fcba0fccc2dc5,2024-04-30,LANES/2 LANE(FOR LOT-III-KM 156.5,Ongoing,General,Unknown Agency,,0,404.1,10.0,9.68,394.42,1000.0,,1,,,,False,False,0,0,,,,1,0.0,,2,1.0,0.0,Unknown State,186.0,,1,0.459955909892165,1,0.5242075093625737,2,0.6198156581980111,0.3278946592623062,0.0522896825396825,0.6198156581980111
677668faad77aa2d,2024-04-30,MANDI DABWALI AT KM 29.500 OF NH-0,Ongoing,General,Unknown Agency,,0,1124.11,10.0,17.0,1107.11,1000.0,,1,,,,False,False,0,0,,,,1,0.0,,3,-2.0,0.0,Unknown State,45.0,,1,0.5064673965072709,0,0.3057787539336403,0,0.6309543005303876,0.6309543005303876,0.1102228556467686,0.2588228438228438
67ede5f6d805c142,2024-04-30,"CGD PROJECT AT LAKHISARAI, MUNGER AND BHAGALPUR DISTRICTS",Ongoing,General,Unknown Agency,,0,2024.0,10.0,150.0,1874.0,1000.0,,1,,,,False,False,0,0,,,,1,0.0,,3,64.0,0.0,Unknown State,122.0,,0,0.4430569089717246,0,0.2820056468116033,0,0.4268674854557207,0.4268674854557207,0.1821165639915639,0.3910159505527153
680045d494212c25,2024-04-30,KM. 73.744,Ongoing,General,Unknown Agency,,0,2.0,1.0,1.0,1.0,100.0,,1,,,,False,False,0,0,,,,1,0.0,,1,13.0,0.0,Unknown State,41.0,,1,0.5212060763070835,1,0.8695964893283363,2,0.9512930957930956,0.0197874902874902,0.0289194139194139,0.9512930957930956
684b79ae2de1885c,2024-04-30,TO CH. 48.52) SECTION,Ongoing,General,Unknown Agency,,0,2.0,1.0,1.0,1.0,100.0,,1,,,,False,False,0,0,,,,1,0.0,,1,4.0,0.0,Unknown State,51.0,,1,0.5145332676894434,1,0.8695964893283363,2,0.8358964507714508,0.141405747030747,0.0226978021978021,0.8358964507714508
6857bcc26a48f731,2024-04-30,EXPANSION OF ASHOK OCP,Ongoing,General,Unknown Agency,,0,7254.37,10.0,8.0,7246.37,1000.0,,1,,,,False,False,0,0,,,,1,0.0,,3,47.0,0.0,Unknown State,91.0,,0,0.4496307757886386,0,0.2954586877129256,0,0.4484133921633921,0.4484133921633921,0.1168243006993006,0.4347623071373073
6897d9dc5cd006e0,2024-04-30,(RAMAN) - SADA SINGHWALA VI,Ongoing,General,RAMAN,,0,950.0,10.0,7.0,943.0,1000.0,,1,,,,False,False,0,0,,,,1,0.0,,2,16.0,0.0,Unknown State,61.0,,1,0.4739015606017258,0,0.444128187958292,2,0.4767275588188902,0.4589511980967089,0.0643212430844009,0.4767275588188902
68ab7ce94a54a04a,2024-04-30,(UMBRELLA WORK),Ongoing,General,UMBRELLA WORK,,0,2.0,1.0,1.0,1.0,100.0,,1,,,,False,False,0,0,,,,1,0.0,,1,32.0,0.0,Unknown State,224.0,,0,0.4279954148454794,1,0.8714549997304454,2,0.9495146658896656,0.0422161033411033,0.0082692307692307,0.9495146658896656
68bd6b50d2180254,2024-04-30,PIPRAKOTHI–MOTIHARI- RAXAUL SECTION OF  NH-28A FRO,Ongoing,General,Unknown Agency,,0,478.74,10.0,3.0,475.74,1000.0,,1,,,,False,False,0,0,,,,1,0.0,,2,-3.0,0.0,Unknown State,70.0,,1,0.4685140548348087,0,0.4348038221160948,2,0.4965570597702952,0.394750725581608,0.108692214648097,0.4965570597702952
68c0c59299c883d6,2024-04-30,.000 OF  NH-4 THROUGH STATE HIGH,Ongoing,General,Unknown Agency,,0,790.78,10.0,3.0,787.78,1000.0,,1,,,,False,False,0,0,,,,1,0.0,,2,0.0,0.0,Unknown State,37.0,,1,0.5077299683944004,0,0.4694254622862287,2,0.5856144329526684,0.3261211190770014,0.0882644479703303,0.5856144329526684
68e2b42bbc58997e,2024-04-30,NH 548B (VIJAYAPURA-SANKESWAR SE,Ongoing,General,Unknown Agency,,0,311.22,10.0,8.0,303.22,1000.0,,1,,,,False,False,0,0,,,,1,0.0,,2,6.0,0.0,Unknown State,50.0,,1,0.5063574793181238,1,0.5724678084484421,2,0.6363298678445739,0.3106248441101383,0.053045288045288,0.6363298678445739
69349f9367844d37,2024-04-30,PROJECT (NEFR),Ongoing,General,NEFR,,0,2393.47,10.0,4.0,2389.47,1000.0,,0,,,,False,True,0,0,,,,1,0.0,,3,23.0,0.0,Unknown State,215.0,,0,0.4448466150141013,0,0.3201960397861477,0,0.4544480903083845,0.4544480903083845,0.1180369769119769,0.4275149327796388
69417690613404ec,2024-04-30,.00 OF NH-1A (NOW NH-44) WITH VA,Ongoing,General,Unknown Agency,,0,1117.84,10.0,3.0,1114.84,1000.0,,1,,,,False,False,0,0,,,,1,0.0,,3,1.0,0.0,Unknown State,74.0,,1,0.4683032124621364,0,0.3095878392050494,2,0.5007931015063369,0.4111011806820631,0.0881057178116001,0.5007931015063369
6942bee6da7acf14,2024-04-30,MANDSA    (NATIONAL HIGHWAYS AUTHORITY OF INDIA),Ongoing,General,NATIONAL HIGHWAYS AUTHORITY OF INDIA,,0,12.0,-0.9859265600994525,852.67,-840.67,-98.59265600994524,,1,,,,False,False,0,0,,,,1,0.0,,1,-28.0,0.0,Unknown State,24.0,,1,0.5248745047903539,1,0.8539941948514861,2,0.8835216499187087,0.0772216345745757,0.0392567155067155,0.8835216499187087
6967ec0d0df17136,2024-04-30,NOKH PLOT-2 SOLAR PV PROJECT 245MW,Ongoing,General,Unknown Agency,,0,1442.6,10.0,11.0,1431.6,1000.0,,1,,,,False,False,0,0,,,,1,0.0,,3,5.0,0.0,Unknown State,22.0,,1,0.5323177926451277,0,0.3145378402653314,0,0.5458100290232644,0.5458100290232644,0.1127800549124078,0.3414099160643277
69737e0dd52f0350,2024-04-30,NAGPUR METRO RAIL PROJECT PHASE II,Ongoing,General,Unknown Agency,,0,11.0,-0.9901256732495513,1114.0,-1103.0,-99.01256732495511,,1,,,,False,False,0,0,,,,1,0.0,,1,44.0,0.0,Unknown State,109.0,,0,0.4401583591589637,1,0.8777896472906133,2,0.9224297924297922,0.0298095238095238,0.0477606837606837,0.9224297924297922
69884318ce243121,2024-04-30,VILLAGR NEAR TO MANEWAL (LUDHIANA,Ongoing,General,Unknown Agency,,0,7.0,-0.9888357256778308,627.0,-620.0,-98.88357256778308,,1,,,,False,False,0,0,,,,1,0.0,,1,10.0,0.0,Unknown State,43.0,,1,0.5175688462319699,1,0.8867085662095323,2,0.939988233988234,0.0126666666666666,0.0473450993450993,0.939988233988234
69d132103378e94f,2024-04-30,FOUR LANNING OF CHOLOPURAM-THANJAVUR,Ongoing,General,Unknown Agency,,0,55.0,0.3095238095238095,42.0,13.0,30.95238095238096,,1,,,,False,False,0,0,,,,1,0.0,,1,2.0,0.0,Unknown State,93.0,,1,0.466345923941811,1,0.8604901424621662,2,0.8483958680208681,0.1155358946608946,0.0360682373182373,0.8483958680208681
69dac6060f30ba07,2024-04-30,PIPELINE PHASE-II,Ongoing,General,Unknown Agency,,0,7844.25,10.0,6.0,7838.25,1000.0,,1,,,,False,False,0,0,,,,1,0.0,,3,7.0,0.0,Unknown State,53.0,,1,0.5047302286546919,0,0.2973278465914303,0,0.4130796564546565,0.4130796564546565,0.2575823498397027,0.3293379937056406
69e0b002807ddc20,2024-04-30,KALOL-KADI-KATOSAN ROAD (37.23 KM),Ongoing,General,Unknown Agency,,0,2.0,1.0,1.0,1.0,100.0,,1,,,,False,False,0,0,,,,1,0.0,,1,11.0,0.0,Unknown State,34.0,,1,0.5228919009651884,1,0.8695964893283363,2,0.9503271867021869,0.0207533993783993,0.0289194139194139,0.9503271867021869
6a092d2bb14a2c79,2024-04-30,JORAM KOLORIANG ROAD (NH 713) ON EPC BASIS FROM EXI,Ongoing,General,Unknown Agency,,0,330.0,7.461538461538462,39.0,291.0,746.1538461538462,,1,,,,False,False,0,0,,,,1,0.0,,2,-9.0,0.0,Unknown State,46.0,,1,0.5059423739796113,1,0.5695872503498878,2,0.6694906482406481,0.2367904317904317,0.0937189199689199,0.6694906482406481
6a0fbdb065d7940f,2024-04-30,"FOR COLLECTION,PROCESSING",Ongoing,General,Unknown Agency,,0,8.0,10.0,0.34,7.66,1000.0,,1,,,,False,False,1,0,,,,1,0.0,,1,8.0,0.0,PROCESSING -,-20.0,,1,0.6090557943102731,1,0.8618366327167435,2,0.8033382728382727,0.1127677045177045,0.0838940226440226,0.8033382728382727
6a5470eed1204515,2024-04-30,"SECTION OF NH-346, FROM DESIGN CHAIN",Ongoing,General,Unknown Agency,,0,177.94,10.0,2.0,175.94,1000.0,,1,,,,False,False,0,0,,,,1,0.0,,2,10.0,0.0,FROM DESIGN CHAIN -,24.0,,1,0.5180497813902907,1,0.7108005255240415,2,0.7687860015801192,0.1108832278832278,0.1203307705366528,0.7687860015801192
6ab8199980f43194,2024-04-30,RCE OF INDARAM OPENCAST PROJECT,Ongoing,General,Unknown Agency,,0,376.01,3.4763095238095243,84.0,292.01,347.6309523809524,,1,,,,False,False,0,0,,,,1,0.0,,2,11.0,0.0,Unknown State,36.0,,1,0.5094017661084991,1,0.5643410071902444,2,0.6696358975991328,0.1903700409068055,0.1399940614940614,0.6696358975991328
6ac8b875f68c0a1c,2024-04-30,CROSSING WITH NH-6,Ongoing,General,Unknown Agency,,0,1.0,-0.9985754985754984,702.0,-701.0,-99.85754985754986,,1,,,,False,False,0,0,,,,1,0.0,,1,28.0,0.0,Unknown State,42.0,,1,0.4829368685489715,1,0.8705305635743841,2,0.910134337884338,0.0479264069264069,0.0419392551892551,0.910134337884338
6ad922942b8c7160,2024-04-30,WITH PAVED SHOULDER FROM KM 0.00 TO KM 13.00 N,Ongoing,General,Unknown Agency,,0,674.71,0.0,674.71,0.0,0.0,,1,,,,False,False,0,0,,,,1,0.0,,2,-2.0,0.0,Unknown State,8.0,,1,0.5223880657363832,1,0.501677078809129,2,0.710621971982266,0.2290336779233837,0.0603443500943501,0.710621971982266
6ae51ed3483424f7,2024-04-30,MUMBAI URBAN TRANSPORT PROJECT IIIA,Ongoing,General,Unknown Agency,,0,4874.58,1.421549925484352,2013.0,2861.58,142.1549925484352,,1,,,,False,False,0,0,,,,1,0.0,,3,44.0,0.0,Unknown State,141.0,,0,0.4480187270051247,0,0.3632249354777285,0,0.5026195609945607,0.5026195609945607,0.1460114885114884,0.3513689504939505
6b2402ce7d3e09eb,2024-04-30,KM 0/0 TO 21/0 (BARGARH TO BAR,Ongoing,General,Unknown Agency,,0,371.93,10.0,8.0,363.93,1000.0,,1,,,,False,False,0,0,,,,1,0.0,,2,8.0,0.0,Unknown State,52.0,,1,0.5021837416822436,0,0.494806905887746,2,0.6094706878089232,0.3204489619857266,0.0700803502053502,0.6094706878089232
6b27704bdfbb40a6,2024-04-30,BARABANKI-MALHAUR - 3RD & 4TH LINE (32.84 KM),Ongoing,General,Unknown Agency,,0,3.0,-0.9985185185185184,2025.0,-2022.0,-99.85185185185183,,1,,,,False,False,0,0,,,,1,0.0,,1,11.0,0.0,Unknown State,0.0,,1,0.5374979103543892,1,0.8517543090866795,2,0.8843457686104746,0.0253578643578643,0.0902963670316611,0.8843457686104746
6b32513483cb8d19,2024-04-30,(AHMEDABAD BYPASS).,Ongoing,General,AHMEDABAD BYPASS,,0,3503.69,10.0,4.0,3499.69,1000.0,,1,,,,False,False,0,0,,,,1,0.0,,3,23.0,0.0,Unknown State,215.0,,0,0.4434268783685693,0,0.3070396268021191,0,0.4584185691759222,0.4584185691759222,0.1294135031635031,0.4121679276605747
6b588d9bd5946f96,2024-04-30,FROM 5.300 KM.TO 9.500 KM. O,Ongoing,General,Unknown Agency,,0,11.0,2.666666666666666,3.0,8.0,266.66666666666663,,1,,,,False,False,0,0,,,,1,0.0,,1,1.0,0.0,Unknown State,6.0,,1,0.5375130974622079,1,0.852953055176432,2,0.8864813432181848,0.0896543266674845,0.0238643301143301,0.8864813432181848
6b5946c6ef78699e,2024-04-30,PROJECT,Ongoing,General,Unknown Agency,,0,16242.9,10.0,2.0,16240.9,1000.0,,1,,,,False,False,0,0,,,,1,0.0,,3,8.0,0.0,Unknown State,130.0,,1,0.4703075422634903,0,0.2884799959637856,2,0.4126747280497281,0.3941679431679432,0.1931573287823287,0.4126747280497281
6b712d303fa2e63a,2024-04-30,SHOULDER CONFIGURATION IN PURU,Ongoing,General,Unknown Agency,,0,686.65,10.0,2.0,684.65,1000.0,,1,,,,False,False,0,0,,,,1,0.0,,2,5.0,0.0,Unknown State,91.0,,1,0.4722489886539329,0,0.4615154918944363,2,0.5551451922260746,0.3120237164795988,0.1328310912943265,0.5551451922260746
6b735de0a7731e7c,2024-04-30,DISTRICTS,Ongoing,General,Unknown Agency,,0,1328.0,10.0,3.0,1325.0,1000.0,,1,,,,False,False,0,0,,,,1,0.0,,3,71.0,0.0,Unknown State,96.0,,0,0.4462668872949837,0,0.3026548745756032,2,0.5069697745065391,0.4228068932701286,0.0702233322233322,0.5069697745065391
6b7677013c40d957,2024-04-30,SECTION OF NH-209(EXISTING CHAINAGE FROM,Ongoing,General,Unknown Agency,,0,1167.45,10.0,12.0,1155.45,1000.0,,1,,,,False,False,0,0,,,,1,0.0,,3,1.0,0.0,Unknown State,101.0,,1,0.4661928079303165,0,0.2899450800843359,0,0.6978914940558163,0.6978914940558163,0.0761429078168208,0.2259655981273628
6b93dd071af1b973,2024-04-30,PKG-3,Ongoing,General,Unknown Agency,,0,2.0,1.0,1.0,1.0,100.0,,1,,,,False,False,0,0,,,,1,0.0,,1,2.0,0.0,Unknown State,39.0,,1,0.5199304945478566,1,0.8695964893283363,2,0.8908769702519702,0.0871395132645132,0.0219835164835164,0.8908769702519702
6bef6e81f30c52fd,2024-04-30,SALAIKHURD TO TIRORA,Ongoing,General,Unknown Agency,,0,166.0,10.0,12.0,154.0,1000.0,,1,,,,False,False,0,0,,,,1,0.0,,2,-4.0,0.0,Unknown State,0.0,,1,0.5237108233845287,1,0.6569567712629757,2,0.6955362113376821,0.2687686602613073,0.0356951284010107,0.6955362113376821
6c386f6640b16737,2024-04-30,ROAD TRANSPORT AND HIGHWAYS (STATE PWDs)),Ongoing,General,STATE PWDS,,0,2.0,-0.998173465939706,1094.97,-1092.97,-99.8173465939706,,1,,,,False,False,1,0,,,,1,0.0,,1,-75.0,0.0,Unknown State,-49.0,,1,0.5997719234412365,1,0.8193154872347413,2,0.8569247190717779,0.1058548902078313,0.0372203907203907,0.8569247190717779
6cc2b5d517f197e2,2024-04-30,CHANDIGARH-BADDI,Ongoing,General,Unknown Agency,,0,235.72,10.0,3.0,232.72,1000.0,,1,,,,False,False,0,0,,,,1,0.0,,2,14.0,0.0,Unknown State,75.0,,1,0.4703226922554903,1,0.6306261757879352,2,0.6880821123321124,0.2654317765567765,0.0464861111111111,0.6880821123321124
6cee14a509c074fd,2024-04-30,SYSTEM,Ongoing,General,Unknown Agency,,0,3.0,0.5,2.0,1.0,50.0,,1,,,,False,False,0,0,,,,1,0.0,,1,8.0,0.0,Unknown State,21.0,,1,0.5391230417161694,1,0.858400084101166,2,0.9553700882450884,0.0122256493506493,0.0324042624042624,0.9553700882450884
6cf6b3fc7f62e3d8,2024-04-30,FROM EXISTING,Ongoing,General,Unknown Agency,,0,158.058,0.1940169971671387,132.375,25.683,19.401699716713875,,0,,,,False,True,0,0,,,,1,0.0,,2,2.0,0.0,Unknown State,88.0,,1,0.4666458328633557,1,0.6557027907410184,2,0.7261255680593915,0.212876050420168,0.0609983815204403,0.7261255680593915
6d1bbed90a76b0f4,2024-04-30,"RECONSTRUCTION OF OLD TERMINAL BUILDING, MODIFICAT",Ongoing,General,Unknown Agency,,0,353.61,10.0,5.0,348.61,1000.0,,1,,,,False,False,0,0,48.0,,,1,0.0,,2,-4.0,43.0,MODIFICAT -,43.0,,1,0.4627590669632289,1,0.5520054004312658,2,0.744568785789374,0.111748041990689,0.1436831722199368,0.744568785789374
6d2189e60566006a,2024-04-30,ADRAJ MOTI-VIAJAPUR (39.75 KM),Ongoing,General,Unknown Agency,,0,16.51,2.3020000000000005,5.0,11.510000000000002,230.20000000000005,,1,,,,False,False,0,0,,,,1,0.0,,1,73.0,0.0,Unknown State,91.0,,0,0.4397246608769974,1,0.8579816266050032,2,0.8479632502000919,0.1356009911141489,0.0164357586857586,0.8479632502000919
6d3e9fa081bac6fe,2024-04-30,FORMATION OF BYPASS ROAD TO KADIRI TOWN FROM ON NH42,Ongoing,General,Unknown Agency,,0,525.0,0.0692464358452138,491.0,34.0,6.924643584521386,,1,,,,False,False,0,0,,,,1,0.0,,2,-4.0,0.0,Unknown State,42.0,,1,0.505792585249973,1,0.5569992945709162,2,0.6249716468172347,0.3078408152305209,0.0671875379522438,0.6249716468172347
6d4f10629939af8a,2024-04-30,SITEMENT OF EXISTING DEPOTS OF PSU OMCS,Ongoing,General,Unknown Agency,,0,12.0,10.0,0.78,11.22,1000.0,,1,,,,False,False,1,0,,,,1,0.0,,1,11.0,0.0,Unknown State,-21.0,,1,0.6123738382824053,1,0.8358916118498969,2,0.8026761294261294,0.1600965978465978,0.0372272727272727,0.8026761294261294
6d62c540b4608fce,2024-04-30,FOUR LANING OF BAKHTIYARPUR - MOKAMA SECTION OF NH-31,Ongoing,General,Unknown Agency,,0,82.66,0.955986748698533,42.26,40.4,95.5986748698533,,1,,,,False,False,0,0,,,,1,0.0,,1,1.0,0.0,Unknown State,40.0,,1,0.5134739151142795,1,0.86160898463887,2,0.8299098817848818,0.1270731629481629,0.0430169552669552,0.8299098817848818
6d6607ac643422a1,2024-04-30,MANOHARABAD-KOTHPALL NEW LINE(SCR),Ongoing,General,Indian Railways (SCR),,0,3.0,0.5,2.0,1.0,50.0,,1,,,,False,False,0,0,,,,1,0.0,,1,11.0,0.0,Unknown State,410.0,,1,0.4563195021056467,1,0.8697144794771458,2,0.969273518148518,0.0196239177489177,0.0111025641025641,0.969273518148518
6d95b551e43f3c64,2024-04-30,OF KALWAKURTHY - KOLLAPUR SECTI,Ongoing,General,Unknown Agency,,0,295.24,10.0,3.0,292.24,1000.0,,1,,,,False,False,0,0,,,,1,0.0,,2,15.0,0.0,Unknown State,40.0,,1,0.5047658772149731,1,0.5879582025665108,2,0.5528038268920623,0.4175026999144646,0.0296934731934731,0.5528038268920623
6da0f22595974cd9,2024-04-30,.700 (PKG-4),Ongoing,General,Unknown Agency,,0,3.0,10.0,0.1,2.9,1000.0,,1,,,,False,False,0,0,,,,1,0.0,,1,-1.0,0.0,Unknown State,36.0,,1,0.5210626932265845,1,0.8316018289410942,2,0.8063816559257735,0.1513207250266073,0.042297619047619,0.8063816559257735
6da1c5ceb736afb9,2024-04-30,INTERMEDIATE LANE SPECIFICATION WITH HARD SH,Ongoing,General,Unknown Agency,,0,832.46,10.0,6.0,826.46,1000.0,,1,,,,False,False,0,0,,,,1,0.0,,2,25.0,0.0,Unknown State,47.0,,1,0.4758026366724678,0,0.4582129081736746,2,0.5078903890227422,0.4462200381318027,0.0458895728454551,0.5078903890227422
6da99fb441647f92,2024-04-30,(RAIL VIKAS NIGAM LTD.),Ongoing,General,RAIL VIKAS NIGAM LTD.,,0,3.0,-0.9976841487702832,1295.42,-1292.42,-99.7684148770283,,1,,,,False,False,0,0,,,,1,0.0,,1,-13.0,0.0,Unknown State,12.0,,1,0.5296237889400337,1,0.8233154872347415,2,0.8541237422708011,0.101020335873277,0.0448559218559218,0.8541237422708011
6dbac87225eeddda,2024-04-30,SIDE OF NH 24B,Ongoing,General,Unknown Agency,,0,344.79,10.0,3.0,341.79,1000.0,,1,,,,False,False,0,0,,,,1,0.0,,2,2.0,0.0,Unknown State,39.0,,1,0.5075031671289145,1,0.5442813114622942,2,0.6778498184821717,0.2773317083243554,0.0448184731934731,0.6778498184821717
6dd15be8c7809426,2024-04-30,KM. 771.730 TO EXISTING KM. 782.0,Ongoing,General,Unknown Agency,,0,609.03,10.0,3.88,605.15,1000.0,,0,,,,False,False,0,0,,,,1,0.0,,2,2.0,0.0,Unknown State,36.0,,1,0.5091929401266884,0,0.4178930362976206,0,0.4640925879675879,0.4640925879675879,0.1116169663669663,0.4242904456654458
6de17c6d430d8acb,2024-04-30,MATHURA SEWERAGE SCHEME,Ongoing,General,Unknown Agency,,0,234.31,10.0,12.0,222.31,1000.0,,1,,,,False,False,0,0,,,,1,0.0,,2,-40.0,0.0,Unknown State,24.0,,1,0.5157698535701293,1,0.6156068865665184,2,0.6340304001554001,0.3206916694416694,0.0452779304029304,0.6340304001554001
6dee8a2e42252415,2024-04-30,DEDICATED TEST TRACK FOR RDSO (PHASE II),Ongoing,General,PHASE II,,0,371.77,10.0,8.0,363.77,1000.0,,1,,,,False,False,0,0,,,,1,0.0,,2,8.0,0.0,Unknown State,64.0,,1,0.4808603906419136,1,0.5601487589556422,2,0.5825992104300929,0.3260053932995109,0.0913953962703962,0.5825992104300929
6df18610e694537f,2024-04-30,SHOULDERS FROM KM.159/0 TO 165/4,Ongoing,General,Unknown Agency,,0,248.22,10.0,12.0,236.22,1000.0,,1,,,,False,False,0,0,,,,1,0.0,,2,-41.0,0.0,Unknown State,35.0,,1,0.5071212297720086,1,0.6232735532331851,2,0.6386457847707848,0.3160762848262848,0.0452779304029304,0.6386457847707848
6e04bc23ca780224,2024-04-30,GARHWA ROAD - RAIL OVER RAIL,Ongoing,General,Unknown Agency,,0,216.0,10.0,6.0,210.0,1000.0,,1,,,,False,False,0,0,,,,1,0.0,,2,3.0,0.0,Unknown State,1.0,,1,0.5267642183120236,1,0.6364145232805737,2,0.7450617552382256,0.2019273349199819,0.0530109098417921,0.7450617552382256
6e1046fe76b76ad9,2024-04-30,BYPASS) OF NH-8E (NH 51 NE,Ongoing,General,Unknown Agency,,0,6.0,5.7415730337078665,0.89,5.11,574.1573033707866,,1,,,,False,False,0,0,,,,1,0.0,,1,1.0,0.0,Unknown State,11.0,,1,0.5375130974622079,1,0.8364727781993271,2,0.8245742868242867,0.1195017205017205,0.0559239926739926,0.8245742868242867
6e1ba344160e084e,2024-04-30,Mode)(NATIONAL HIGHWAYS AUTHORITY OF INDIA),Ongoing,General,NATIONAL HIGHWAYS AUTHORITY OF INDIA,,0,161.0,0.7462039045553145,92.2,68.8,74.62039045553145,,1,,,,False,False,0,0,,,,1,0.0,,2,-13.0,0.0,Unknown State,17.0,,1,0.5163450565712139,1,0.685458890768776,2,0.7803722560119618,0.1890566027110144,0.0305711412770236,0.7803722560119618
6e230945745e2ed3,2024-04-30,RAJRAPPA RCE OCP ( 3.0 MTY),Ongoing,General,Unknown Agency,,0,4.0,-0.9735169491525424,151.04,-147.04,-97.35169491525424,,1,,,,False,False,0,0,,,,1,0.0,,1,11.0,0.0,Unknown State,131.0,,1,0.4662535584151658,1,0.8939098526299318,2,0.9321172022422024,0.0196488095238095,0.0482339882339882,0.9321172022422024
6e47412d324ecae2,2024-04-30,UNDER,Ongoing,General,Unknown Agency,,0,45.0,0.5517241379310345,29.0,16.0,55.172413793103445,,1,,,,False,False,0,0,,,,1,0.0,,1,8.0,0.0,Unknown State,81.0,,1,0.468829426103974,1,0.8595022557039979,2,0.8943360250860252,0.0512208902208902,0.0544430846930846,0.8943360250860252
6e95a17b2ecf1839,2024-04-30,TO KM. 170.600 OF NH-17 (NEW NH,Ongoing,General,Unknown Agency,,0,1706.47,-0.1560484668644906,2022.0,-315.53,-15.604846686449058,,1,,,,False,False,0,0,,,,1,0.0,,3,16.0,0.0,Unknown State,1.0,,1,0.5311576972890429,0,0.4824104691767111,2,0.6340739815739816,0.2360672244422245,0.1298587939837939,0.6340739815739816
6e9e6afa2513665c,2024-04-30,Joint Venture(HPOIL Gas Pvt. Ltd),Ongoing,General,HPOIL GAS PVT. LTD,,0,9.0,-0.9729225585173596,332.38,-323.38,-97.29225585173596,,1,,,,False,False,1,0,,,,1,0.0,,1,13.0,0.0,Unknown State,-40.0,,1,0.6009630021779802,1,0.8695302243363834,2,0.9187844655344654,0.0406878954378954,0.040527639027639,0.9187844655344654
6ea1e26cfdb95115,2024-04-30,MUGHALSARAI - ALLAHABAD - 3RD LINE,Ongoing,General,Unknown Agency,,0,4.0,-0.8181818181818182,22.0,-18.0,-81.81818181818183,,1,,,,False,False,0,0,,,,1,0.0,,1,32.0,0.0,Unknown State,80.0,,0,0.4434384158567663,1,0.9038882374285226,2,0.956136322011322,0.0192404401154401,0.0246232378732378,0.956136322011322
6eb143bde9d86d2f,2024-04-30,(GAS AUTHORITY OF INDIA LIMITED),Ongoing,General,GAS AUTHORITY OF INDIA LIMITED,,0,468.39,10.0,9.0,459.39,1000.0,,1,,,,False,False,1,0,,,,1,0.0,,2,-18.0,0.0,Unknown State,-47.0,,1,0.5880351473225325,0,0.4676532402314861,2,0.6684190662278898,0.2817189624101388,0.0498619713619713,0.6684190662278898
6ec7484628435a28,2024-04-30,SHAJAPUR 325MW SOLAR PV PROJECT,Ongoing,General,Unknown Agency,,0,599.99,10.0,2.0,597.99,1000.0,,1,,,,False,False,0,0,,,,1,0.0,,2,-1.0,0.0,Unknown State,37.0,,1,0.5076067921405629,0,0.4340165135902194,2,0.4904356811489165,0.3884463771522595,0.121117941698824,0.4904356811489165
6f02f9c09726a6a9,2024-04-30,KOTA (GC),Ongoing,General,Indian Railways (GC),,0,734.01,0.4806350102876507,495.74,238.27,48.063501028765074,,1,,,,False,False,0,0,,,,1,0.0,,2,8.0,0.0,Unknown State,138.0,,1,0.4603750534432685,0,0.4985063337873698,2,0.6226694335076686,0.2954868823986471,0.081843684093684,0.6226694335076686
6f0413ea03c2c120,2024-04-30,TO KM. 82.660 OF NH347BG AND,Ongoing,General,Unknown Agency,,0,923.15,10.0,1.0,922.15,1000.0,,1,,,,False,False,0,0,,,,1,0.0,,2,0.0,0.0,Unknown State,39.0,,1,0.5070508877219766,0,0.4377027280366238,2,0.4592535520035521,0.421569375069375,0.1191770729270729,0.4592535520035521
6f28df196a5c301e,2024-04-30,Ltd.),Ongoing,General,Unknown Agency,,0,446.17,4.427264654721503,82.209,363.961,442.7264654721503,,1,,,,False,False,0,0,,,,1,0.0,,2,-56.0,0.0,Unknown State,5.0,,1,0.521830798719558,1,0.5075425248488163,2,0.6070339439971792,0.2740846318713965,0.1188814241314241,0.6070339439971792
6f5fd693ef707c1e,2024-04-30,SHEWALI (SAKRI) - NANDURBAR,Ongoing,General,SAKRI,,0,452.94,10.0,3.0,449.94,1000.0,,1,,,,False,False,0,0,,,,1,0.0,,2,3.0,0.0,Unknown State,100.0,,1,0.462091374257326,0,0.4839509720196103,2,0.5269895382395382,0.3970222693972695,0.0759881923631923,0.5269895382395382
6f76b63909fc91a9,2024-04-30,(CHORDAHA) SECTION,Ongoing,General,CHORDAHA,,0,366.85,10.0,12.0,354.85,1000.0,,1,,,,False,False,0,0,,,,1,0.0,,2,-1.0,0.0,Unknown State,39.0,,1,0.4991800405728667,1,0.5755786854715489,2,0.6604678768943474,0.299493772567302,0.0400383505383505,0.6604678768943474
6f980134158fd8d1,2024-04-30,EASTERN REGION EXPANSION SCHEME XXIX,Ongoing,General,Unknown Agency,,0,1000.0,-0.6,2500.0,-1500.0,-60.0,,1,,,,False,False,0,0,,,,1,0.0,,3,19.0,0.0,Unknown State,26.0,,1,0.5118752156578995,1,0.5945809737710508,2,0.5497841031517502,0.1933595065065653,0.2568563903416844,0.5497841031517502
700c32907368f9db,2024-04-30,WITH PAVED SHOULDER CONFIGURATION BETWEEN KM. 65.4,Ongoing,General,Unknown Agency,,0,186.71,10.0,10.0,176.71,1000.0,,1,,,,False,False,0,0,,,,1,0.0,,2,-9.0,0.0,Unknown State,69.0,,1,0.4757712498055839,1,0.6590496025521908,2,0.7071352511867215,0.2546791386717856,0.0381856101414924,0.7071352511867215
70136b313bb4402e,2024-04-30,FROM KM 485.000 TO KM 499.800,Ongoing,General,Unknown Agency,,0,1056.73,0.7579936782565296,601.1,455.63,75.79936782565296,,1,,,,False,False,0,0,,,,1,0.0,,3,3.0,0.0,Unknown State,6.0,,1,0.5296450641512829,0,0.396950634910289,2,0.5108947033358797,0.3423825471913708,0.1467227494727494,0.5108947033358797
7014493ca398bbed,2024-04-30,LANE WITH PAVED SHOULDERS,Ongoing,General,Unknown Agency,,0,245.61,10.0,2.0,243.61,1000.0,,1,,,,False,False,0,0,,,,1,0.0,,2,8.0,0.0,Unknown State,22.0,,1,0.5257439050912844,1,0.6386747058809402,2,0.6707860652419477,0.2722995019686196,0.0569144327894327,0.6707860652419477
7018ee7f56be5611,2024-04-30,BHENSARA 320 MW,Ongoing,General,Unknown Agency,,0,31876.39,10.0,2.0,31874.39,1000.0,,1,,,,False,False,0,0,,,,1,0.0,,3,-1.0,0.0,Unknown State,13.0,,1,0.5258945145904148,0,0.2915205740627294,0,0.4528589466089465,0.4528589466089465,0.1872702575202575,0.359870795870796
7024c076baceded3,2024-04-30,PCMC NIGDI PROJECT EXTENSION OF CORRIDOR 1 OF PUNE METRO PHASE 1,Ongoing,General,Unknown Agency,,0,2.0,1.0,1.0,1.0,100.0,,1,,,,False,False,0,0,,,,1,0.0,,1,33.0,0.0,Unknown State,121.0,,0,0.4418522774132232,1,0.8695964893283363,2,0.9454540239172587,0.0505075145442792,0.0040384615384615,0.9454540239172587
70445481b2485c34,2024-04-30,PROJECT,Ongoing,General,Unknown Agency,,0,6.0,0.0,6.0,0.0,0.0,,0,,,,False,False,0,0,,,,1,0.0,,1,5.0,0.0,Unknown State,3.0,,1,0.5401251428338312,1,0.8788207057005711,2,0.7479473859473859,0.1808981296481296,0.0711544844044844,0.7479473859473859
7073f8f4c72c4494,2024-04-30,MEERUT UTTAR PRADESH,Ongoing,General,Unknown Agency,,0,271.39,10.0,3.0,268.39,1000.0,,1,,,,False,False,0,0,,,,1,0.0,,2,0.0,0.0,Unknown State,61.0,,1,0.4872580960473295,1,0.6112421311654146,2,0.5961202269952273,0.3599815323565324,0.0438982406482406,0.5961202269952273
70c12e460b577f9d,2024-04-30,FROM KM. 249 TO KM. 250.050 ON,Ongoing,General,Unknown Agency,,0,478.83,10.0,3.0,475.83,1000.0,,1,,,,False,False,0,0,,,,1,0.0,,2,0.0,0.0,Unknown State,37.0,,1,0.5075031671289145,0,0.4348038221160948,2,0.5053777668410023,0.4030143230952054,0.0916079100637924,0.5053777668410023
70dea5781aa9711f,2024-04-30,SECTION OF NH 548DG (NHAVARA TO CHOU,Ongoing,General,Unknown Agency,,0,304.87,10.0,3.0,301.87,1000.0,,1,,,,False,False,0,0,,,,1,0.0,,2,4.0,0.0,Unknown State,29.0,,1,0.5150902792507724,1,0.5727787198272185,2,0.6252124876757231,0.3336670494538142,0.0411204628704628,0.6252124876757231
70ff69f102f1499c,2024-04-30,INTEGRATION OF RE PROJECTS FROM KHAVDA POT,Ongoing,General,Unknown Agency,,0,281.16,10.0,3.0,278.16,1000.0,,1,,,,False,False,0,0,,,,1,0.0,,2,11.0,0.0,Unknown State,24.0,,1,0.5196111830559231,1,0.5958856110137805,2,0.6049294316794319,0.3439320401820402,0.0511385281385281,0.6049294316794319
710df7bc9659645a,2024-04-30,GEOMETRIC IM,Ongoing,General,Unknown Agency,,0,550.45,10.0,2.0,548.45,1000.0,,1,,,,False,False,0,0,,,,1,0.0,,2,2.0,0.0,Unknown State,40.0,,1,0.5075031671289145,0,0.4368458719263226,2,0.5122158870541224,0.3828198231507055,0.1049642897951721,0.5122158870541224
717974844da6e4eb,2024-04-30,DOUBLING BETWEEN GOOTY-PENDAKALLU (29.225),Ongoing,General,Unknown Agency,,0,226.72,10.0,4.0,222.72,1000.0,,1,,,,False,False,0,0,,,,1,0.0,,2,35.0,0.0,Unknown State,131.0,,0,0.4378536183430202,1,0.6328654920272516,2,0.7381071954361426,0.238031693452746,0.0238611111111111,0.7381071954361426
71bdabcc0567da95,2024-04-30,JINTUR TO PARBHANI,Ongoing,General,Unknown Agency,,0,12.0,-0.9940564635958395,2019.0,-2007.0,-99.40564635958395,,1,,,,False,False,0,0,,,,1,0.0,,1,-4.0,0.0,Unknown State,0.0,,1,0.5374247424721612,1,0.8806314294018373,2,0.8559397440794502,0.0542391774891774,0.0898210784313725,0.8559397440794502
71d4e364531ea810,2024-04-30,TUIPANG SECTION OF NH-54,Ongoing,General,Unknown Agency,,0,46.0,10.0,4.0,42.0,1000.0,,1,,,,False,False,0,0,,,,1,0.0,,1,0.0,0.0,Unknown State,91.0,,1,0.4692914347150357,1,0.8344780713536225,2,0.861036029330147,0.1095837675396498,0.0293802031302031,0.861036029330147
71e8e192c5b61594,2024-04-30,POL AND LOBS INSTALLATIONS WITH RECEIPT PIPELINES AT RASAYANI,Ongoing,General,Unknown Agency,,0,1932.0,10.0,9.0,1923.0,1000.0,,1,,,,False,False,0,0,,,,1,0.0,,3,25.0,0.0,Unknown State,80.0,,1,0.450510333834482,0,0.2868577771511912,2,0.501038303200068,0.3935212304035834,0.1054404663963487,0.501038303200068
71f2107c13d961aa,2024-04-30,NEFR,Ongoing,General,Unknown Agency,,0,250.17,0.3363068212168152,187.21,62.95999999999998,33.630682121681524,,1,,,,False,False,1,0,,,,1,0.0,,2,8.0,0.0,Unknown State,-12.0,,1,0.6021958074188593,1,0.6356568567944654,2,0.7392358099416922,0.1550677198618374,0.1056964701964701,0.7392358099416922
7201d96271caf12e,2024-04-30,KM)),Ongoing,General,Unknown Agency,,0,943.6,10.0,4.0,939.6,1000.0,,1,,,,False,False,0,0,,,,1,0.0,,2,10.0,0.0,Unknown State,118.0,,1,0.4672726269285379,0,0.4424157287314465,2,0.5575024477156831,0.31603356773945,0.1264639845448668,0.5575024477156831
722f30ccc4dadbad,2024-04-30,SEWERAGE SYSTEM AND STP WORKS AT HALISHAHR,Ongoing,General,Unknown Agency,,0,211.79,10.0,5.0,206.79,1000.0,,1,,,,False,False,0,0,,,,1,0.0,,2,-52.0,0.0,Unknown State,43.0,,1,0.5079058928621287,1,0.6486295893684632,2,0.6021071265335971,0.3512100105776576,0.0466828628887452,0.6021071265335971
7274a32c683235c7,2024-04-30,AKASH BRIDGE - JESSAMI SECTION PKG-2,Ongoing,General,Unknown Agency,,0,217.0,10.0,1.0,216.0,1000.0,,1,,,,False,False,0,0,,,,1,0.0,,2,-14.0,0.0,Unknown State,13.0,,1,0.5239321625071984,1,0.6349722108827361,2,0.6245252778267482,0.3048523404699875,0.070622381703264,0.6245252778267482
727592c3b0a22d98,2024-04-30,FROM KM. 21.110 TO KM. 53.600 IN,Ongoing,General,Unknown Agency,,0,629.16,10.0,6.0,623.16,1000.0,,1,,,,False,False,0,0,,,,1,0.0,,2,14.0,0.0,Unknown State,24.0,,1,0.5197023996170747,0,0.4277917796394317,2,0.4549979603729603,0.4134010017760017,0.1316010378510378,0.4549979603729603
729f8d2685eef9f0,2024-04-30,LTA SYSTEM,Ongoing,General,Unknown Agency,,0,2820.99,10.0,3.0,2817.99,1000.0,,1,,,,False,False,0,0,,,,1,0.0,,3,12.0,0.0,Unknown State,25.0,,1,0.5222881870439537,0,0.286363223741071,0,0.5367312840668103,0.5367312840668103,0.184477675102675,0.2787910408305144
72d26efed503a6d3,2024-04-30,KURNOOL (1000MW),Ongoing,General,Unknown Agency,,0,72.0,5.0,12.0,60.0,500.0,,1,,,,False,False,0,0,,,,1,0.0,,1,17.0,0.0,Unknown State,9.0,,1,0.5186962470749553,1,0.8460765200948663,2,0.9284281880400296,0.0315231106612685,0.0400487012987012,0.9284281880400296
72e5ef102629ce09,2024-04-30,BYPASS (DESIGN KM. 486+000) SEC,Ongoing,General,Unknown Agency,,0,1107.0,-0.4527928818586258,2023.0,-916.0,-45.27928818586258,,1,,,,False,False,0,0,,,,1,0.0,,3,20.0,0.0,Unknown State,1.0,,1,0.5187141913699751,1,0.5519933934506586,2,0.5452548546225017,0.1952178703649292,0.2595272750125691,0.5452548546225017
730e5614a4e10f01,2024-04-30,(MINISTRY OF ROAD TRANSPORT AND HIGHWAYS (STATE PWDs)),Ongoing,General,MINISTRY OF ROAD TRANSPORT AND HIGHWAYS (STATE PWDS,,0,996.27,10.0,25.0,971.27,1000.0,,1,,,,False,False,0,0,,,,1,0.0,,2,-17.0,0.0,Unknown State,8.0,,1,0.5175281048697056,0,0.4453183599711769,0,0.5552023368788075,0.5552023368788075,0.1017262459762459,0.3430714171449466
7314cdf79d08a9aa,2024-04-30,PARLI PIMPLA DAHIGUDA,Ongoing,General,Unknown Agency,,0,283.15,10.0,1.0,282.15,1000.0,,1,,,,False,False,0,0,,,,1,0.0,,2,-8.0,0.0,Unknown State,67.0,,1,0.4757872920407986,1,0.5971008077734521,2,0.5346082251082253,0.4012569097569096,0.0641348651348651,0.5346082251082253
733e9044078a12d4,2024-04-30,NARAYANGARH TO BHADRAK 3RD LINE (155 KM),Ongoing,General,Unknown Agency,,0,1376.2,10.0,6.0,1370.2,1000.0,,1,,,,False,False,0,0,,,,1,0.0,,3,20.0,0.0,Unknown State,42.0,,1,0.4939021241714874,0,0.2959882079089365,2,0.5233912476412479,0.4107692585192585,0.0658394938394938,0.5233912476412479
73492ca293a040e8,2024-04-30,JODHPUR RING ROAD (PKG-II),Ongoing,General,NHAI (Contract),,0,12.0,-0.9178082191780824,146.0,-134.0,-91.78082191780824,,1,,,,False,False,0,0,,,,1,0.0,,1,4.0,0.0,Unknown State,32.0,,1,0.5099086353039317,1,0.8891332271136032,2,0.9082251637251636,0.0587403429903429,0.0330344932844932,0.9082251637251636
7364adff1fdac6f2,2024-04-30,MORAPPUR-DHARMAPURI,Ongoing,General,Unknown Agency,,0,1431.9,10.0,2.0,1429.9,1000.0,,1,,,,False,False,0,0,,,,1,0.0,,3,35.0,0.0,Unknown State,145.0,,0,0.4446225618545843,0,0.3312526561217953,2,0.6391251665001666,0.2772943584193584,0.083580475080475,0.6391251665001666
7397b581f23c201c,2024-04-30,KALYAN-KASARA 3RD LINE,Ongoing,General,Unknown Agency,,0,1272.19,10.0,2.0,1270.19,1000.0,,1,,,,False,False,0,0,,,,1,0.0,,3,20.0,0.0,Unknown State,130.0,,1,0.4550469961049846,0,0.297919322788462,2,0.5570125985125987,0.3478043623043623,0.0951830391830391,0.5570125985125987
739d060e67f3b391,2024-04-30,PHULAUT INCLUDING RHABILITATION AND,Ongoing,General,Unknown Agency,,0,917.91,10.0,3.0,914.91,1000.0,,1,,,,False,False,0,0,,,,1,0.0,,2,22.0,0.0,Unknown State,47.0,,1,0.4855583141619314,0,0.4392793650950828,2,0.5783862942612944,0.3616745615495615,0.0599391441891441,0.5783862942612944
73a07253b985c56e,2024-04-30,.217) OF NH-83 IN THE STAT,Ongoing,General,Unknown Agency,,0,12.0,-0.9940623453735776,2021.0,-2009.0,-99.40623453735776,,1,,,,False,False,0,0,,,,1,0.0,,1,8.0,0.0,Unknown State,0.0,,1,0.5384700802270092,1,0.8806314294018373,2,0.8848338638485699,0.0161197691197691,0.0990463670316611,0.8848338638485699
73ab8f4ab10605a7,2024-04-30,LINE (SECR),Ongoing,General,SECR,,0,2288.7,10.0,4.0,2284.7,1000.0,,1,,,,False,False,0,0,,,,1,0.0,,3,8.0,0.0,Unknown State,164.0,,1,0.4641039874844768,0,0.3079561422198182,0,0.4241809016147252,0.4241809016147252,0.1879809357309357,0.3878381626543391
740b1b8b2d7d5a5f,2024-04-30,REGION.,Ongoing,General,Unknown Agency,,0,353.85,10.0,3.0,350.85,1000.0,,1,,,,False,False,0,0,,,,1,0.0,,2,-1.0,0.0,Unknown State,36.0,,1,0.5086353658076422,1,0.5178008567787961,2,0.6756587734161265,0.2820795715722186,0.042261655011655,0.6756587734161265
740d24092092600f,2024-04-30,CONNECTING NH-8,Ongoing,General,Unknown Agency,,0,6.0,-0.7777777777777779,27.0,-21.0,-77.77777777777779,,1,,,,False,False,0,0,,,,1,0.0,,1,35.0,0.0,Unknown State,49.0,,1,0.4872738993229997,1,0.8953574316587962,2,0.964011322011322,0.0146987734487734,0.0212899045399045,0.964011322011322
7427aeeb94526f3f,2024-04-30,KM. 54+530 (DESIGN CHAINAGE) TO,Ongoing,General,DESIGN CHAINAGE,,0,897.45,10.0,9.0,888.45,1000.0,,1,,,,False,False,0,0,,,,1,0.0,,2,8.0,0.0,Unknown State,51.0,,1,0.4985669624340326,0,0.4592629424053144,2,0.5241283479592304,0.358881947301065,0.1169897047397047,0.5241283479592304
74336b18a6712e8d,2024-04-30,PLANT,Ongoing,General,Unknown Agency,,0,5.0,-0.8484848484848484,33.0,-28.0,-84.84848484848484,,1,,,,False,False,0,0,,,,1,0.0,,1,15.0,0.0,Unknown State,86.0,,1,0.4666465390021738,1,0.9020239643427074,2,0.931170412920413,0.0312341269841269,0.0375954600954601,0.931170412920413
7441fa3d30124510,2024-04-30,R and D CAMPUS II AT FARIDABAD,Ongoing,General,Unknown Agency,,0,3361.0,10.0,5.0,3356.0,1000.0,,1,,,,False,False,0,0,,,,1,0.0,,3,15.0,0.0,Unknown State,74.0,,1,0.4705675736526967,0,0.286363223741071,0,0.539024712860239,0.539024712860239,0.1252926101676101,0.3356826769721506
7474294edf537541,2024-04-30,EXISTING CHAINAGE KM  134.95 TO KM,Ongoing,General,Unknown Agency,,0,152.93,10.0,3.0,149.93,1000.0,,1,,,,False,False,0,0,,,,1,0.0,,2,3.0,0.0,Unknown State,52.0,,1,0.5029438839285466,1,0.6801242736256755,2,0.8038919764875646,0.1504894019379313,0.0456186215745039,0.8038919764875646
749d29b2f5309ec9,2024-04-30,SILLOD TO FARDAPUR,Ongoing,General,Unknown Agency,,0,183.0,10.0,12.0,171.0,1000.0,,1,,,,False,False,0,0,,,,1,0.0,,2,-4.0,0.0,Unknown State,0.0,,1,0.5234059353879381,1,0.6482775660780267,2,0.6717456685471391,0.2865207415133886,0.0417335899394723,0.6717456685471391
74ea4293a994afb7,2024-04-30,.160 OF SH78 NEW NH131G,Ongoing,General,Unknown Agency,,0,3.0,0.0,3.0,0.0,0.0,,1,,,,False,False,0,0,,,,1,0.0,,1,8.0,0.0,Unknown State,33.0,,1,0.5232683541591773,1,0.8801422091447161,2,0.9395508658008658,0.0316309523809523,0.0288181818181818,0.9395508658008658
751ba9c83d7bf2e7,2024-04-30,BRAHMAPUTRA BETWEEN MAJULI ON NORTH BAN,Ongoing,General,Unknown Agency,,0,403.36,10.0,11.0,392.36,1000.0,,1,,,,False,False,0,0,,,,1,0.0,,2,15.0,0.0,Unknown State,44.0,,1,0.5038906664601329,1,0.5392323849844641,2,0.5392812661195014,0.409043617330382,0.0516751165501165,0.5392812661195014
75256306a93d2584,2024-04-30,IMPROVEMENTS FRO,Ongoing,General,Unknown Agency,,0,288.85,10.0,3.0,285.85,1000.0,,1,,,,False,False,0,0,,,,1,0.0,,2,5.0,0.0,Unknown State,42.0,,1,0.5102068137730633,1,0.6084479163097306,2,0.6520436703819059,0.3024271365889014,0.045529193029193,0.6520436703819059
757b6b770becd9c6,2024-04-30,BYPASS PKG-7,Ongoing,General,Unknown Agency,,0,230.45,10.0,8.0,222.45,1000.0,,1,,,,False,False,0,0,,,,1,0.0,,2,2.0,0.0,Unknown State,46.0,,1,0.5076160384905557,1,0.6319131110748706,2,0.7529265293529996,0.2034420048905343,0.0436314657564657,0.7529265293529996
758e45d6a8e42d09,2024-04-30,UNDER CHARDHAM PARI,Ongoing,General,Unknown Agency,,0,58.11,-0.9373139158576052,927.0,-868.89,-93.73139158576052,,1,,,,False,False,0,0,,,,1,0.0,,1,0.0,0.0,Unknown State,18.0,,1,0.5342714394277374,1,0.8735309867175708,2,0.8822908202908204,0.0382619047619047,0.0794472749472749,0.8822908202908204
759b3b51b13b969f,2024-04-30,.427 TO 64.00 ] OF NH-752G],Ongoing,General,Unknown Agency,,0,171.6,10.0,5.0,166.6,1000.0,,1,,,,False,False,0,0,,,,1,0.0,,2,-4.0,0.0,Unknown State,67.0,,1,0.4773882436782387,1,0.6662160130863185,2,0.7111771398536103,0.2583063031739501,0.0305165569724393,0.7111771398536103
75bf95bf203bbe7d,2024-04-30,TO KM 130.240 UNDER NHDP PHASE-I,Ongoing,General,Unknown Agency,,0,609.32,10.0,1.0,608.32,1000.0,,1,,,,False,False,0,0,,,,1,0.0,,2,20.0,0.0,Unknown State,35.0,,1,0.4857811149871401,0,0.4240165135902193,2,0.5496662920412921,0.3988291985791985,0.0515045093795093,0.5496662920412921
75c798c24578830a,2024-04-30,(PHASE-I) (AJ/SR-PACKAGE-1),Ongoing,General,PHASE-I,,0,12.0,-0.914171071359602,139.813,-127.813,-91.41710713596018,,1,,,,False,False,0,0,,,,1,0.0,,1,-6.0,0.0,Unknown State,34.0,,1,0.5135943173156735,1,0.8894506874310635,2,0.9068719891219892,0.0578712953712953,0.0352567155067155,0.9068719891219892
75e8dba7c7c45cbc,2024-04-30,CHANGTONGYA  TO LONGLENG ROAD PKG-2,Ongoing,General,Unknown Agency,,0,107.762,0.0109954029458673,106.59,1.171999999999997,1.0995402945867314,,0,,,,False,True,0,0,,,,1,0.0,,1,-19.0,0.0,Unknown State,90.0,,1,0.4663341460274881,1,0.8091533771619016,2,0.7259844036682271,0.2027267552708729,0.0712888410608998,0.7259844036682271
76325149cfdb6984,2024-04-30,TO 127.500 OF NH-214) OF NH-216,Ongoing,General,Unknown Agency,,0,248.83,10.0,10.0,238.83,1000.0,,1,,,,False,False,0,0,,,,1,0.0,,2,-11.0,0.0,Unknown State,79.0,,1,0.4678384567798433,1,0.6315455897073492,2,0.741960356636827,0.2122617129602423,0.0457779304029304,0.741960356636827
7655eb755df0c557,2024-04-30,"GUNDLA POCHAMPALLY AT KM.471+000,",Ongoing,General,Unknown Agency,,0,12.0,-0.9426632901715324,209.29,-197.29,-94.26632901715324,,1,,,,False,False,0,0,,,,1,0.0,,1,9.0,0.0,-,1.0,,1,0.5354543343368208,1,0.916857372056376,2,0.9594851676101674,0.0139682539682539,0.0265465784215784,0.9594851676101674
7694b1919d8f8c56,2024-04-30,MMTPA,Ongoing,General,Unknown Agency,,0,9.0,-0.9302325581395348,129.0,-120.0,-93.02325581395348,,1,,,,False,False,0,0,,,,1,0.0,,1,20.0,0.0,Unknown State,63.0,,1,0.4699999733104856,1,0.892739581981606,2,0.9120163308913308,0.0415721916971917,0.0464114774114774,0.9120163308913308
76d02d6f97fa9801,2024-04-30,TO KM. 109.300 OF NH 119 D (PKG-I,Ongoing,General,Unknown Agency,,0,1063.72,10.0,5.0,1058.72,1000.0,,1,,,,False,False,0,0,,,,1,0.0,,3,15.0,0.0,Unknown State,38.0,,1,0.504686338163172,0,0.3203748953569899,2,0.4818658979908982,0.4363943833943832,0.0817397186147186,0.4818658979908982
77085988aa55ca5a,2024-04-30,CONSTRUCTION OF BYPASSES:(1) ASOTRA- BR,Ongoing,General,Unknown Agency,,0,257.97,10.0,12.0,245.97000000000003,1000.0,,1,,,,False,False,0,0,,,,1,0.0,,2,1.0,0.0,Unknown State,29.0,,1,0.5113821988105577,1,0.6206868358721106,2,0.6898517707782414,0.2639460563945858,0.0462021728271728,0.6898517707782414
7716032319d03c6e,2024-04-30,TO,Ongoing,General,Unknown Agency,,0,106.59,-0.5065277777777778,216.0,-109.41,-50.65277777777778,,1,,,,False,False,0,0,,,,1,0.0,,1,-22.0,0.0,Unknown State,87.0,,1,0.4664875815149201,1,0.8798075055364346,2,0.8691702880452883,0.0443579753579753,0.0864717365967366,0.8691702880452883
771630b0cd0f66c7,2024-04-30,(SAINT TUKARAM MARG),Ongoing,General,SAINT TUKARAM MARG,,0,493.0,10.0,2.0,491.0,1000.0,,1,,,,False,False,0,0,,,,1,0.0,,2,2.0,0.0,Unknown State,64.0,,1,0.4811110338843291,0,0.4773802710575461,2,0.4965688396570749,0.4442125970434796,0.0592185632994456,0.4965688396570749
771c86bfcae5c4e3,2024-04-30,LANE TO 2 LANE WITH PAVED SHOULDER,Ongoing,General,Unknown Agency,,0,220.66,10.0,6.0,214.66,1000.0,,1,,,,False,False,1,0,,,,1,0.0,,2,-76.0,0.0,Unknown State,-30.0,,1,0.5992953018514536,1,0.6364145232805737,2,0.8433393779423188,0.0868912386632974,0.0697693833943833,0.8433393779423188
772656ff90404bb9,2024-04-30,"NEAR YESGI VILLAGE @ KM, 166/500 ON NH 63 TQ BILOLI",Ongoing,General,Unknown Agency,,0,228.82,10.0,9.0,219.82,1000.0,,1,,,,False,False,0,0,,,,1,0.0,,2,-4.0,0.0,166/500 ON NH 63 TQ BILOLI -,51.0,,1,0.4970646271543312,1,0.657749593570357,2,0.776260055304173,0.1471617549117549,0.0765781897840721,0.776260055304173
7762b372a66e7e23,2024-04-30,LENGTH OF 85 KM,Ongoing,General,Unknown Agency,,0,1020.84,10.0,3.0,1017.84,1000.0,,1,,,,False,False,0,0,,,,1,0.0,,3,-1.0,0.0,Unknown State,36.0,,1,0.5087068683237989,0,0.3556699005057474,2,0.4967646022278375,0.4048915847224671,0.0983438130496954,0.4967646022278375
776f76b8928345bb,2024-04-30,VIZAG TERMINAL,Ongoing,General,Unknown Agency,,0,1.0,-0.991869918699187,123.0,-122.0,-99.1869918699187,,1,,,,False,False,0,0,,,,1,0.0,,1,11.0,0.0,Unknown State,46.0,,1,0.5198438685173067,1,0.8994495909042809,2,0.9148129093129096,0.0341753246753246,0.051011766011766,0.9148129093129096
777ced00f6432f01,2024-04-30,YESHVANTHPUR-CHANNASANDRA (21.7 KM),Ongoing,General,Unknown Agency,,0,4.0,-0.9846743295019156,261.0,-257.0,-98.46743295019157,,1,,,,False,False,0,0,,,,1,0.0,,1,23.0,0.0,Unknown State,83.0,,0,0.4468095525823525,1,0.8841179107555349,2,0.9436565934065934,0.0192097069597069,0.0371336996336996,0.9436565934065934
7782486b636342c7,2024-04-30,ER WR TRANSMISSION LIMITED,Ongoing,General,Unknown Agency,,0,4754.42,10.0,12.0,4742.42,1000.0,,1,,,,False,False,0,0,,,,1,0.0,,3,11.0,0.0,Unknown State,123.0,,1,0.4686091238203662,0,0.3041423792223162,2,0.4459840159840161,0.3657908896658896,0.1882250943500943,0.4459840159840161
77a7d26fe09383a9,2024-04-30,MAO FROM KM 185.540 TO KM,Ongoing,General,Unknown Agency,,0,301.06,10.0,8.0,293.06,1000.0,,0,,,,False,True,0,0,,,,1,0.0,,2,1.0,0.0,Unknown State,45.0,,1,0.5073352394579197,1,0.552708045162434,2,0.5558194966797908,0.3873238599635658,0.0568566433566433,0.5558194966797908
77b1a8a1b24f3de7,2024-04-30,Central Sector Projects(NORTHERN COAL FIELDS LIMITED),Ongoing,General,NORTHERN COAL FIELDS LIMITED,,0,2024.0,1.024,1000.0,1024.0,102.4,,1,,,,False,False,0,0,,,,1,0.0,,3,-37.0,0.0,Unknown State,0.0,,1,0.5310845111661885,0,0.3355201795621533,0,0.4439594572094572,0.4439594572094572,0.1218582528582528,0.4341822899322899
7839babcc9b71956,2024-04-30,KM 42.300 (KASU) TO KM 84.600 (,Ongoing,General,KASU,,0,662.08,10.0,10.0,652.08,1000.0,,1,,,,False,False,0,0,,,,1,0.0,,2,1.0,0.0,Unknown State,55.0,,1,0.4931863813357649,0,0.4589366471164423,2,0.4708175016418049,0.4610767181734675,0.0681057801847275,0.4708175016418049
784f6586f29984b3,2024-04-30,AIRPORT FROM DND FARIDABAD BALLABHGAR,Ongoing,General,Unknown Agency,,0,3.0,-0.8636363636363636,22.0,-19.0,-86.36363636363636,,1,,,,False,False,0,0,,,,1,0.0,,1,14.0,0.0,Unknown State,39.0,,1,0.5195680837674995,1,0.9042332666682888,2,0.9424779526029528,0.0098869047619047,0.0476351426351426,0.9424779526029528
785d755942ab725f,2024-04-30,SRINAGAR-SONA,Ongoing,General,Unknown Agency,,0,434.0,10.0,7.0,427.0,1000.0,,1,,,,False,False,0,0,,,,1,0.0,,2,2.0,0.0,Unknown State,46.0,,1,0.5070829828291008,0,0.448756669073917,2,0.5469972311400331,0.3834802686993089,0.069522500160658,0.5469972311400331
78715fc0df1821bf,2024-04-30,"JAYANAGAR-DARBHANGA-NARKATIA GANJ(GC),ECR",Ongoing,General,Indian Railways (GC),,0,2024.0,10.0,150.0,1874.0,1000.0,,1,,,,False,False,0,0,,,,1,0.0,,3,-4.0,0.0,ECR -,320.0,,0,0.4498726935742786,0,0.3100066413164408,0,0.3768609723609722,0.3768609723609722,0.328522533022533,0.2946164946164947
7886c2bc8aee9d53,2024-04-30,GU,Ongoing,General,Unknown Agency,,0,204.3,1.760810810810811,74.0,130.3,176.0810810810811,,1,,,,False,False,0,0,,,,1,0.0,,2,2.0,0.0,Unknown State,99.0,,1,0.4651379704689171,1,0.6938753666107279,2,0.7638779447676505,0.1794150775694893,0.05670697766286,0.7638779447676505
7895e7b0ae870e5e,2024-04-30,SIX LANE OF PALSIT TO DANKUNI SECTION FROM 588.870 TO KM. 652.700,Ongoing,General,Unknown Agency,,0,1.0,-0.9836065573770492,61.0,-60.0,-98.36065573770492,,1,,,,False,False,0,0,,,,1,0.0,,1,5.0,0.0,Unknown State,32.0,,1,0.5213525203900234,1,0.901878761901465,2,0.92619295981796,0.036008658008658,0.0377983821733821,0.92619295981796
7895ea0d3fea24b4,2024-04-30,DISTRICT G PHAPHAMAU DISTRICT F AND JHUSI AREA,Ongoing,General,Unknown Agency,,0,10151.04,10.0,2.0,10149.04,1000.0,,1,,,,False,False,0,0,,,,1,0.0,,3,-31.0,0.0,Unknown State,151.0,,1,0.4652962037946455,0,0.2919256281376224,2,0.4372895510921827,0.3953752701976384,0.1673351787101786,0.4372895510921827
78ad45355184854d,2024-04-30,/6L OF  SPUR TO HARIDWAR (GREENFIELD) FROM KM. 0.000 TO KM. 49.000,Ongoing,General,GREENFIELD,,0,7.0,-0.8923076923076924,65.0,-58.0,-89.23076923076924,,1,,,,False,False,0,0,,,,1,0.0,,1,10.0,0.0,Unknown State,35.0,,1,0.5173697160720291,1,0.8860785815047764,2,0.932793317793318,0.032515984015984,0.0346906981906981,0.932793317793318
78d33354cbd1ee35,2024-04-30,FROM DESIGN CH. 335+850 (EX,Ongoing,General,Unknown Agency,,0,2.0,-0.9728297785626951,73.61,-71.61,-97.28297785626953,,1,,,,False,False,0,0,,,,1,0.0,,1,10.0,0.0,Unknown State,0.0,,1,0.5368307547530268,1,0.8901488428091059,2,0.9321361416361418,0.0198571428571428,0.0480067155067155,0.9321361416361418
78e4dcb17f73a011,2024-04-30,FROM MUNGER TO KHARIA VILLAGE JUNCTION DESIGN C,Ongoing,General,Unknown Agency,,0,552.55,10.0,12.0,540.55,1000.0,,1,,,,False,False,0,0,,,,1,0.0,,2,-1.0,0.0,Unknown State,27.0,,1,0.5124197462398086,0,0.4538649239858904,0,0.4870802881329197,0.4870802881329197,0.0760112219651693,0.436908489901911
792162cf928bf94c,2024-04-30,FROM EXISTING KM. 172.900 TO K,Ongoing,General,Unknown Agency,,0,159.97,10.0,3.0,156.97,1000.0,,1,,,,False,False,0,0,,,,1,0.0,,2,-12.0,0.0,Unknown State,61.0,,1,0.4880960397053747,1,0.6724253910460782,2,0.6795082768538652,0.2894069843555137,0.0310847387906211,0.6795082768538652
79677497971a8fc3,2024-04-30,KOTWA),Ongoing,General,Unknown Agency,,0,6.0,-0.9937800630286948,964.64,-958.64,-99.37800630286948,,1,,,,False,False,0,0,,,,1,0.0,,1,14.0,0.0,Unknown State,0.0,,1,0.5407056641629234,1,0.8791013544308816,2,0.9261310911310914,0.0185238095238095,0.0553450993450993,0.9261310911310914
796908625612859c,2024-04-30,SECTION OF NH-19 (OLD NH-2) FROM KM. 209.827 TO,Ongoing,General,Unknown Agency,,0,1484.3,10.0,3.0,1481.3,1000.0,,1,,,,False,False,0,0,,,,1,0.0,,3,-1.0,0.0,Unknown State,72.0,,1,0.4711962581828743,0,0.3066548745756032,2,0.4875884173016525,0.4038645284454108,0.1085470542529365,0.4875884173016525
796f5cd85a0b424d,2024-04-30,"PENUKONDA-DHARMAVARAM, EXCL. DHARMAVARAM (41.5 KM)",Ongoing,General,Unknown Agency,,0,3.0,-0.9915254237288136,354.0,-351.0,-99.15254237288136,,1,,,,False,False,0,0,,,,1,0.0,,1,10.0,0.0,EXCL. DHARMAVARAM (41.5 KM) -,107.0,,1,0.4647162872123979,1,0.9254208689005612,2,0.968874986124986,0.013095238095238,0.0180297757797757,0.968874986124986
7a1545023a0d86c4,2024-04-30,".080 TO 229.070, FROM END OF HARDO",Ongoing,General,Unknown Agency,,0,809.51,10.0,8.0,801.51,1000.0,,1,,,,False,False,0,0,,,,1,0.0,,2,15.0,0.0,FROM END OF HARDO -,47.0,,1,0.5025513866984367,0,0.4620411438435834,2,0.376367451992452,0.3462388583638583,0.2773936896436896,0.376367451992452
7a303693bb16b35d,2024-04-30,(BHARAT COKING COAL LIMITED),Ongoing,General,BHARAT COKING COAL LIMITED,,0,2024.0,10.0,150.0,1874.0,1000.0,,1,,,,False,False,0,0,,,,1,0.0,,3,-37.0,0.0,Unknown State,0.0,,1,0.5227598847308037,0,0.3014349105155793,0,0.4780554143568847,0.4780554143568847,0.1917451992451992,0.3301993863979158
7a3dd2ce6f27258d,2024-04-30,MAHARAJ PALKHI MARG SECTION OF NH965,Ongoing,General,Unknown Agency,,0,1083.0,10.0,12.0,1071.0,1000.0,,1,,,,False,False,0,0,,,,1,0.0,,3,-8.0,0.0,Unknown State,92.0,,1,0.466686817580823,0,0.3070863780471155,0,0.706603434892757,0.706603434892757,0.0693734272973403,0.2240231378099025
7a40e06a59129b34,2024-04-30,EPC MODE IN THE STATE OF ARUNACH,Ongoing,General,Unknown Agency,,0,1101.58,10.0,3.0,1098.58,1000.0,,1,,,,False,False,0,0,,,,1,0.0,,3,-1.0,0.0,Unknown State,96.0,,1,0.4670492707694397,0,0.3164628392050494,2,0.4947288879421232,0.4169272990081814,0.0883438130496954,0.4947288879421232
7a4c4e93273dc341,2024-04-30,DISTRICTS,Ongoing,General,Unknown Agency,,0,575.0,10.0,3.0,572.0,1000.0,,1,,,,False,False,0,0,,,,1,0.0,,2,71.0,0.0,Unknown State,96.0,,0,0.4388033458164033,0,0.4346882725344104,0,0.4799672051804405,0.4799672051804405,0.0471230574980574,0.472909737321502
7a64f8e66909e4da,2024-04-30,) FROM KM. 0.000 (KM 1,Ongoing,General,Unknown Agency,,0,21.0,2.5,6.0,15.0,250.0,,1,,,,False,False,0,0,,,,1,0.0,,1,2.0,0.0,Unknown State,0.0,,1,0.5345227883900295,1,0.8579816266050032,2,0.8283746582365002,0.1465110116491695,0.0251143301143301,0.8283746582365002
7aa2b5cb7b31aa65,2024-04-30,.400 TO KM 128.000 OF VADODARA MU,Ongoing,General,Unknown Agency,,0,1734.0,10.0,4.0,1730.0,1000.0,,1,,,,False,False,0,0,,,,1,0.0,,3,11.0,0.0,Unknown State,10.0,,1,0.5347595179090762,0,0.2936897924878795,2,0.5350551670551671,0.3361950549450549,0.128749777999778,0.5350551670551671
7aae07348b617c6d,2024-04-30,TO TWO LANE WITH PAVED SHOULDERS,Ongoing,General,Unknown Agency,,0,398.48,10.0,2.0,396.48,1000.0,,1,,,,False,False,0,0,,,,1,0.0,,2,10.0,0.0,Unknown State,24.0,,1,0.5196111830559231,0,0.4926697114864617,2,0.6278628373260726,0.2984277470895117,0.0737094155844155,0.6278628373260726
7b2c2baabb7219ed,2024-04-30,SECTION,Ongoing,General,Unknown Agency,,0,2485.93,10.0,6.0,2479.93,1000.0,,1,,,,False,False,0,0,,,,1,0.0,,3,8.0,0.0,Unknown State,90.0,,1,0.47462432040926,0,0.2846108202398513,0,0.4954042361147624,0.4954042361147624,0.2153327367077367,0.2892630271775008
7b585f32aa001428,2024-04-30,KHAGARIA-KUSHESHWAR ASTHAN (NL) (ECR),Ongoing,General,Indian Railways (NL),,0,234.0,10.0,10.0,224.0,1000.0,,1,,,,False,False,0,0,,,,1,0.0,,2,32.0,0.0,Unknown State,50.0,,1,0.4642084109552084,1,0.6746610605600778,2,0.6973621517371517,0.2533443778443779,0.0492934704184704,0.6973621517371517
7bb16675b3fe372b,2024-04-30,JAMPALI OCP RCE,Ongoing,General,Unknown Agency,,0,4595.45,-0.3963149259162438,7612.33,-3016.88,-39.63149259162438,,1,,,,False,False,0,0,,,,1,0.0,,3,11.0,0.0,Unknown State,24.0,,1,0.5369837497203009,1,0.5721611294854689,2,0.4724560876392719,0.2050658206527772,0.3224780917079511,0.4724560876392719
7bb239108adc894b,2024-04-30,(4X130MW),Ongoing,General,Unknown Agency,,0,3.0,-0.9836956521739132,184.0,-181.0,-98.36956521739133,,1,,,,False,False,0,0,,,,1,0.0,,1,60.0,0.0,Unknown State,175.0,,0,0.4319285947581898,1,0.8949379903955058,2,0.8723067765567766,0.0822380952380952,0.0454551282051282,0.8723067765567766
7be84c2bfaf9cd55,2024-04-30,.150 TO KM 40.00 OF BC ROAD KOTTIGEHARA SECTION,Ongoing,General,Unknown Agency,,0,418.03,10.0,1.0,417.03,1000.0,,1,,,,False,False,0,0,,,,1,0.0,,2,-25.0,0.0,Unknown State,50.0,,1,0.5033172921733157,0,0.4561393491232446,0,0.4851510499734183,0.4851510499734183,0.0819013486513486,0.432947601375233
7bf5d7ff33d9d2c7,2024-04-30,(MINISTRY OF ROAD TRANSPORT AND HIGHWAYS (STATE PWDs)),Ongoing,General,MINISTRY OF ROAD TRANSPORT AND HIGHWAYS (STATE PWDS,,0,634.32,10.0,4.0,630.32,1000.0,,1,,,,False,False,1,0,,,,1,0.0,,2,-52.0,0.0,Unknown State,-5.0,,1,0.588098046832581,0,0.463838607900756,2,0.6574753563430036,0.2778489304812834,0.0646757131757131,0.6574753563430036
7bf99ebb36fec755,2024-04-30,TRIVANDRUM-KANYAKUMARI DOUBLING,Ongoing,General,Unknown Agency,,0,417.5,10.0,6.0,411.5,1000.0,,1,,,,False,False,0,0,,,,1,0.0,,2,32.0,0.0,Unknown State,21.0,,1,0.4876913866649822,0,0.4634757315936939,2,0.5458703840449197,0.3939064184010004,0.0602231975540799,0.5458703840449197
7c060027ef594424,2024-04-30,BIKRAMGANJ DAWATH MELAYABAGH NAWANAGR -DUM,Ongoing,General,Unknown Agency,,0,718.52,10.0,3.0,715.52,1000.0,,1,,,,False,False,0,0,,,,1,0.0,,2,11.0,0.0,Unknown State,24.0,,1,0.5206424702308987,0,0.4660921289528953,2,0.6306054558186912,0.263103178684061,0.1062913654972478,0.6306054558186912
7c5dcd465f150ec1,2024-04-30,UNDER PHASE-II FOR THE CAMPUS OF IIT PATNA,Ongoing,General,Unknown Agency,,0,2.0,1.0,1.0,1.0,100.0,,1,,,,False,False,0,0,,,,1,0.0,,1,-3.0,0.0,Unknown State,72.0,,1,0.4709282981101315,1,0.8695964893283363,2,0.8694720467441056,0.1085444367723779,0.0219835164835164,0.8694720467441056
7c7acdd41698c0d3,2024-04-30,(PKG-I) FROM KM.0+000 TO KM.23+350,Ongoing,General,NHAI (Contract),,0,586.0,10.0,2.0,584.0,1000.0,,1,,,,False,False,0,0,,,,1,0.0,,2,6.0,0.0,Unknown State,44.0,,1,0.4994846624365379,0,0.4810962150822399,2,0.5481202849438144,0.3477962413403589,0.1040834737158266,0.5481202849438144
7c7d0dd3856dd62d,2024-04-30,.000 (BAIREDDYPALLE TO BANGAR,Ongoing,General,Unknown Agency,,0,864.23,10.0,64.23,800.0,1000.0,,1,,,,False,False,0,0,,,,1,0.0,,2,14.0,0.0,Unknown State,6.0,,1,0.5254775372707206,0,0.4491240792351507,0,0.4679005487266356,0.4679005487266356,0.1242575154314284,0.4078419358419359
7c8dac6296f0b05f,2024-04-30,BYPASS SRINAGAR CITY,Ongoing,General,Unknown Agency,,0,1259.0,10.0,1.0,1258.0,1000.0,,1,,,,False,False,0,0,,,,1,0.0,,3,14.0,0.0,Unknown State,15.0,,1,0.5319259186202738,0,0.297919322788462,2,0.4995799339549339,0.3508305444555444,0.1495895215895215,0.4995799339549339
7ca098732a8eb6e3,2024-04-30,GORANTLA OF NH 716G,Ongoing,General,Unknown Agency,,0,995.04,-0.5078931750741841,2022.0,-1026.96,-50.7893175074184,,1,,,,False,False,0,0,,,,1,0.0,,2,17.0,0.0,Unknown State,0.0,,1,0.5199419141943691,1,0.6044511603453264,2,0.5633212326888798,0.1914877116347704,0.2451910556763497,0.5633212326888798
7d025a0beebd2241,2024-04-30,BANDIKUI TO JAIPUR,Ongoing,General,Unknown Agency,,0,1011.29,10.0,1.0,1010.29,1000.0,,1,,,,False,False,0,0,,,,1,0.0,,3,7.0,0.0,Unknown State,34.0,,1,0.510960290365408,0,0.3620412299916463,2,0.5120014274940745,0.2784627317127317,0.2095358407931937,0.5120014274940745
7d2b81c6b12221ca,2024-04-30,BORDER) SECTION OF NH-54 FROM KM. 0.,Ongoing,General,Unknown Agency,,0,972.63,10.0,10.0,962.63,1000.0,,1,,,,False,False,0,0,,,,1,0.0,,2,16.0,0.0,Unknown State,34.0,,1,0.5006794920740628,0,0.4240573904217464,0,0.6014316655566655,0.6014316655566655,0.0628269785769785,0.3357413558663558
7d6a9d3a141f2f78,2024-04-30,BAIYYAPPANAHALLI-HOSUR (48 KM),Ongoing,General,Unknown Agency,,0,1400.0,10.0,10.0,1390.0,1000.0,,1,,,,False,False,0,0,,,,1,0.0,,3,23.0,0.0,Unknown State,77.0,,1,0.4533838025107233,0,0.2965549464663293,2,0.4858761516261519,0.454825258075258,0.0592985902985903,0.4858761516261519
7d9af2209185770f,2024-04-30,Unnamed Project,Ongoing,General,Unknown Agency,,0,26.0,5.5,4.0,22.0,550.0,,1,,,,False,False,0,0,,,,1,0.0,,1,6.0,0.0,Unknown State,50.0,,1,0.5168966921674144,1,0.8414838351418136,2,0.8666106028474448,0.0793338693470272,0.0540555278055278,0.8666106028474448
7dc3cde923dd0a6e,2024-04-30,WITH PAVED SHOULDER FROM KM 26.10 TO KM 40.00,Ongoing,General,Unknown Agency,,0,2.0,1.0,1.0,1.0,100.0,,1,,,,False,False,0,0,,,,1,0.0,,1,-3.0,0.0,Unknown State,38.0,,1,0.5199304945478566,1,0.8695964893283363,2,0.8694720467441056,0.1085444367723779,0.0219835164835164,0.8694720467441056
7de53c574803f417,2024-04-30,N PACKAGE 28,Ongoing,General,Unknown Agency,,0,1185.69,10.0,9.0,1176.69,1000.0,,1,,,,False,False,0,0,,,,1,0.0,,3,2.0,0.0,Unknown State,45.0,,1,0.509033342544181,0,0.2907857156970985,0,0.6262685386508916,0.6262685386508916,0.0911528928587752,0.2825785684903331
7dff92cf14959686,2024-04-30,(KM 136+700 TO 115+000) (LENGT,Ongoing,General,Unknown Agency,,0,427.29,10.0,2.0,425.29,1000.0,,1,,,,False,False,0,0,,,,1,0.0,,2,8.0,0.0,Unknown State,34.0,,1,0.511339012451791,0,0.4561393491232446,2,0.521135989010989,0.3829403096903096,0.0959237012987013,0.521135989010989
7e02849059f103e2,2024-04-30,DINNEDEVARAPADU VILLAGE FROM KM 242.20,Ongoing,General,Unknown Agency,,0,1470.73,10.0,12.0,1458.73,1000.0,,1,,,,False,False,0,0,,,,1,0.0,,3,9.0,0.0,Unknown State,37.0,,1,0.5111930291622165,0,0.3057143108535667,0,0.4696799368931721,0.4696799368931721,0.1088589743589743,0.4214610887478535
7e336b55fc55f9ad,2024-04-30,+800 UNDER RAIPUR VISAKHAPATTNA,Ongoing,General,Unknown Agency,,0,2.0,1.0,1.0,1.0,100.0,,1,,,,False,False,0,0,,,,1,0.0,,1,5.0,0.0,Unknown State,31.0,,1,0.5241520584079805,1,0.8695964893283363,2,0.8935921162171161,0.0817100815850816,0.0246978021978022,0.8935921162171161
7e385a16bc230c8c,2024-04-30,KM.14.200 OF NH-163 TO DE-CONGES,Ongoing,General,Unknown Agency,,0,287.7,10.0,8.0,279.7,1000.0,,1,,,,False,False,0,0,,,,1,0.0,,2,2.0,0.0,Unknown State,94.0,,1,0.4668009155128964,1,0.5962180633634743,2,0.6251220756367818,0.3293563070916012,0.0455216172716172,0.6251220756367818
7e673f8a934ec38d,2024-04-30,DEPOT,Ongoing,General,Unknown Agency,,0,854.0,10.0,12.0,842.0,1000.0,,1,,,,False,False,0,0,,,,1,0.0,,2,11.0,0.0,Unknown State,75.0,,1,0.4704912883679904,0,0.4521221041925078,0,0.4727553801697022,0.4727553801697022,0.1074592581331712,0.4197853616971265
7eac0dbbcd006389,2024-04-30,SEWERAGE SYSTEM AND STP FOR KANKARBAG ZONE PATNA,Ongoing,General,Unknown Agency,,0,3.0,-0.8846153846153846,26.0,-23.0,-88.46153846153845,,1,,,,False,False,0,0,,,,1,0.0,,1,-1.0,0.0,Unknown State,72.0,,1,0.4687145778738746,1,0.9020239643427074,2,0.9664082722832724,0.008051282051282,0.0255404456654456,0.9664082722832724
7ebc9b8a2a634fd8,2024-04-30,AUTHORITY OF INDIA),Ongoing,General,Unknown Agency,,0,47.0,0.119047619047619,42.0,5.0,11.904761904761903,,1,,,,False,False,1,0,,,,1,0.0,,1,-33.0,0.0,Unknown State,-7.0,,1,0.6076371773297883,1,0.8551196791815597,2,0.8451530169177228,0.1226276468629409,0.0322193362193362,0.8451530169177228
7ebd082303ddd0de,2024-04-30,KM 206.66 TO KM 247.05 (PACKAGE,Ongoing,General,Unknown Agency,,0,421.48,10.0,19.0,402.48,1000.0,,1,,,,False,False,0,0,,,,1,0.0,,2,35.0,0.0,Unknown State,0.0,,1,0.48793047078122,0,0.4900770001078568,2,0.5728160246616129,0.3670635916371211,0.060120383701266,0.5728160246616129
7ebf5a9cd8ced1cc,2024-04-30,SHOULDERS FROM KM 0/0 TO 72/6 OF NH-365 (NAKR,Ongoing,General,Unknown Agency,,0,349.2,10.0,8.0,341.2,1000.0,,1,,,,False,False,0,0,,,,1,0.0,,2,-34.0,0.0,Unknown State,10.0,,1,0.5229714075690475,1,0.524767308144087,2,0.5895921431080101,0.3543234690576021,0.0560843878343878,0.5895921431080101
7ecaa53f3a43b437,2024-04-30,PKG.2,Ongoing,General,Unknown Agency,,0,6.0,-0.9970326409495548,2022.0,-2016.0,-99.70326409495549,,1,,,,False,False,0,0,,,,1,0.0,,1,0.0,0.0,Unknown State,10.0,,1,0.5353450534536967,1,0.869140261400196,2,0.8616121272518333,0.0441223498723498,0.0942655228758169,0.8616121272518333
7f11b70c7ca82332,2024-04-30,WORKS AT TOLLYS NULLAH ADI GANGA,Ongoing,General,Unknown Agency,,0,287.53,10.0,3.0,284.53,1000.0,,1,,,,False,False,0,0,,,,1,0.0,,2,0.0,0.0,Unknown State,61.0,,1,0.4872580960473295,1,0.6017189443471138,2,0.6021354674737031,0.3543829585447233,0.0434815739815739,0.6021354674737031
7f3bff8dc8c7cfbc,2024-04-30,APPROCHES BETWEEN AMBARGODU AND KALASA,Ongoing,General,Unknown Agency,,0,766.64,10.0,3.0,763.64,1000.0,,1,,,,False,False,0,0,,,,1,0.0,,2,7.0,0.0,Unknown State,44.0,,1,0.5112381009480386,0,0.4694254622862287,2,0.5842045217854042,0.2378987997296821,0.1778966784849137,0.5842045217854042
7f6f2616fdc4d980,2024-04-30,SECTION OF NH -45 FROM KM 0+00(DESIGN),Ongoing,General,DESIGN,,0,2.0,-0.9978425026968716,927.0,-925.0,-99.78425026968716,,1,,,,False,False,0,0,,,,1,0.0,,1,17.0,0.0,Unknown State,43.0,,1,0.5029630081600068,1,0.8193154872347413,2,0.8783078033078033,0.0871090021090021,0.0345831945831945,0.8783078033078033
7f98b41da66e3b0d,2024-04-30,BADAL DINESH BAGH.,Ongoing,General,Unknown Agency,,0,3951.98,10.0,4.0,3947.98,1000.0,,1,,,,False,False,0,0,,,,1,0.0,,3,32.0,0.0,Unknown State,200.0,,0,0.4473552286146076,0,0.286363223741071,0,0.5367041306646567,0.5367041306646567,0.1058014069264069,0.3574944624089362
7fb03f65e4407420,2024-04-30,MW)  (NHPC),Ongoing,General,NHPC,,0,168.0,10.0,4.0,164.0,1000.0,,1,,,,False,False,0,0,,,,1,0.0,,2,25.0,0.0,Unknown State,48.0,,1,0.4686917181626023,1,0.676390916956108,2,0.6487437995011527,0.3235510722937193,0.0277051282051282,0.6487437995011527
7fb9a0ca0fa7783f,2024-04-30,TO 70.900 OF NH-150 UNDER EPC MODE IN THE STAT,Ongoing,General,Unknown Agency,,0,605.08,10.0,1.0,604.08,1000.0,,1,,,,False,False,0,0,,,,1,0.0,,2,-31.0,0.0,Unknown State,56.0,,1,0.4982029107342681,0,0.4240165135902193,0,0.523448932646301,0.523448932646301,0.1244755244755244,0.3520755428781744
7fd5f1397aba63a2,2024-04-30,CITY GAS DISTRIBUTION PROJECTS AT ALIPURDUAR AND COOCH BEHAR,Ongoing,General,Unknown Agency,,0,43367.0,10.0,5.0,43362.0,1000.0,,1,,,,False,False,0,0,,,,1,0.0,,3,71.0,0.0,Unknown State,82.0,,0,0.4435501648989717,0,0.2969227925165372,0,0.4887805446187798,0.4887805446187798,0.1038371212121211,0.4073823341690988
7febf98a0fc4fb7a,2024-04-30,KOTTAVALSA - KORAPUT DOUBLING,Ongoing,General,Unknown Agency,,0,2024.0,10.0,150.0,1874.0,1000.0,,1,,,,False,False,0,0,,,,1,0.0,,3,-25.0,0.0,Unknown State,83.0,,1,0.4698892807139373,0,0.2820056468116033,0,0.5519966283716283,0.5519966283716283,0.194748321123321,0.2532550505050505
7fedc7e790d4642e,2024-04-30,LINE,Ongoing,General,Unknown Agency,,0,12.0,-0.9998803171595272,100265.0,-100253.0,-99.98803171595272,,1,,,,False,False,0,0,,,,1,0.0,,1,6.0,0.0,Unknown State,274.0,,1,0.4617727096302702,1,0.7308811261129144,2,0.5849583333333332,0.3449083694083694,0.0701332972582972,0.5849583333333332
80386ccb921201a1,2024-04-30,OF KHANDALERU CREEK NEAR KRISHNAPAT,Ongoing,General,Unknown Agency,,0,1.0,-0.9994409316315293,1788.69,-1787.69,-99.94409316315291,,1,,,,False,False,0,0,,,,1,0.0,,1,17.0,0.0,Unknown State,20.0,,1,0.522272044128985,1,0.8635882819536682,2,0.9079903984903984,0.0585930735930735,0.0334165279165279,0.9079903984903984
806a9aea99387c74,2024-04-30,PHASE-1,Ongoing,General,Unknown Agency,,0,998.71,10.0,7.0,991.71,1000.0,,1,,,,False,False,0,0,,,,1,0.0,,2,11.0,0.0,Unknown State,68.0,,1,0.4800011171036242,0,0.4204721688266295,2,0.4391917767904612,0.4287551980183559,0.132053025191183,0.4391917767904612
807e39662e7a5ca3,2024-04-30,Central Sector Projects(RAIL VIKAS NIGAM LTD.),Ongoing,General,RAIL VIKAS NIGAM LTD.,,0,942.95,1.2887135922330095,412.0,530.95,128.87135922330097,,1,,,,False,False,0,0,,,,1,0.0,,2,-2.0,0.0,Unknown State,59.0,,1,0.4868339146616833,0,0.4325260462065353,2,0.5416790766423119,0.3373885779253426,0.1209323454323454,0.5416790766423119
80ea1303189ab11d,2024-04-30,REVASA VILLAGE (KM 81,Ongoing,General,Unknown Agency,,0,469.95,10.0,5.0,464.95,1000.0,,1,,,,False,False,0,0,,,,1,0.0,,2,8.0,0.0,Unknown State,31.0,,1,0.5120923867723539,0,0.4466507665885665,2,0.5463650793650796,0.3310660728160728,0.1225688478188478,0.5463650793650796
8139346a06ed8d1d,2024-04-30,"BIKANER (PG), FATEHGARH-II AND BHAD",Ongoing,General,PG,,0,5.0,-0.9645390070921984,141.0,-136.0,-96.45390070921984,,1,,,,False,False,0,0,,,,1,0.0,,1,-11.0,0.0,FATEHGARH-II AND BHAD -,72.0,,1,0.4614899767778685,1,0.9236240227375948,2,0.95662185037185,0.021021645021645,0.0223565046065046,0.95662185037185
81494095bee7ad85,2024-04-30,(KHAMMAM-DEVARAP,Ongoing,General,Unknown Agency,,0,365.0,10.0,4.0,361.0,1000.0,,1,,,,False,False,0,0,,,,1,0.0,,2,5.0,0.0,Unknown State,36.0,,1,0.5117929617591888,0,0.4876934475186232,2,0.6426846266478619,0.3079912391530039,0.0493241341991342,0.6426846266478619
81b775d7967a089c,2024-04-30,KM. TO MALLAPALLE 176.000 KM. PA,Ongoing,General,Unknown Agency,,0,750.81,10.0,12.0,738.81,1000.0,,1,,,,False,False,0,0,,,,1,0.0,,2,19.0,0.0,Unknown State,35.0,,1,0.4931009292570615,0,0.4635614981319016,0,0.5138395598788822,0.5138395598788822,0.0519719815208945,0.4341884586002233
81cb3c678ca7e484,2024-04-30,.434 (MIRYALAGUDA TO KODAD SEC,Ongoing,General,Unknown Agency,,0,293.68,10.0,2.0,291.68,1000.0,,1,,,,False,False,0,0,,,,1,0.0,,2,-12.0,0.0,Unknown State,62.0,,1,0.484548602236147,1,0.5960809517390896,2,0.5701257353757355,0.3779605117105117,0.0519137529137529,0.5701257353757355
81dea996b74fe48f,2024-04-30,"GUWAHATI, ASSAM",Ongoing,General,Unknown Agency,,0,12.0,-0.96,300.0,-288.0,-96.0,,1,,,,False,False,0,0,,,,1,0.0,,1,1.0,0.0,ASSAM -,65.0,,1,0.4829042325876463,1,0.9233285340599792,2,0.9467066267066264,0.0250396825396825,0.0282536907536907,0.9467066267066264
81e19f52f626f892,2024-04-30,"NEW BG LINE (NL), ER",Ongoing,General,Indian Railways (NL),,0,2361.74,10.0,4.0,2357.74,1000.0,,0,,,,False,False,0,0,,,,1,0.0,,3,11.0,0.0,ER -,119.0,,1,0.4568594295961878,0,0.4043665108885843,1,0.3818680069930071,0.2913216203730909,0.3818680069930071,0.3268103726339019
81fb6ad11ecc5778,2024-04-30,"AIRSIDE CAPACITY ENHANCEMENT OF NSBI AIRPORT, KOLKATA",Ongoing,General,Unknown Agency,,0,2.0,1.0,1.0,1.0,100.0,,1,,,,False,False,0,0,48.0,,,1,0.0,,1,-11.0,120.0,KOLKATA -,163.0,,0,0.4197395981195693,1,0.8629836388174331,2,0.9050404334227864,0.0662995795054618,0.0286599870717517,0.9050404334227864
82331a9872ba87c6,2024-04-30,SCHEME-XXVIII AND XXIX,Ongoing,General,Unknown Agency,,0,186.19,10.0,7.0,179.19,1000.0,,1,,,,False,False,0,0,,,,1,0.0,,2,11.0,0.0,Unknown State,32.0,,1,0.5105774449078874,1,0.6583777888586937,2,0.7775163272400113,0.1791676744308323,0.0433159983291562,0.7775163272400113
8250c1d406d2da86,2024-04-30,TELANGANA SUPER THERMAL POWER PROJECT PHASE I,Ongoing,General,Unknown Agency,,0,3.0,0.0,3.0,0.0,0.0,,1,,,,False,False,0,0,,,,1,0.0,,1,-2.0,0.0,Unknown State,23.0,,1,0.5337198978528536,1,0.8801422091447161,2,0.908946808093867,0.0680770014299426,0.0229761904761904,0.908946808093867
8258f5385e2414da,2024-04-30,BECHARAJI AND SOBHASAN INSTALLATION OF,Ongoing,General,Unknown Agency,,0,293.5,10.0,3.0,290.5,1000.0,,1,,,,False,False,0,0,,,,1,0.0,,2,3.0,0.0,Unknown State,16.0,,1,0.5268594782903653,1,0.6056990883127514,2,0.6087429988312345,0.348886538298303,0.0423704628704628,0.6087429988312345
825924d7da351d73,2024-04-30,GORAKHPU,Ongoing,General,Unknown Agency,,0,575.0,10.0,1.0,574.0,1000.0,,1,,,,False,False,0,0,,,,1,0.0,,2,2.0,0.0,Unknown State,131.0,,1,0.4630242240060802,0,0.4381116354759513,2,0.4462686202686203,0.4109781468531468,0.1427532328782328,0.4462686202686203
8261f3e92c876170,2024-04-30,TAMENGLONG- MAHUR ROAD PKG-7,Ongoing,General,Unknown Agency,,0,643.42,10.0,3.0,640.42,1000.0,,1,,,,False,False,0,0,,,,1,0.0,,2,23.0,0.0,Unknown State,36.0,,1,0.4839061588477992,0,0.4198061797047751,2,0.5950306915306917,0.3600837357087356,0.0448855727605727,0.5950306915306917
829bd268c9feb377,2024-04-30,BHANDARA TO GHOTITOK,Ongoing,General,Unknown Agency,,0,8.0,-0.1111111111111111,9.0,-1.0,-11.11111111111111,,1,,,,False,False,0,0,,,,1,0.0,,1,-58.0,0.0,Unknown State,45.0,,1,0.5210583789918575,1,0.8535449236730013,2,0.9123972555222556,0.0507329753579753,0.0368697691197691,0.9123972555222556
82c7f00fd368a82f,2024-04-30,MMTPA,Ongoing,General,Unknown Agency,,0,2645.46,-0.2128949717346028,3361.0,-715.54,-21.28949717346028,,1,,,,False,False,0,0,,,,1,0.0,,3,8.0,0.0,Unknown State,40.0,,1,0.5239876054885602,1,0.5036977156114486,2,0.5493435718870502,0.2273372852992418,0.223319142813708,0.5493435718870502
82e8ebbab164915c,2024-04-30,THALLAMPADU VILLAGE TO SOMAVARAM,Ongoing,General,Unknown Agency,,0,1059.73,10.0,3.0,1056.73,1000.0,,1,,,,False,False,0,0,,,,1,0.0,,3,6.0,0.0,Unknown State,91.0,,1,0.4717684517268274,0,0.3256269961973261,2,0.5987405339758282,0.2762507337433807,0.125008732280791,0.5987405339758282
83174033f0ccebe7,2024-04-30,STATE BORDER (GREENFIELD) SECTION OF,Ongoing,General,GREENFIELD,,0,1494.31,10.0,2.0,1492.31,1000.0,,1,,,,False,False,0,0,,,,1,0.0,,3,15.0,0.0,Unknown State,41.0,,1,0.5016685412918452,0,0.3158637786790329,2,0.5539496459422929,0.3452089732163263,0.1008413808413808,0.5539496459422929
832a275ce5c5a654,2024-04-30,FROM MAKHU (DESIGN CH 0 000,Ongoing,General,Unknown Agency,,0,82.0,-0.9594861660079052,2024.0,-1942.0,-95.94861660079052,,1,,,,False,False,0,0,,,,1,0.0,,1,2.0,0.0,Unknown State,96.0,,1,0.4736328797588129,1,0.8581280695423368,2,0.7984535497182556,0.0752222222222222,0.1263242280595221,0.7984535497182556
8371c34ea084b48a,2024-04-30,-LANING OF MADATHUKULAM - POLLACHI SECTION OF NH-209 (NEW NH-83),Ongoing,General,Unknown Agency,,0,10.0,0.6666666666666665,6.0,4.0,66.66666666666666,,1,,,,False,False,0,0,,,,1,0.0,,1,1.0,0.0,Unknown State,55.0,,1,0.507315671718483,1,0.857455156560248,2,0.9215225795446382,0.0515290077569489,0.0269484126984127,0.9215225795446382
838aee479d8166f0,2024-04-30,WITH ITS APPROACHES  FROM KM 0.00,Ongoing,General,Unknown Agency,,0,158.36,10.0,3.0,155.36,1000.0,,1,,,,False,False,0,0,,,,1,0.0,,2,20.0,0.0,Unknown State,45.0,,1,0.4869936403103426,1,0.674386574704878,2,0.71709481484288,0.2514279124298473,0.0314772727272727,0.71709481484288
83bfda4e0f336209,2024-04-30,MOPA AIRPORT,Ongoing,General,Unknown Agency,,0,186.29,10.0,3.0,183.29,1000.0,,1,,,,False,False,0,0,,,,1,0.0,,2,5.0,0.0,Unknown State,30.0,,1,0.512257786650493,1,0.6621704961514011,2,0.6935409729159729,0.2645780192030191,0.0418810078810078,0.6935409729159729
83d6130918340e76,2024-04-30,NATIONAL INDUSTRIAL CORRIDOR PROJECT,Ongoing,General,Unknown Agency,,0,484.32,10.0,9.0,475.32,1000.0,,1,,,,False,False,0,0,,,,1,0.0,,2,35.0,0.0,Unknown State,162.0,,0,0.4340728481701021,0,0.4379899511512805,0,0.5121348871716518,0.5121348871716518,0.0448671369480193,0.4429979758803287
83e4d428e335f2fa,2024-04-30,NH-17 (NH-66) ON PANJIM-MANGALORE,Ongoing,General,Unknown Agency,,0,232.77,10.0,1.0,231.77,1000.0,,1,,,,False,False,0,0,,,,1,0.0,,2,-7.0,0.0,Unknown State,80.0,,1,0.4669311623948197,1,0.6310080392142736,2,0.6460259601509599,0.2912964257964258,0.062677614052614,0.6460259601509599
841f573a922dc6ef,2024-04-30,SAGWARA) SECTION OF NH-927A. PKG-,Ongoing,General,Unknown Agency,,0,624.98,10.0,1.0,623.98,1000.0,,1,,,,False,False,0,0,,,,1,0.0,,2,1.0,0.0,Unknown State,100.0,,1,0.4654186830449746,0,0.4240165135902193,2,0.4495537101787101,0.4145688200688199,0.1358774697524697,0.4495537101787101
84423b9ba7d71574,2024-04-30,Unnamed Project,Ongoing,General,Unknown Agency,,0,304.22,10.0,1.0,303.22,1000.0,,1,,,,False,False,0,0,,,,1,0.0,,2,20.0,0.0,Unknown State,83.0,,1,0.4506735631558995,1,0.5751447102376838,2,0.5401041625213453,0.4309802530630701,0.0289155844155844,0.5401041625213453
84c986597ce64582,2024-04-30,BARMER GHAGARIYA SECTION FROM KM 0,Ongoing,General,Unknown Agency,,0,2.0,1.0,1.0,1.0,100.0,,1,,,,False,False,0,0,,,,1,0.0,,1,4.0,0.0,Unknown State,32.0,,1,0.5232683541591773,1,0.8695964893283363,2,0.8358964507714508,0.141405747030747,0.0226978021978021,0.8358964507714508
84d2f0f9cf344188,2024-04-30,TO TWO LANE WITH PAVED SHOULDER,Ongoing,General,Unknown Agency,,0,2.0,1.0,1.0,1.0,100.0,,1,,,,False,False,0,0,,,,1,0.0,,1,1.0,0.0,Unknown State,50.0,,1,0.5165013443927307,1,0.8695964893283363,2,0.8854161859382446,0.0926002975782387,0.0219835164835164,0.8854161859382446
84e8156ae33ffa65,2024-04-30,4L POANTA SAHEB–MEDNIPUR FROM KM. 435.65 TO KM. 458.65 OF NH-07(PKG-1),Ongoing,General,Unknown Agency,,0,1260.74,10.0,4.0,1256.74,1000.0,,1,,,,False,False,0,0,,,,1,0.0,,3,13.0,0.0,Unknown State,37.0,,1,0.5109385479794349,0,0.2993215412422698,2,0.5008526114408469,0.3713129272688097,0.1278344612903436,0.5008526114408469
850e6b2056f8ae0b,2024-04-30,KM.115.272,Ongoing,General,Unknown Agency,,0,2494.2,6.452491932592327,334.68,2159.52,645.2491932592327,,1,,,,False,False,0,0,,,,1,0.0,,3,1.0,0.0,Unknown State,14.0,,1,0.5295442332873549,0,0.2870881367436709,0,0.3716503774003774,0.3716503774003774,0.2723507742257742,0.3559988483738483
8566dd0e4e0bf8ed,2024-04-30,OF SPUR] (AMNE - BHOJ),Ongoing,General,AMNE - BHOJ,,0,1161.0,10.0,0.64,1160.36,1000.0,,1,,,,False,False,0,0,,,,1,0.0,,3,6.0,0.0,Unknown State,32.0,,1,0.5090789769009384,0,0.3417361371512871,2,0.5168765735898088,0.3467725403681287,0.1363508860420625,0.5168765735898088
856f31df7d1b06f6,2024-04-30,KM 60/380 (DESIGN CH. 0/000 TO 60/025 EXCLUD,Ongoing,General,Unknown Agency,,0,297.3,10.0,12.0,285.3,1000.0,,1,,,,False,False,0,0,,,,1,0.0,,2,-21.0,0.0,Unknown State,55.0,,1,0.4975730586033592,1,0.5743566339862403,2,0.5965658899923607,0.35258013065366,0.0508539793539793,0.5965658899923607
85999a5a4b12291c,2024-04-30,-LANING OF KASHIPUR-SITARGANJ SECTION,Ongoing,General,Unknown Agency,,0,1640.04,10.0,4.0,1636.04,1000.0,,1,,,,False,False,0,0,,,,1,0.0,,3,-92.0,0.0,Unknown State,112.0,,1,0.4695113963362051,0,0.2966548745756031,0,0.443441891484848,0.443441891484848,0.145502311414076,0.4110557971010758
85ab08c4f3d82425,2024-04-30,CHURI BENTI UG (0.81 MTY),Ongoing,General,Unknown Agency,,0,77.0,7.555555555555555,9.0,68.0,755.5555555555555,,1,,,,False,False,1,0,,,,1,0.0,,1,2.0,0.0,Unknown State,-3.0,,1,0.6066235883640022,1,0.8310388402753114,2,0.8712406204906205,0.0639487734487734,0.064810606060606,0.8712406204906205
85b585b7402648aa,2024-04-30,SECTION) OF HYDERABAD-SAMSHABAD SECTION OF NH,Ongoing,General,Unknown Agency,,0,192.67,10.0,3.0,189.67,1000.0,,1,,,,False,False,0,0,,,,1,0.0,,2,-8.0,0.0,Unknown State,65.0,,1,0.4837559895854835,1,0.6523172183300023,2,0.6701887116151822,0.2958951587628058,0.0339161296220119,0.6701887116151822
85c253964137a53f,2024-04-30,DESIGN KM 0+000 TO KM 87+900 (DESIGN,Ongoing,General,Unknown Agency,,0,428.8,10.0,3.0,425.8,1000.0,,1,,,,False,False,0,0,,,,1,0.0,,2,13.0,0.0,Unknown State,26.0,,1,0.5163080869857575,0,0.4577159861817037,2,0.5777799561549561,0.3440474247974248,0.078172619047619,0.5777799561549561
85ea658412bbf3b4,2024-04-30,PROJECT,Ongoing,General,Unknown Agency,,0,2915.0,10.0,6.0,2909.0,1000.0,,1,,,,False,False,0,0,,,,1,0.0,,3,11.0,0.0,Unknown State,189.0,,1,0.4684706469110604,0,0.286363223741071,0,0.5037916820022083,0.5037916820022083,0.2099918276168276,0.286216490380964
85fe7c95f0d25084,2024-04-30,CHARDHAM PARIYOJNA,Ongoing,General,Unknown Agency,,0,138.0,-0.8064516129032258,713.0,-575.0,-80.64516129032258,,1,,,,False,False,0,0,,,,1,0.0,,1,1.0,0.0,Unknown State,87.0,,1,0.4680397018718771,1,0.8667824715678752,2,0.8472372578401991,0.0468011204481792,0.1059616217116216,0.8472372578401991
860100743eb9a909,2024-04-30,KALYAN-MURBAD VIA ULHASNAGAR  (UMBRELLA WORK),Ongoing,General,UMBRELLA WORK,,0,76.0,10.0,4.0,72.0,1000.0,,1,,,,False,False,0,0,,,,1,0.0,,1,23.0,0.0,Unknown State,121.0,,0,0.4371974286007202,1,0.8265677773635599,2,0.821763926433044,0.1550309453618277,0.0232051282051282,0.821763926433044
8606e65126af2deb,2024-04-30,NH-24A,Ongoing,General,Unknown Agency,,0,10.0,-0.9817518248175182,548.0,-538.0,-98.17518248175182,,1,,,,False,False,0,0,,,,1,0.0,,1,5.0,0.0,Unknown State,23.0,,1,0.5312025115725455,1,0.8854514708025466,2,0.9103861416361416,0.0346488095238095,0.0549650488400488,0.9103861416361416
8607c907bd16094d,2024-04-30,TO CHAROUT SECTION TO 2 LANE WITH PAVED SHOULDER,Ongoing,General,Unknown Agency,,0,628.71,10.0,3.0,625.71,1000.0,,1,,,,False,False,0,0,,,,1,0.0,,2,-10.0,0.0,Unknown State,63.0,,1,0.4849607898991797,0,0.4198061797047751,0,0.4841219679443363,0.4841219679443363,0.1171005244755244,0.3987775075801393
865159eb4cd6261b,2024-04-30,SECTION OF NH-23 (NEW NH NO. 143) (,Ongoing,General,Unknown Agency,,0,573.7,-0.7157086223984144,2018.0,-1444.3,-71.57086223984143,,1,,,,False,False,0,0,,,,1,0.0,,2,2.0,0.0,Unknown State,30.0,,1,0.5180587673381942,1,0.6493555469287835,2,0.5890041469967943,0.1980039176509765,0.2129919353522295,0.5890041469967943
865806c22b520deb,2024-04-30,(PURKAJI-LAKSAR-HARIDWAR ROAD) TO TW,Ongoing,General,PURKAJI-LAKSAR-HARIDWAR ROAD,,0,0.35,-0.9995212038303696,731.0,-730.65,-99.95212038303694,,1,,,,False,False,0,0,,,,1,0.0,,1,2.0,0.0,Unknown State,39.0,,1,0.5114668188109218,1,0.8231420115808828,2,0.8169722271192859,0.1511718510247922,0.0318559218559218,0.8169722271192859
866bfc5415ef0871,2024-04-30,HOSTEL,Ongoing,General,Unknown Agency,,0,298.12,10.0,3.0,295.12,1000.0,,1,,,,False,False,0,0,,,,1,0.0,,2,2.0,0.0,Unknown State,63.0,,1,0.4859078255371178,1,0.5820353544145618,2,0.5865597237729593,0.3730340990708637,0.0404061771561771,0.5865597237729593
86a4f7c1833fc2ea,2024-04-30,KARAD PATAN CHIPLUN GUHAGAR,Ongoing,General,Unknown Agency,,0,9.0,0.2857142857142857,7.0,2.0,28.57142857142857,,1,,,,False,False,0,0,,,,1,0.0,,1,-6.0,0.0,Unknown State,63.0,,1,0.4895846422156503,1,0.8570805105090494,2,0.8999411609632196,0.0716104263383675,0.0284484126984127,0.8999411609632196
86b3c96a374002b2,2024-04-30,TO AMBIKAPUR SECTION,Ongoing,General,Unknown Agency,,0,43.0,9.75,4.0,39.0,975.0,,1,,,,False,False,0,0,,,,1,0.0,,1,1.0,0.0,Unknown State,98.0,,1,0.468037493022339,1,0.8351646598843057,2,0.8472478087787685,0.1119434166624569,0.0408087745587745,0.8472478087787685
86f4b5bdf4d12e75,2024-04-30,NH- 17) FROM KM 0.000 (PANVEL) TO,Ongoing,General,PANVEL,,0,748.99,-0.6292128712871287,2020.0,-1271.01,-62.92128712871287,,1,,,,False,False,0,0,,,,1,0.0,,2,8.0,0.0,Unknown State,14.0,,1,0.530270837296495,1,0.5863234468807539,2,0.5942536662683722,0.1462474608724608,0.2594988728591669,0.5942536662683722
875806a9b1501ffb,2024-04-30,TO SOMAVARAPPADU (CH. 314+600),Ongoing,General,Unknown Agency,,0,1292.65,-0.361338932806324,2024.0,-731.3499999999999,-36.13389328063241,,1,,,,False,False,0,0,,,,1,0.0,,3,22.0,0.0,Unknown State,0.0,,1,0.5191952419101422,0,0.479295463042386,2,0.518094492109198,0.286902084027084,0.195003423863718,0.518094492109198
8767c21bcb856afa,2024-04-30,BHATINDA SANGRUR PIPELINE,Ongoing,General,Unknown Agency,,0,1421.46,10.0,5.0,1416.46,1000.0,,1,,,,False,False,0,0,,,,1,0.0,,3,10.0,0.0,Unknown State,57.0,,1,0.4988534040481318,0,0.3226548745756032,2,0.543973262848263,0.3238278804528804,0.1321988566988566,0.543973262848263
8767cc69828e3d49,2024-04-30,NH167AD FROM MACHERLA TO DACHEPALLI FROM KM.0.000 TO 43.659 TO 2LPS,Ongoing,General,Unknown Agency,,0,121.025,0.725231646471846,70.15,50.875,72.5231646471846,,1,,,,False,False,0,0,,,,1,0.0,,1,9.0,0.0,Unknown State,46.0,,1,0.5133284618348954,1,0.8485768825772511,2,0.8337414113664113,0.1001926406926406,0.0660659479409479,0.8337414113664113
8779094cf2e530b2,2024-04-30,LPG CAVERN AT MANGALORE,Ongoing,General,Unknown Agency,,0,196.26,10.0,9.0,187.26,1000.0,,1,,,,False,False,0,0,,,,1,0.0,,2,5.0,0.0,Unknown State,60.0,,1,0.4941825488763232,1,0.6556724383943541,2,0.7244968919968917,0.2289435286935287,0.0465595793095793,0.7244968919968917
877adbecdbe80914,2024-04-30,MUZAFFARNAGAR  UTTAR PRADESH,Ongoing,General,Unknown Agency,,0,767.59,10.0,5.0,762.59,1000.0,,1,,,,False,False,0,0,,,,1,0.0,,2,-10.0,0.0,Unknown State,73.0,,1,0.4682178013676559,0,0.4551523021130686,0,0.5625424779898464,0.5625424779898464,0.0876732156732156,0.3497843063369379
87b3061a4e41f453,2024-04-30,HASSAN TO MARANAHALLY,Ongoing,General,Unknown Agency,,0,327.64,-0.709714002197257,1128.68,-801.0400000000001,-70.9714002197257,,1,,,,False,False,0,0,,,,1,0.0,,2,11.0,0.0,Unknown State,12.0,,1,0.5337556453212356,1,0.6721359910627926,2,0.7443927232897818,0.0929929841400429,0.1626142925701748,0.7443927232897818
87b55022c7dfe401,2024-04-30,MHASWAD TO TEMBHURNI,Ongoing,General,Unknown Agency,,0,3.0,-0.9831460674157304,178.0,-175.0,-98.31460674157304,,1,,,,False,False,0,0,,,,1,0.0,,1,-4.0,0.0,Unknown State,69.0,,1,0.4752375189113703,1,0.890656701440133,2,0.9197993811743812,0.0327911255411255,0.0474094932844932,0.9197993811743812
87c3610acabff734,2024-04-30,SECTION (PACKAGE V),Ongoing,General,PACKAGE V,,0,4.0,-0.6251171508903468,10.67,-6.67,-62.51171508903468,,0,,,,False,True,0,0,,,,1,0.0,,1,19.0,0.0,Unknown State,60.0,,1,0.4803523855416843,1,0.865395094722575,2,0.8102628898878897,0.1438174741924741,0.0459196359196359,0.8102628898878897
8802e575f420d2d0,2024-04-30,WILDLIFE AREA OF NH - 69,Ongoing,General,Unknown Agency,,0,12.0,-0.5,24.0,-12.0,-50.0,,1,,,,False,False,0,0,,,,1,0.0,,1,8.0,0.0,Unknown State,0.0,,1,0.5380807658552167,1,0.8782923615123108,2,0.9575110306360304,0.0158228021978022,0.0266661671661671,0.9575110306360304
8807e8c167b1466f,2024-04-30,KAZIPET-VIJAYAWADA 3RD LINE WITH ELECTRIFICATION,Ongoing,General,Unknown Agency,,0,958.0,1.8768768768768769,333.0,625.0,187.68768768768768,,1,,,,False,False,0,0,,,,1,0.0,,2,11.0,0.0,Unknown State,95.0,,1,0.4681260837368391,0,0.4544297321789268,2,0.5343706440618204,0.2418327913916149,0.2237965645465645,0.5343706440618204
88587ae6c6b5210c,2024-04-30,Ltd.),Ongoing,General,Unknown Agency,,0,1.0,-0.995963835970294,247.76,-246.76,-99.5963835970294,,1,,,,False,False,0,0,,,,1,0.0,,1,-21.0,0.0,Unknown State,6.0,,1,0.5312844062444716,1,0.8749013816999717,2,0.9182794289044292,0.0312454212454212,0.0504751498501498,0.9182794289044292
8861e5075c4441c1,2024-04-30,KM.113.900 TO 154.479 (MALLEPALLY - HALIYA SECT,Ongoing,General,Unknown Agency,,0,162.56,10.0,3.0,159.56,1000.0,,1,,,,False,False,0,0,,,,1,0.0,,2,-14.0,0.0,Unknown State,59.0,,1,0.4941099560086395,1,0.6668042467908957,2,0.7078307876763759,0.2638117462602756,0.0283574660633484,0.7078307876763759
888f092aebede32b,2024-04-30,NH-44 NEAR VILLAGE SHAMGARH (DESIGN,Ongoing,General,Unknown Agency,,0,648.75,10.0,5.0,643.75,1000.0,,1,,,,False,False,0,0,,,,1,0.0,,2,16.0,0.0,Unknown State,27.0,,1,0.5058065632649893,0,0.4277917796394317,2,0.5000476467976468,0.4196875069375068,0.0802648462648462,0.5000476467976468
8895c5b0af3acc35,2024-04-30,RAMNA - SINGRAULI DOUBLING,Ongoing,General,Unknown Agency,,0,983.62,10.0,6.0,977.62,1000.0,,1,,,,False,False,0,0,,,,1,0.0,,2,5.0,0.0,Unknown State,63.0,,1,0.4886720100640615,0,0.430224057088413,0,0.4844241591741592,0.4844241591741592,0.1031244327567857,0.4124514080690552
88a24611ba5700a1,2024-04-30,EPR PUNDI OCP,Ongoing,General,Unknown Agency,,0,6.0,-0.76,25.0,-19.0,-76.0,,1,,,,False,False,0,0,,,,1,0.0,,1,35.0,0.0,Unknown State,76.0,,0,0.4440341325353976,1,0.8957771210470955,2,0.9600529886779888,0.0186571067821067,0.0212899045399045,0.9600529886779888
88ccd23e0433d662,2024-04-30,I,Ongoing,General,Unknown Agency,,0,2.0,1.0,1.0,1.0,100.0,,1,,,,False,False,0,0,,,,1,0.0,,1,2.0,0.0,Unknown State,90.0,,1,0.4709282981101315,1,0.8695964893283363,2,0.8908769702519702,0.0871395132645132,0.0219835164835164,0.8908769702519702
88d26f656108f294,2024-04-30,SCIENCES AT BIBINAGAR,Ongoing,General,Unknown Agency,,0,42.99,-0.2835,60.0,-17.009999999999998,-28.35,,1,,,,False,False,0,0,,,,1,0.0,,1,6.0,0.0,Unknown State,89.0,,1,0.4685515848744038,1,0.8720595910588668,2,0.8606891025641022,0.0820093101343101,0.0573015873015873,0.8606891025641022
88e952eed46b2014,2024-04-30,PROJECT,Ongoing,General,Unknown Agency,,0,456.0,0.0,456.0,0.0,0.0,,1,,,,False,False,0,0,,,,1,0.0,,2,11.0,0.0,Unknown State,12.0,,1,0.5242402520590248,1,0.5141262820411314,2,0.7621785844874078,0.1736884896149601,0.0641329258976317,0.7621785844874078
890a2d9d3f4fce27,2024-04-30,FROM DESIGN KM 43+200 (AT MAHUWARI VI,Ongoing,General,Unknown Agency,,0,998.27,10.0,3.0,995.27,1000.0,,1,,,,False,False,0,0,,,,1,0.0,,2,26.0,0.0,Unknown State,39.0,,1,0.4776810611333988,0,0.4223358051902658,2,0.541544968919969,0.369553737928738,0.0889012931512931,0.541544968919969
891ada58d84b4b81,2024-04-30,LENGTH 8.87 KM) AS REALIGNMENT OF BAKA,Ongoing,General,Unknown Agency,,0,152.05,10.0,6.0,146.05,1000.0,,1,,,,False,False,0,0,,,,1,0.0,,2,8.0,0.0,Unknown State,18.0,,1,0.5270691063086141,1,0.6803770208784227,2,0.8105608835608834,0.1347984237984238,0.0546406926406926,0.8105608835608834
89245b067c8943fc,2024-04-30,TUKARAM MARG),Ongoing,General,Unknown Agency,,0,405.0,10.0,34.0,371.0,1000.0,,1,,,,False,False,0,0,,,,1,0.0,,2,2.0,0.0,Unknown State,75.0,,1,0.4669142483561034,1,0.5010621681527876,2,0.5889817143640673,0.3384369364295834,0.0725813492063492,0.5889817143640673
89457ca62e9e9156,2024-04-30,.000 TO KM 8.520 OF NH 235 IN THE STATE OF UTTAR,Ongoing,General,Unknown Agency,,0,2024.0,10.0,150.0,1874.0,1000.0,,1,,,,False,False,0,0,,,,1,0.0,,3,-1.0,0.0,Unknown State,31.0,,1,0.5108846558540303,0,0.2820056468116033,0,0.5008226079476079,0.5008226079476079,0.2317152014652014,0.2674621905871905
89612e9b0d6e1f38,2024-04-30,SCHEME XXV,Ongoing,General,Unknown Agency,,0,1006.0,10.0,6.0,1000.0,1000.0,,1,,,,False,False,0,0,,,,1,0.0,,3,5.0,0.0,Unknown State,39.0,,1,0.5107033699541388,0,0.3634434484454542,0,0.4692813020313022,0.4692813020313022,0.1116958613282142,0.4190228366404838
896697ab2fbdb436,2024-04-30,PIRPAINTI-JASIDIH,Ongoing,General,Unknown Agency,,0,243.0,8.303215926493108,26.12,216.88,830.3215926493108,,0,,,,False,False,0,0,,,,1,0.0,,2,47.0,0.0,Unknown State,179.0,,0,0.4321375520229401,1,0.6294215785804884,2,0.6378725963578905,0.3159756942404001,0.0461517094017094,0.6378725963578905
89a0525dbeb838fb,2024-04-30,.000 TO KM 41.400 OF NH-752D,Ongoing,General,Unknown Agency,,0,876.37,10.0,1.0,875.37,1000.0,,1,,,,False,False,0,0,,,,1,0.0,,2,2.0,0.0,Unknown State,53.0,,1,0.4984037311161547,0,0.4343693947032905,2,0.5296414141414142,0.3500313297813297,0.120327256077256,0.5296414141414142
89aae7b4f8c742b5,2024-04-30,SECTION,Ongoing,General,Unknown Agency,,0,157.62,10.0,9.0,148.62,1000.0,,1,,,,False,False,0,0,,,,1,0.0,,2,3.0,0.0,Unknown State,22.0,,1,0.525173582333035,1,0.6760727857657136,2,0.7411987571252275,0.2101707165383636,0.0486305263364086,0.7411987571252275
89ac268095fc8576,2024-04-30,CONFIGURATION OF SECTION FROM UND,Ongoing,General,Unknown Agency,,0,925.47,10.0,2.0,923.47,1000.0,,1,,,,False,False,0,0,,,,1,0.0,,2,15.0,0.0,Unknown State,53.0,,1,0.4965561044550549,0,0.4377027280366238,2,0.5109639943389944,0.3950881618381617,0.0939478438228438,0.5109639943389944
89d01e0db1cedde6,2024-04-30,(MINISTRY OF ROAD TRANSPORT AND HIGHWAYS (STATE PWDs)),Ongoing,General,MINISTRY OF ROAD TRANSPORT AND HIGHWAYS (STATE PWDS,,0,32.0,2.309203722854188,9.67,22.33,230.9203722854188,,1,,,,False,False,1,0,,,,1,0.0,,1,-47.0,0.0,Unknown State,-40.0,,1,0.5974156999148548,1,0.8579238101500796,2,0.9021279327397748,0.0758409317290896,0.0220311355311355,0.9021279327397748
89f4ef1367921ec4,2024-04-30,KM.89.285 OF NH-731B ON EPC MODE,Ongoing,General,Unknown Agency,,0,640.18,10.0,3.0,637.18,1000.0,,1,,,,False,False,0,0,,,,1,0.0,,2,21.0,0.0,Unknown State,46.0,,1,0.4847462718424472,0,0.4198061797047751,2,0.5618132006882007,0.3879678932178932,0.050218906093906,0.5618132006882007
8a1657ee85092cc6,2024-04-30,"REACTOR (BHAVINI, 500 MWE)",Ongoing,General,Unknown Agency,,0,2.0,1.0,1.0,1.0,100.0,,1,,,,False,False,0,0,48.0,,95.88,1,0.0,,1,8.0,110.0,500 MWE) -,255.0,,0,0.4240531082295136,1,0.8496127581965527,2,0.8782991608065137,0.0591641038699862,0.0625367353235,0.8782991608065137
8a180e4ca2cf7842,2024-04-30,NEW DELHI PACKAGE 2,Ongoing,General,Unknown Agency,,0,8379.62,10.0,5.0,8374.62,1000.0,,1,,,,False,False,0,0,,,,1,0.0,,3,5.0,0.0,Unknown State,64.0,,1,0.4914064807231428,0,0.2973278465914303,0,0.4537214590964591,0.4537214590964591,0.1935587484411013,0.3527197924624395
8a5893594a24ab9d,2024-04-30,REBUILDING OF COKE OVEN BATTERY NO.4 OF DURGAPUR STEEL PLANT,Ongoing,General,Unknown Agency,,0,2.0,1.0,1.0,1.0,100.0,,1,,,,False,False,0,0,,,,1,0.0,,1,32.0,0.0,Unknown State,37.0,,1,0.4891571331927689,1,0.8695964893283363,2,0.9454540239172587,0.0505075145442792,0.0040384615384615,0.9454540239172587
8a726002580ff128,2024-04-30,"GRASS ROOT POL TERMINAL AT VALLUR, CHENNAI",Ongoing,General,Unknown Agency,,0,11.0,0.0,11.0,0.0,0.0,,1,,,,False,False,0,0,,,,1,0.0,,1,8.0,0.0,CHENNAI -,1.0,,1,0.5378462645067664,1,0.9087822995568702,2,0.9566926406926406,0.0082820512820512,0.035025308025308,0.9566926406926406
8a8fed5d328dccde,2024-04-30,(DESIGN LENGTH – 14,Ongoing,General,Unknown Agency,,0,187.8,-0.4797783933518005,361.0,-173.2,-47.97783933518005,,1,,,,False,False,0,0,,,,1,0.0,,2,8.0,0.0,Unknown State,81.0,,1,0.4689773881973478,1,0.7356340501104913,2,0.8221113004642416,0.053635462576639,0.1242532369591193,0.8221113004642416
8abd0bdc2d433ab7,2024-04-30,DISTRICT TO ADHELAI VILLAG,Ongoing,General,Unknown Agency,,0,8.0,-0.6666666666666665,24.0,-16.0,-66.66666666666666,,1,,,,False,False,0,0,,,,1,0.0,,1,4.0,0.0,Unknown State,0.0,,1,0.5380807658552167,1,0.8858292409449351,2,0.9507948717948718,0.0314821428571428,0.0177229853479853,0.9507948717948718
8ae320ffe18baefc,2024-04-30,KIRU HYDRO ELECTRIC PROJECT,Ongoing,General,Unknown Agency,,0,12.0,3.0,3.0,9.0,300.0,,1,,,,False,False,0,0,,,,1,0.0,,1,29.0,0.0,Unknown State,30.0,,1,0.4906365541202033,1,0.8572673408907177,2,0.8967850950219368,0.0879265821897401,0.0152883227883227,0.8967850950219368
8aec2be3485c9b14,2024-04-30,PATNA METRO RAIL CORPORATION LIMITED,Ongoing,General,Unknown Agency,,0,11076.48,0.0,11076.48,0.0,0.0,,1,,,,False,False,0,0,,,,1,0.0,,3,5.0,0.0,Unknown State,6.0,,1,0.5453971040953305,0,0.4306653844284833,2,0.5731622132130445,0.2869954172000207,0.1398423695869347,0.5731622132130445
8b3cba34f9521a63,2024-04-30,ALLAHABAD DOUBLING,Ongoing,General,Unknown Agency,,0,108000.0,10.0,12.0,107988.0,1000.0,,1,,,,False,False,0,0,,,,1,0.0,,3,8.0,0.0,Unknown State,108.0,,1,0.4674004367335556,0,0.2941420870521851,0,0.4406673742923743,0.4406673742923743,0.1853235791985792,0.3740090465090465
8b6138ece3cf09ac,2024-04-30,(BHADOHI) TO KM.73.134 (JAUNPUR),Ongoing,General,BHADOHI,,0,385.15,10.0,21.0,364.15,1000.0,,1,,,,False,False,0,0,,,,1,0.0,,2,1.0,0.0,Unknown State,0.0,,1,0.5158656260148824,1,0.5593914772789195,2,0.627549574608398,0.3230018184429948,0.0494486069486069,0.627549574608398
8ba4a8b635b1d772,2024-04-30,GANESHPUR – DEHRADUN SECTION FROM KM.,Ongoing,General,Unknown Agency,,0,836.24,10.0,21.0,815.24,1000.0,,1,,,,False,False,0,0,,,,1,0.0,,2,2.0,0.0,Unknown State,8.0,,1,0.5230996809919691,0,0.462457412568484,0,0.5209483342744213,0.5209483342744213,0.1234533751272881,0.3555982905982905
8bb7e92a11a24eea,2024-04-30,SECTION OF NH752 G DESIGN CH: KM 64.0,Ongoing,General,Unknown Agency,,0,152.58,10.0,3.0,149.58,1000.0,,1,,,,False,False,0,0,,,,1,0.0,,2,13.0,0.0,Unknown State,38.0,,1,0.5096166925461867,1,0.6801242736256755,2,0.8163879413070587,0.1420395478704302,0.0415725108225108,0.8163879413070587
8bc3efa8b8a0868e,2024-04-30,ALIGNMENT),Ongoing,General,Unknown Agency,,0,11.0,0.1,10.0,1.0,10.0,,1,,,,False,False,0,0,,,,1,0.0,,1,9.0,0.0,Unknown State,40.0,,1,0.5224719490325493,1,0.8537174041169752,2,0.9324986263736262,0.0332037545787545,0.034297619047619,0.9324986263736262
8beb6933baa2d9b5,2024-04-30,TEMAGAON],Ongoing,General,Unknown Agency,,0,87.78,-0.733830619485127,329.79,-242.01,-73.38306194851269,,1,,,,False,False,0,0,,,,1,0.0,,1,1.0,0.0,Unknown State,1.0,,1,0.526682472463119,1,0.8830775397850706,2,0.8687420030949441,0.0392536124006712,0.0920043845043845,0.8687420030949441
8c20cf722e8477b1,2024-04-30,FROM KM 26.150 TO 41.161 OF NH-214(NH216)(KAKINAD,Ongoing,General,Unknown Agency,,0,8.0,-0.9959100204498976,1956.0,-1948.0,-99.59100204498978,,1,,,,False,False,0,0,,,,1,0.0,,1,-10.0,0.0,Unknown State,34.0,,1,0.5212639028228285,1,0.8786524833144153,2,0.8809822261072262,0.0645090742590742,0.0545086996336996,0.8809822261072262
8c414442dde041ef,2024-04-30,(PACKAGE-IV) IN THE ST,Ongoing,General,PACKAGE-IV,,0,525.68,10.0,11.0,514.68,1000.0,,1,,,,False,False,0,0,,,,1,0.0,,2,0.0,0.0,Unknown State,41.0,,1,0.4961167218525697,0,0.4643441493223952,2,0.5001138262322471,0.4333554296580613,0.0665307441096914,0.5001138262322471
8c55640fa597e88b,2024-04-30,HIGHWAYS AUTHORITY OF INDIA),Ongoing,General,Unknown Agency,,0,161.0,2.375262054507337,47.7,113.3,237.52620545073376,,1,,,,False,False,1,0,,,,1,0.0,,2,-37.0,0.0,Unknown State,-20.0,,1,0.5996644722603242,1,0.706044791999551,2,0.8145085470085468,0.1379221889221889,0.047569264069264,0.8145085470085468
8c84df07849b2e72,2024-04-30,BHUJ-NALIYA(GC) WITH EXTENSION FROM NALIYA TO VAYOR  (WR),Ongoing,General,Indian Railways (GC),,0,46.0,0.0952380952380952,42.0,4.0,9.523809523809524,,1,,,,False,False,0,0,,,,1,0.0,,1,1.0,0.0,Unknown State,146.0,,1,0.4535440452905203,1,0.8495935172695164,2,0.8831472416472417,0.1078335275835275,0.0090192307692307,0.8831472416472417
8c9a7a1ec47b5fc8,2024-04-30,MODE IN THE STATE OF JHARKH,Ongoing,General,Unknown Agency,,0,10.0,0.0,10.0,0.0,0.0,,1,,,,False,False,0,0,,,,1,0.0,,1,6.0,0.0,Unknown State,0.0,,1,0.5398352884622579,1,0.8718082632341922,2,0.9375943101016628,0.0316232223658694,0.0307824675324675,0.9375943101016628
8ca521bd467d10fc,2024-04-30,MUSALMANA (AMBALA DISTRICT) TO SADOPUR,Ongoing,General,AMBALA DISTRICT,,0,524.54,-0.7405835806132542,2022.0,-1497.46,-74.05835806132542,,1,,,,False,False,0,0,,,,1,0.0,,2,13.0,0.0,Unknown State,0.0,,1,0.5288630969275308,1,0.6636356801999233,2,0.6908333365980422,0.1500600371850372,0.1591066262169203,0.6908333365980422
8cafc733140012be,2024-04-30,PAVED SHOULDERS CONFIGURATION FROM KM. 235.00,Ongoing,General,Unknown Agency,,0,12.0,-0.9844559585492229,772.0,-760.0,-98.44559585492227,,1,,,,False,False,0,0,,,,1,0.0,,1,-52.0,0.0,Unknown State,24.0,,1,0.5240598507956775,1,0.8867085662095323,2,0.9229501748251748,0.0250569985569985,0.0519928266178266,0.9229501748251748
8cbd9f2644578a69,2024-04-30,".500 TO 41.900, 84.300 TO 88.20",Ongoing,General,Unknown Agency,,0,574.0,10.0,6.0,568.0,1000.0,,1,,,,False,False,0,0,,,,1,0.0,,2,7.0,0.0,84.300 TO 88.20 -,41.0,,1,0.5080260629218942,0,0.4576088544509798,2,0.4617649833826304,0.1382755161505161,0.3999595004668534,0.4617649833826304
8cbf83068b9cbaa9,2024-04-30,WADSA-GADHCHIROLI NEW LINE (52.36 KM),Ongoing,General,Unknown Agency,,0,43.0,3.3,10.0,33.0,330.0,,1,,,,False,False,0,0,,,,1,0.0,,1,32.0,0.0,Unknown State,26.0,,1,0.4925180637463051,1,0.8640812477851317,2,0.904677050288892,0.0771179602561181,0.0182049894549894,0.904677050288892
8cd50c3b3e653966,2024-04-30,OF EXISTING STRETCH BETWEEN L,Ongoing,General,Unknown Agency,,0,8.0,7.0,1.0,7.0,700.0,,1,,,,False,False,0,0,,,,1,0.0,,1,6.0,0.0,Unknown State,14.0,,1,0.5397187583948004,1,0.8327686905890367,2,0.8563855131796307,0.0757640872199695,0.0678503996003996,0.8563855131796307
8ceded039ea04ed3,2024-04-30,"BIHARSHARIF,",Ongoing,General,Unknown Agency,,0,372.14,10.0,4.0,368.14,1000.0,,1,,,,False,False,0,0,,,,1,0.0,,2,8.0,0.0,-,248.0,,1,0.459522449587293,1,0.5236019585129711,2,0.6389480160362513,0.1230387888255535,0.2380131951381951,0.6389480160362513
8cf7e7a5853a6f69,2024-04-30,SIX LANING OF BIHAR - JHARKHAND BORDER (CHORDAHA) TO GORHAR SECTION,Ongoing,General,CHORDAHA,,0,12.0,0.0,12.0,0.0,0.0,,1,,,,False,False,0,0,,,,1,0.0,,1,8.0,0.0,Unknown State,0.0,,1,0.5312615157835116,1,0.8742008466283626,2,0.9330536840610368,0.0579270851697322,0.0090192307692307,0.9330536840610368
8cf8e1a54ced06fa,2024-04-30,KM.106.00 TO 153.00 OF NH-218 BIJAP,Ongoing,General,Unknown Agency,,0,64.535,10.0,2.0,62.535,1000.0,,1,,,,False,False,0,0,,,,1,0.0,,1,0.0,0.0,Unknown State,49.0,,1,0.5168252740737335,1,0.8292080431380262,2,0.8564765887707062,0.1128794718353541,0.0306439393939393,0.8564765887707062
8d3bd1c0493bcf33,2024-04-30,OF CRPF AT LODHI ROAD NEW DELHI,Ongoing,General,Unknown Agency,,0,1219.21,10.0,10.0,1209.21,1000.0,,1,,,,False,False,0,0,,,,1,0.0,,3,13.0,0.0,Unknown State,139.0,,1,0.4655353909782496,0,0.2907857156970985,0,0.4922119685869686,0.4922119685869686,0.1164271006771006,0.3913609307359306
8d5f557df3732391,2024-04-30,(AJ/DRGB-PACKAGE-7),Ongoing,General,Unknown Agency,,0,10.0,-0.8360655737704918,61.0,-51.0,-83.60655737704919,,1,,,,False,False,0,0,,,,1,0.0,,1,1.0,0.0,Unknown State,55.0,,1,0.5049934535102985,1,0.875897647560892,2,0.9521182844932846,0.0162857142857142,0.0315960012210012,0.9521182844932846
8da09988ce036b0d,2024-04-30,NH20,Ongoing,General,Unknown Agency,,0,2.0,1.0,1.0,1.0,100.0,,1,,,,False,False,0,0,,,,1,0.0,,1,8.0,0.0,Unknown State,51.0,,1,0.5145332676894434,1,0.8695964893283363,2,0.9108726412476412,0.058389763014763,0.0307375957375957,0.9108726412476412
8df46c9a881b9dad,2024-04-30,NADIAD-PETLAD (37.26 KM),Ongoing,General,Unknown Agency,,0,844.1,10.0,4.0,840.1,1000.0,,1,,,,False,False,0,0,,,,1,0.0,,2,20.0,0.0,Unknown State,176.0,,0,0.4465883960073549,0,0.4522890986498651,2,0.5489552947052948,0.4002007992007991,0.0508439060939061,0.5489552947052948
8df9a281650da5bb,2024-04-30,(RAIL VIKAS NIGAM LTD.),Ongoing,General,RAIL VIKAS NIGAM LTD.,,0,3.0,-0.9983011687958684,1765.92,-1762.92,-99.83011687958684,,1,,,,False,False,1,0,,,,1,0.0,,1,-25.0,0.0,Unknown State,-12.0,,1,0.5976480821856602,1,0.8233154872347415,2,0.8336032905003493,0.1174991209770621,0.0488975885225885,0.8336032905003493
8dfb2a01c481ca2b,2024-04-30,TO KM.55.610 (DESIGN KM. 0.000 T,Ongoing,General,Unknown Agency,,0,1156.72,10.0,1.0,1155.72,1000.0,,1,,,,False,False,0,0,,,,1,0.0,,3,22.0,0.0,Unknown State,49.0,,1,0.4901001045992983,0,0.297919322788462,2,0.5582918192918194,0.3651369741369741,0.0765712065712065,0.5582918192918194
8e255244deee784f,2024-04-30,CHIMUR TO WARORA,Ongoing,General,Unknown Agency,,0,4.0,-0.9047619047619048,42.0,-38.0,-90.47619047619048,,1,,,,False,False,0,0,,,,1,0.0,,1,-61.0,0.0,Unknown State,48.0,,1,0.5192819497148872,1,0.8986337724450527,2,0.9257078060828065,0.039072261072261,0.0352199328449328,0.9257078060828065
8e4fddae44381425,2024-04-30,NH-167 HAGARI – JADERCELA SECTION,Ongoing,General,Unknown Agency,,0,305.12,10.0,12.0,293.12,1000.0,,1,,,,False,False,0,0,,,,1,0.0,,2,7.0,0.0,Unknown State,35.0,,1,0.5100560605320579,1,0.5659391175250764,2,0.6095755151711036,0.2923102657146776,0.0981142191142191,0.6095755151711036
8e6089d6961ac3a8,2024-04-30,"SHRAVASTI,BALRAMPUR,",Ongoing,General,Unknown Agency,,0,3207.0,10.0,12.0,3195.0,1000.0,,1,,,,False,False,0,0,,,,1,0.0,,3,74.0,0.0,-,90.0,,0,0.4450931887249167,0,0.3156229537738708,0,0.3636257827140178,0.3636257827140178,0.350488233988234,0.2858859832977479
8ec58f0c01a7d7c6,2024-04-30,CHOTTAUDEPUR-DHAR(NL),Ongoing,General,Indian Railways (NL),,0,9.0,-0.9955533596837944,2024.0,-2015.0,-99.55533596837944,,1,,,,False,False,0,0,,,,1,0.0,,1,32.0,0.0,Unknown State,224.0,,0,0.4245125580925444,1,0.8382553445973551,2,0.8379405072052133,0.0933156426906426,0.0687438501041442,0.8379405072052133
8ec9d7af5410c71b,2024-04-30,JUNAGARH -VISAVADAR (42.28) KM,Ongoing,General,Unknown Agency,,0,3.0,0.0,3.0,0.0,0.0,,1,,,,False,False,0,0,,,,1,0.0,,1,32.0,0.0,Unknown State,9.0,,1,0.5038659489207212,1,0.8801422091447161,2,0.938813492063492,0.0603531746031746,0.0008333333333333,0.938813492063492
8f0a4b2f91091fb6,2024-04-30,CHENNAI METRO RAIL LTD (PHASE 1 EXT),Ongoing,General,Unknown Agency,,0,301.0,0.6246559075943217,185.27,115.73,62.46559075943217,,1,,,,False,False,0,0,,,,1,0.0,,2,-38.0,0.0,Unknown State,21.0,,1,0.5209065715620876,1,0.5839588354144742,2,0.7178354594751652,0.2177089781133898,0.0644555624114447,0.7178354594751652
8f1c95ec1c202a43,2024-04-30,IMPROVEMENTS FRO,Ongoing,General,Unknown Agency,,0,4.0,1.0,2.0,2.0,100.0,,1,,,,False,False,0,0,,,,1,0.0,,1,3.0,0.0,Unknown State,87.0,,1,0.4731339590427244,1,0.8695964893283363,2,0.9238093018093017,0.0512706737706737,0.0249200244200244,0.9238093018093017
8f2429076288505d,2024-04-30,DEVIHALLI -HASSAN SECTION,Ongoing,General,Unknown Agency,,0,3.0,-0.9985177865612648,2024.0,-2021.0,-99.85177865612648,,0,,,,False,False,0,0,,,,1,0.0,,1,11.0,0.0,Unknown State,0.0,,1,0.5374979103543892,1,0.8517543090866795,2,0.7598514157411215,0.1710080613830614,0.069140522875817,0.7598514157411215
8f46502abbda6d29,2024-04-30,SHOULDERS RIGID PAVEMENT FROM DESI,Ongoing,General,Unknown Agency,,0,411.4,10.0,12.0,399.4,1000.0,,1,,,,False,False,0,0,,,,1,0.0,,2,1.0,0.0,Unknown State,29.0,,1,0.5111036806868903,1,0.5100822981112753,2,0.639465536097889,0.3075304956481426,0.0530039682539682,0.639465536097889
8f49a1aee37551c4,2024-04-30,ON HAM MODE IN THE STATE OF,Ongoing,General,Unknown Agency,,0,457.72,10.0,3.0,454.72,1000.0,,1,,,,False,False,0,0,,,,1,0.0,,2,2.0,0.0,Unknown State,27.0,,1,0.513702698159542,0,0.4348038221160948,2,0.5341788725979905,0.3850606517665341,0.0807604756354756,0.5341788725979905
8f62fd1a9cf603f6,2024-04-30,AHMADPUR TO PIMPLA,Ongoing,General,Unknown Agency,,0,12.0,1.0,6.0,6.0,100.0,,1,,,,False,False,0,0,,,,1,0.0,,1,-4.0,0.0,Unknown State,54.0,,1,0.507315671718483,1,0.8625911710149335,2,0.9114389964610552,0.0586959241738653,0.0298650793650793,0.9114389964610552
8f637ecbf52405be,2024-04-30,LINE (93 KM),Ongoing,General,Unknown Agency,,0,1614.59,10.0,3.0,1611.59,1000.0,,1,,,,False,False,0,0,,,,1,0.0,,3,20.0,0.0,Unknown State,129.0,,1,0.4576242344961254,0,0.2966548745756031,2,0.6219711677211677,0.3081829004329004,0.0698459318459318,0.6219711677211677
8f865257cfdf7263,2024-04-30,CGD PROJECT AT SALEM DISTRICT,Ongoing,General,Unknown Agency,,0,303.0,10.0,6.0,297.0,1000.0,,1,,,,False,False,0,0,,,,1,0.0,,2,71.0,0.0,Unknown State,129.0,,0,0.4349475881999048,1,0.578925778650748,2,0.585864357864358,0.3729411976911975,0.0411944444444444,0.585864357864358
8f8ed5d4750f0e7a,2024-04-30,BURHWAL - GONDA - 3RD RUNNING LINE.,Ongoing,General,Unknown Agency,,0,1177.96,10.0,4.0,1173.96,1000.0,,1,,,,False,False,0,0,,,,1,0.0,,3,11.0,0.0,Unknown State,107.0,,1,0.4706024161349427,0,0.2993215412422698,2,0.4930480271362625,0.378867511573394,0.1280844612903436,0.4930480271362625
8fd4203578e5f3da,2024-04-30,RAJASTHA,Ongoing,General,Unknown Agency,,0,179.29,10.0,5.0,174.29,1000.0,,1,,,,False,False,0,0,,,,1,0.0,,2,-4.0,0.0,Unknown State,31.0,,1,0.5099217957896598,1,0.6684169700241176,2,0.7315909621424326,0.2332429082355553,0.0351661296220119,0.7315909621424326
90811b289ddb2e99,2024-04-30,ON NH43 (NEW NH26) FROM 537/6 TO 552/0 (RAIPUR-V,Ongoing,General,Unknown Agency,,0,11.0,-0.9886363636363636,968.0,-957.0,-98.86363636363636,,1,,,,False,False,0,0,,,,1,0.0,,1,-17.0,0.0,Unknown State,72.0,,1,0.4735876099174129,1,0.8777896472906133,2,0.9291803335553336,0.0196601731601731,0.0511594932844932,0.9291803335553336
908512af8bdc6922,2024-04-30,JEYPORE NABARANGPUR NEWLINE,Ongoing,General,Unknown Agency,,0,190.9,10.0,8.0,182.9,1000.0,,1,,,,False,False,0,0,,,,1,0.0,,2,51.0,0.0,Unknown State,71.0,,0,0.4384950607133264,1,0.6582858969233056,2,0.7763072483072481,0.2024427516927517,0.02125,0.7763072483072481
90fdd7c1ab603dba,2024-04-30,KRISHNANAGAR),Ongoing,General,Unknown Agency,,0,3.0,-0.9980940279542568,1574.0,-1571.0,-99.80940279542568,,0,,,,False,False,0,0,,,,1,0.0,,1,23.0,0.0,Unknown State,128.0,,0,0.4488678452514411,1,0.8725157015786305,2,0.7952282382650029,0.1767888557520909,0.0279829059829059,0.7952282382650029
91138edb1da78828,2024-04-30,TO 180,Ongoing,General,Unknown Agency,,0,172.98,10.0,9.0,163.98,1000.0,,1,,,,False,False,0,0,,,,1,0.0,,2,8.0,0.0,Unknown State,27.0,,1,0.5155662039987492,1,0.6655152777602079,2,0.7126598303657126,0.2401650947092123,0.0471750749250749,0.7126598303657126
911e24f0113c5a09,2024-04-30,TETARIAKHAR EXPANSION OCP,Ongoing,General,Unknown Agency,,0,163.51,10.0,8.0,155.51,1000.0,,1,,,,False,False,0,0,,,,1,0.0,,2,11.0,0.0,Unknown State,211.0,,1,0.4616158351506634,1,0.6680229253841989,2,0.7647697302697302,0.1935516983016983,0.0416785714285714,0.7647697302697302
918809022abfc207,2024-04-30,KM.35.00,Ongoing,General,Unknown Agency,,0,339.65,10.0,12.0,327.65,1000.0,,1,,,,False,False,0,0,,,,1,0.0,,2,2.0,0.0,Unknown State,42.0,,1,0.5062202152091814,1,0.5293868414134653,2,0.641396951904305,0.2917302403478874,0.0668728077478077,0.641396951904305
91aa4cf1f936b140,2024-04-30,KM.417+000) SECTION OF NEW NH-66 (O,Ongoing,General,Unknown Agency,,0,1368.19,10.0,11.0,1357.19,1000.0,,1,,,,False,False,0,0,,,,1,0.0,,3,5.0,0.0,Unknown State,34.0,,1,0.5119205491645171,0,0.2945378402653314,0,0.5447191199323552,0.5447191199323552,0.1126891458214987,0.3425917342461458
920d203662a79717,2024-04-30,IRUGUR-DEVANGONTHI POL PIPELINE,Ongoing,General,Unknown Agency,,0,1164.69,10.0,4.0,1160.69,1000.0,,1,,,,False,False,0,0,,,,1,0.0,,3,18.0,0.0,Unknown State,54.0,,1,0.4901803172783746,0,0.2993215412422698,2,0.5168575591075593,0.4010082417582418,0.0821341991341991,0.5168575591075593
9244203951ddc1bd,2024-04-30,WORKS AT LEH AIRPORT,Ongoing,General,Unknown Agency,,0,645.63,10.0,2.0,643.63,1000.0,,1,,,,False,False,0,0,48.0,,,1,0.0,,2,6.0,68.0,Unknown State,68.0,,0,0.4397451200381882,0,0.4387298030507303,2,0.6825341798724154,0.1693895075512722,0.1480763125763125,0.6825341798724154
92675cdd405ff07c,2024-04-30,"VSI AIRPORT, PORTBLAIR",Ongoing,General,Unknown Agency,,0,12.0,-0.9994670693253987,22517.0,-22505.0,-99.94670693253988,,0,,,,False,True,0,0,48.0,,40.28,1,0.0,,1,-10.0,31.0,PORTBLAIR -,90.0,,0,0.4309086003281776,1,0.7548805278422193,2,0.6914651304577774,0.260350432247491,0.0481844372947314,0.6914651304577774
92852236b22f58e5,2024-04-30,BHANDER BYPASS (TOTAL LENGTH 20.60 KM),Ongoing,General,Unknown Agency,,0,480.1,10.0,12.0,468.1,1000.0,,1,,,,False,False,0,0,,,,1,0.0,,2,8.0,0.0,Unknown State,36.0,,1,0.5100560605320579,0,0.4475610519320183,2,0.496264208014208,0.4188259657009658,0.0849098262848262,0.496264208014208
933038dd0f23c862,2024-04-30,.920 OF NH-16,Ongoing,General,Unknown Agency,,0,1147.26,10.0,8.0,1139.26,1000.0,,1,,,,False,False,0,0,,,,1,0.0,,3,-1.0,0.0,Unknown State,31.0,,1,0.5106438147739817,0,0.3011715903736428,0,0.6109996669996671,0.6109996669996671,0.0986049506049506,0.2903953823953823
9331c413a8df3eab,2024-04-30,(SHIRSAD - MASVAN),Ongoing,General,SHIRSAD - MASVAN,,0,12.0,-0.5714285714285714,28.0,-16.0,-57.14285714285714,,1,,,,False,False,0,0,,,,1,0.0,,1,-2.0,0.0,Unknown State,62.0,,1,0.4841458277705378,1,0.891055466798278,2,0.9208480685980684,0.0525690975690975,0.0265828338328338,0.9208480685980684
93445bdb38a3a55a,2024-04-30,SRINAGAR - BANIHAL SECTI,Ongoing,General,Unknown Agency,,0,862.88,0.056156670746634,817.0,45.88,5.615667074663403,,1,,,,False,False,0,0,,,,1,0.0,,2,1.0,0.0,Unknown State,22.0,,1,0.5216215334498571,1,0.5249375661857735,2,0.6089753596506692,0.2979148816869404,0.0931097586623902,0.6089753596506692
93bcb72d944fbd99,2024-04-30,CD (PACKAGE – OD-1),Ongoing,General,Unknown Agency,,0,1592.0,10.0,12.0,1580.0,1000.0,,1,,,,False,False,0,0,,,,1,0.0,,3,6.0,0.0,Unknown State,34.0,,1,0.5132889396768792,0,0.2963809775202333,0,0.5047102121734476,0.5047102121734476,0.1325632439455968,0.3627265438809556
9421dd8b84b4cb31,2024-04-30,DESIGN CHAINAGE 101.000 KM) (PACK,Ongoing,General,Unknown Agency,,0,175.0,10.0,8.0,167.0,1000.0,,1,,,,False,False,0,0,,,,1,0.0,,2,2.0,0.0,Unknown State,22.0,,1,0.523118059858878,1,0.6655152777602079,2,0.7121414671929377,0.2519134044060514,0.0359451284010107,0.7121414671929377
94517ac43ba1519d,2024-04-30,PACKAGE-2),Ongoing,General,Unknown Agency,,0,1425.02,10.0,11.0,1414.02,1000.0,,1,,,,False,False,0,0,,,,1,0.0,,3,-6.0,0.0,Unknown State,47.0,,1,0.5077782036437073,0,0.3145378402653314,0,0.656664077752313,0.656664077752313,0.0982640415140415,0.2450718807336454
94603dec37b39bc3,2024-04-30,FROM,Ongoing,General,Unknown Agency,,0,626.0,10.0,7.0,619.0,1000.0,,1,,,,False,False,0,0,,,,1,0.0,,2,2.0,0.0,Unknown State,54.0,,1,0.4984065127825587,0,0.4299632082108603,0,0.4665730818888714,0.4665730818888714,0.1253496006917059,0.4080773174194228
9498ff8dfc3d9f94,2024-04-30,NILAJPHATA TO BHANDARA,Ongoing,General,Unknown Agency,,0,167.0,10.0,12.0,155.0,1000.0,,1,,,,False,False,0,0,,,,1,0.0,,2,-4.0,0.0,Unknown State,0.0,,1,0.5237108233845287,1,0.6569567712629757,2,0.6886131344146049,0.2756917371843842,0.0356951284010107,0.6886131344146049
94a26e471ce00266,2024-04-30,KUMBHARI PHTA TO DEULGAON RAJA,Ongoing,General,Unknown Agency,,0,188.69,10.0,10.0,178.69,1000.0,,1,,,,False,False,0,0,,,,1,0.0,,2,-2.0,0.0,Unknown State,28.0,,1,0.5120444775132382,1,0.6539463247307922,2,0.7172600708115412,0.2436452281378752,0.0390947010505834,0.7172600708115412
94a3d35e4a5c4b47,2024-04-30,CONNECTING LINK FROM K,Ongoing,General,Unknown Agency,,0,26.0,4.2,5.0,21.0,420.0,,1,,,,False,False,0,0,,,,1,0.0,,1,1.0,0.0,Unknown State,0.0,,1,0.5345227883900295,1,0.8555698618991211,2,0.8333133306751729,0.1316517042898622,0.035034965034965,0.8333133306751729
94e14373d3ee4c4d,2024-04-30,LPS OF CHAPRATHIPALEM TO LAMBASINGI SECTION OF NH 516E,Ongoing,General,Unknown Agency,,0,481.0,0.038876889848812,463.0,18.0,3.887688984881209,,1,,,,False,False,0,0,,,,1,0.0,,2,6.0,0.0,Unknown State,31.0,,1,0.5105121348216527,1,0.5362842455168199,2,0.6500600347365051,0.254251289560113,0.0956886757033815,0.6500600347365051
950315fbf202ed55,2024-04-30,NEYVELI LIGNITE CORP LTD TS - I (REPLACEMENT) IN NEY,Ongoing,General,REPLACEMENT,,0,674.92,10.0,5.0,669.92,1000.0,,1,,,,False,False,0,0,,,,1,0.0,,2,-2.0,0.0,Unknown State,33.0,,1,0.5052629564130965,0,0.4628428971164423,2,0.5407404441963266,0.3895317558258735,0.0697277999777999,0.5407404441963266
950f9706f0f3e406,2024-04-30,OF NH 168 G  IDAR BHILODA SA,Ongoing,General,Unknown Agency,,0,18.0,1.25,8.0,10.0,125.0,,1,,,,False,False,0,0,,,,1,0.0,,1,20.0,0.0,Unknown State,4.0,,1,0.5127226862873746,1,0.8671483026217469,2,0.951749986124986,0.0231402625152625,0.0251097513597513,0.951749986124986
9515cef5760c496b,2024-04-30,BELONIA,Ongoing,General,Unknown Agency,,0,6.0,-0.6774193548387097,18.6,-12.6,-67.74193548387098,,1,,,,False,False,0,0,,,,1,0.0,,1,1.0,0.0,Unknown State,47.0,,1,0.5198293327050285,1,0.897986423372677,2,0.9755032051282052,0.0084404761904761,0.0160563186813186,0.9755032051282052
9517f40639c4fe20,2024-04-30,KM. 189.350,Ongoing,General,Unknown Agency,,0,3.0,-0.25,4.0,-1.0,-25.0,,1,,,,False,False,0,0,,,,1,0.0,,1,3.0,0.0,Unknown State,28.0,,1,0.5274735702655563,1,0.8788699634427996,2,0.9042570346320344,0.0696130952380952,0.0261298701298701,0.9042570346320344
951cd7e943026a48,2024-04-30,DESIGN KM10.500 TO 21.00KM  [D,Ongoing,General,Unknown Agency,,0,8.0,1.0,4.0,4.0,100.0,,0,,,,False,True,0,0,,,,1,0.0,,1,5.0,0.0,Unknown State,1.0,,1,0.5398137729922454,1,0.830110580183384,2,0.8193510149980736,0.1548542103321515,0.0257947746697746,0.8193510149980736
95392190ef87ffa7,2024-04-30,THE STATE OF MAHARASHTRA .,Ongoing,General,Unknown Agency,,0,2.0,1.0,1.0,1.0,100.0,,1,,,,False,False,0,0,,,,1,0.0,,1,3.0,0.0,Unknown State,21.0,,1,0.5391230417161694,1,0.8695964893283363,2,0.8989695027195025,0.078332695082695,0.0226978021978021,0.8989695027195025
955aaec95dc7e5bb,2024-04-30,GUJARAT REFINERY,Ongoing,General,Unknown Agency,,0,367.0,0.0,367.0,0.0,0.0,,1,,,,False,False,0,0,,,,1,0.0,,2,3.0,0.0,Unknown State,2.0,,1,0.5240909172298487,1,0.5701735620980714,2,0.7928860186081544,0.1371799066946125,0.0699340746972326,0.7928860186081544
9577514cee5f0fcb,2024-04-30,MARIAM - PEREN PKG-1A,Ongoing,General,Unknown Agency,,0,1718.59,10.0,59.0,1659.59,1000.0,,1,,,,False,False,0,0,,,,1,0.0,,3,8.0,0.0,Unknown State,33.0,,1,0.5130110984473093,0,0.2868920763504811,0,0.4035204240204241,0.4035204240204241,0.1981887418137417,0.3982908341658342
957b890afcc19b54,2024-04-30,VIZIANAGARAM DISTRICTS,Ongoing,General,Unknown Agency,,0,2.0,1.0,1.0,1.0,100.0,,1,,,,False,False,0,0,,,,1,0.0,,1,71.0,0.0,Unknown State,129.0,,0,0.4385272859290851,1,0.8695964893283363,2,0.9078467284349634,0.0848840407958054,0.0072692307692307,0.9078467284349634
95b7e15387ccccc3,2024-04-30,"PHASE-III, PART E1",Ongoing,General,Unknown Agency,,0,966.79,10.0,3.0,963.79,1000.0,,1,,,,False,False,0,0,,,,1,0.0,,2,10.0,0.0,PART E1 -,23.0,,1,0.5235052356455525,0,0.4449330758316107,2,0.4682273282273281,0.1587670385170385,0.3730056332556332,0.4682273282273281
960b79e0b60dc7fb,2024-04-30,JHL SECTION,Ongoing,General,Unknown Agency,,0,8.0,0.0,8.0,0.0,0.0,,0,,,,False,True,0,0,,,,1,0.0,,1,11.0,0.0,Unknown State,91.0,,1,0.4736014899195951,1,0.8268383168708979,2,0.7651725684446272,0.179262232865174,0.0555651986901986,0.7651725684446272
9615d49f13cfe39e,2024-04-30,PETROLEUM CORPORATION LIMITED),Ongoing,General,Unknown Agency,,0,10.0,-0.9584251444726228,240.53,-230.53,-95.84251444726227,,1,,,,False,False,0,0,,,,1,0.0,,1,29.0,0.0,Unknown State,49.0,,1,0.4836674443717336,1,0.8829094483369342,2,0.8606929181929184,0.0847150488400488,0.0545920329670329,0.8606929181929184
96313b2b5b5ce68e,2024-04-30,FROM KM 71.015 TO 107.091,Ongoing,General,Unknown Agency,,0,1458.45,10.0,0.49,1457.96,1000.0,,1,,,,False,False,0,0,,,,1,0.0,,3,8.0,0.0,Unknown State,4.0,,1,0.5333380383532483,0,0.3341784468760532,2,0.5397779165279165,0.2925746198246198,0.1676474636474635,0.5397779165279165
965ee3dfd13cb860,2024-04-30,DABOKA KATHKATI PACKAGE-6,Ongoing,General,Unknown Agency,,0,183.31,10.0,9.0,174.31,1000.0,,1,,,,False,False,0,0,,,,1,0.0,,2,6.0,0.0,Unknown State,49.0,,1,0.5085257149593054,1,0.6593437201992497,2,0.7652201964701963,0.1891487956487956,0.0456310078810078,0.7652201964701963
96716340ff7a2b9b,2024-04-30,TO 229/160 (TEMBHURNI - KUSL,Ongoing,General,Unknown Agency,,0,4.0,-0.9823835109662644,227.06,-223.06,-98.23835109662645,,1,,,,False,False,0,0,,,,1,0.0,,1,2.0,0.0,Unknown State,2.0,,1,0.5340773198569523,1,0.8765032884668288,2,0.9114178876678878,0.0325892857142857,0.0559928266178266,0.9114178876678878
9673a9299fc1f194,2024-04-30,DHOLPUR ROAD NH-23 (OLD NH-11B) IN TH,Ongoing,General,Unknown Agency,,0,170.6,10.0,12.0,158.6,1000.0,,1,,,,False,False,0,0,,,,1,0.0,,2,5.0,0.0,Unknown State,33.0,,1,0.5100911304819566,1,0.6569567712629757,2,0.7169857781107778,0.2406042152292152,0.0424100066600066,0.7169857781107778
967c376094d45355,2024-04-30,PROJECT (90 MW),Ongoing,General,Unknown Agency,,0,12.0,-0.9735333039258932,453.4,-441.4,-97.35333039258931,,1,,,,False,False,0,0,,,,1,0.0,,1,1.0,0.0,Unknown State,65.0,,1,0.4824896054308953,1,0.8864364938440212,2,0.9091659035409037,0.0292857142857142,0.0615483821733821,0.9091659035409037
96c5789ea140c302,2024-04-30,WIDENING TO 2LPS FROM 0/0 TO 119/0 OF NH-157 IN THE STATE OF ODISHA.,Ongoing,General,Unknown Agency,,0,142.0,1.088235294117647,68.0,74.0,108.8235294117647,,1,,,,False,False,0,0,,,,1,0.0,,1,2.0,0.0,Unknown State,111.0,,1,0.4635106679100571,1,0.8424828204818384,2,0.8111023421023421,0.1420057026307026,0.0468919552669552,0.8111023421023421
96c7f7b9e69f7c85,2024-04-30,KM. 97.000 TO KM. 162.500 MARADGI S,Ongoing,General,Unknown Agency,,0,887.28,10.0,3.0,884.28,1000.0,,1,,,,False,False,0,0,,,,1,0.0,,2,18.0,0.0,Unknown State,31.0,,1,0.4972955627507943,0,0.4359460317617495,2,0.6032355561105561,0.3401598540348539,0.0566045898545898,0.6032355561105561
9714574e19414271,2024-04-30,MUMBAI URBAN TRANSPORT PROJECT PHASE-II,Ongoing,General,Unknown Agency,,0,2024.0,10.0,150.0,1874.0,1000.0,,1,,,,False,False,0,0,,,,1,0.0,,3,-121.0,0.0,Unknown State,71.0,,1,0.4727578780248982,0,0.2820056468116033,0,0.4414635021840903,0.4414635021840903,0.1992091739959386,0.359327323819971
971aa0788a44da81,2024-04-30,OF  NH,Ongoing,General,Unknown Agency,,0,293.1,10.0,3.0,290.1,1000.0,,1,,,,False,False,0,0,,,,1,0.0,,2,3.0,0.0,Unknown State,76.0,,1,0.4712177014789577,1,0.6056990883127514,2,0.6087429988312345,0.348886538298303,0.0423704628704628,0.6087429988312345
973da9f7d677d7ad,2024-04-30,AND GEOMETRIC IMPROVEMENTS FRO,Ongoing,General,Unknown Agency,,0,45.0,6.5,6.0,39.0,650.0,,1,,,,False,False,0,0,,,,1,0.0,,1,2.0,0.0,Unknown State,0.0,,1,0.5345227883900295,1,0.8270158892908909,2,0.8597720386338807,0.0860263296644875,0.0542016317016317,0.8597720386338807
97401832d087dade,2024-04-30,SILCHAR VAIRENGTE SAIRANG ROAD PKG-2,Ongoing,General,Unknown Agency,,0,3.0,-0.6666666666666665,9.0,-6.0,-66.66666666666666,,1,,,,False,False,0,0,,,,1,0.0,,1,28.0,0.0,Unknown State,41.0,,1,0.4892736632602263,1,0.899357924619234,2,0.9701097652347652,0.0119785353535353,0.0179116994116994,0.9701097652347652
97506290c1674a4e,2024-04-30,KIRANDUL,Ongoing,General,Unknown Agency,,0,7025.78,10.0,0.66,7025.12,1000.0,,1,,,,False,False,0,0,,,,1,0.0,,3,21.0,0.0,Unknown State,122.0,,1,0.4567141195744489,0,0.2981847522252137,0,0.4481521256521256,0.4481521256521256,0.1179803391053391,0.4338675352425353
97adc9db94746152,2024-04-30,EPC MODE IN THE STATE OF UTTAR,Ongoing,General,Unknown Agency,,0,463.44,10.0,11.0,452.44,1000.0,,1,,,,False,False,0,0,,,,1,0.0,,2,0.0,0.0,Unknown State,29.0,,1,0.5115114218517833,0,0.4471566178179471,2,0.5154279429720606,0.4180553098861923,0.0665167471417471,0.5154279429720606
97feeec7b38b4b18,2024-04-30,(PACKAGE-II) OF NH-327E,Ongoing,General,PACKAGE-II,,0,1069.0,10.0,1.0,1068.0,1000.0,,1,,,,False,False,0,0,,,,1,0.0,,3,1.0,0.0,Unknown State,40.0,,1,0.5029582847332487,0,0.3413863606419837,2,0.5043818134479898,0.4108858633196869,0.0847323232323232,0.5043818134479898
982d78419d80a443,2024-04-30,.000 TO KM 31.000,Ongoing,General,Unknown Agency,,0,796.65,10.0,4.0,792.65,1000.0,,1,,,,False,False,0,0,,,,1,0.0,,2,7.0,0.0,Unknown State,31.0,,1,0.5137079531829671,0,0.4558951592559257,2,0.545319115524998,0.2776294440853265,0.1770514403896756,0.545319115524998
983a3df16d79d826,2024-04-30,DEMWE-BRAHMAKUND SECTION OF NH-13 FROM CH.0.00 KM TO,Ongoing,General,Unknown Agency,,0,234.27,10.0,3.0,231.27,1000.0,,1,,,,False,False,0,0,,,,1,0.0,,2,-1.0,0.0,Unknown State,72.0,,1,0.4690471104962636,1,0.6306261757879352,2,0.6861541375291376,0.2720596348096348,0.0417862276612276,0.6861541375291376
984e7d0e2d2ce2b2,2024-04-30,HIGHWAYS AUTHORITY OF INDIA),Ongoing,General,Unknown Agency,,0,0.38,-0.99744966442953,149.0,-148.62,-99.744966442953,,1,,,,False,False,1,0,,,,1,0.0,,1,-26.0,0.0,Unknown State,-23.0,,1,0.6102777484499706,1,0.8808263579042714,2,0.942242021867022,0.0362770562770562,0.0214809218559218,0.942242021867022
9858dfa1df5c56b5,2024-04-30,THE PROPOSED INSTALLATION AT HYDER,Ongoing,General,Unknown Agency,,0,405.0,10.0,3.0,402.0,1000.0,,1,,,,False,False,0,0,,,,1,0.0,,2,18.0,0.0,Unknown State,31.0,,1,0.4965483997935624,0,0.4852701262591757,2,0.5841140444522798,0.376268531305296,0.0396174242424242,0.5841140444522798
98be442fb24a970d,2024-04-30,4L PS MYDUKUR  BADVEL FROM KM 585.820 TO KM 630.960 SECTION OF NH 67,Ongoing,General,Unknown Agency,,0,2024.0,10.0,150.0,1874.0,1000.0,,1,,,,False,False,0,0,,,,1,0.0,,3,15.0,0.0,Unknown State,38.0,,1,0.5054218445036726,0,0.2820056468116033,0,0.430182387057387,0.430182387057387,0.2202478771228771,0.349569735819736
98cfe66e7b1e5af6,2024-04-30,TO 47 OF NH 351 MAHUVA TO BADHA,Ongoing,General,Unknown Agency,,0,438.24,10.0,3.0,435.24,1000.0,,1,,,,False,False,0,0,,,,1,0.0,,2,16.0,0.0,Unknown State,29.0,,1,0.504261087922457,0,0.4407405487571272,2,0.5205586774336775,0.4269022505272504,0.052539072039072,0.5205586774336775
98e27e1494d66990,2024-04-30,THANJAVUR SECTION OF NH-67 (NEW NH-83),Ongoing,General,Unknown Agency,,0,9.0,-0.9943360604153556,1589.0,-1580.0,-99.43360604153555,,1,,,,False,False,0,0,,,,1,0.0,,1,8.0,0.0,Unknown State,51.0,,1,0.5156538431264073,1,0.8877896472906133,2,0.9315596625596626,0.0145238095238095,0.0539165279165279,0.9315596625596626
98eb67f6757d6f62,2024-04-30,DAMODAR AT DURGAPURL,Ongoing,General,Unknown Agency,,0,160.0,7.888888888888889,18.0,142.0,788.8888888888889,,1,,,,False,False,0,0,,,,1,0.0,,2,8.0,0.0,Unknown State,34.0,,1,0.5103960184785472,1,0.6731291731810373,2,0.6922437048245872,0.2122320139011315,0.0955242812742812,0.6922437048245872
99070a1fd7ce10e3,2024-04-30,ADIPUR FOR PROVIDING DIRECT ENTRY TOWAR,Ongoing,General,Unknown Agency,,0,12.0,-0.5,24.0,-12.0,-50.0,,1,,,,False,False,0,0,,,,1,0.0,,1,9.0,0.0,Unknown State,1.0,,1,0.5377043126612281,1,0.8782923615123108,2,0.9575110306360304,0.0158228021978022,0.0266661671661671,0.9575110306360304
99099850f0851767,2024-04-30,EXISTING KM 80.200 OF NH-07) V,Ongoing,General,Unknown Agency,,0,1260.0,-0.3768545994065282,2022.0,-762.0,-37.68545994065282,,1,,,,False,False,0,0,,,,1,0.0,,3,1.0,0.0,Unknown State,0.0,,1,0.539648730768911,0,0.484514761288,2,0.411971725986432,0.2879171106671106,0.3001111633464575,0.411971725986432
99588900c12206da,2024-04-30,AKOLA TO AKOT,Ongoing,General,Unknown Agency,,0,12.0,-0.9867700076072456,907.03,-895.03,-98.67700076072455,,1,,,,False,False,0,0,,,,1,0.0,,1,-4.0,0.0,Unknown State,0.0,,1,0.5376681329389462,1,0.8777896472906133,2,0.9341803335553336,0.0146601731601731,0.0511594932844932,0.9341803335553336
99a2a62ad2b12d41,2024-04-30,AP BORDER,Ongoing,General,Unknown Agency,,0,2.0,1.0,1.0,1.0,100.0,,1,,,,False,False,0,0,,,,1,0.0,,1,13.0,0.0,Unknown State,105.0,,1,0.4705111774073534,1,0.8695964893283363,2,0.9512930957930956,0.0197874902874902,0.0289194139194139,0.9512930957930956
9a0065506f1afedb,2024-04-30,AKSHARDHAM NH 9 JUNCTION TO DELHI UP BOR,Ongoing,General,Unknown Agency,,0,2.0,1.0,1.0,1.0,100.0,,1,,,,False,False,0,0,,,,1,0.0,,1,8.0,0.0,Unknown State,62.0,,1,0.4919957785993724,1,0.8695964893283363,2,0.9108726412476412,0.058389763014763,0.0307375957375957,0.9108726412476412
9a103968f37ae516,2024-04-30,RADHANPUR),Ongoing,General,Unknown Agency,,0,1221.73,10.0,21.0,1200.73,1000.0,,1,,,,False,False,0,0,,,,1,0.0,,3,-1.0,0.0,Unknown State,20.0,,1,0.5295685072275235,0,0.2955124559708607,0,0.618305491006578,0.618305491006578,0.1186157127896258,0.2630787962037962
9a1e9f12366d8967,2024-04-30,DHARMANAGAR DEPOT,Ongoing,General,Unknown Agency,,0,1417.68,5.445757933981995,219.94,1197.74,544.5757933981995,,1,,,,False,False,0,0,,,,1,0.0,,3,17.0,0.0,Unknown State,33.0,,1,0.4984961387146274,0,0.3127115579700574,0,0.4263917887667887,0.4263917887667887,0.1674024309024309,0.4062057803307802
9aac04eac8db1998,2024-04-30,MERANGKONG-TAMLU-MON ROAD FROM EXISTING KM 60.345 TO,Ongoing,General,Unknown Agency,,0,274.31,10.0,3.0,271.31,1000.0,,0,,,,False,True,0,0,,,,1,0.0,,2,-1.0,0.0,Unknown State,72.0,,1,0.4676202229719582,1,0.5845837302360762,2,0.5457317037537627,0.3941024898304309,0.0601658064158064,0.5457317037537627
9afc53b36399ad08,2024-04-30,.500 TO KM. 453.000 (DESIGN KM 403.200 TO KM,Ongoing,General,Unknown Agency,,0,409.85,10.0,3.0,406.85,1000.0,,1,,,,False,False,0,0,,,,1,0.0,,2,-1.0,0.0,Unknown State,84.0,,1,0.4685140548348087,0,0.4742927745767782,2,0.6345882050955582,0.318502703995351,0.0469090909090909,0.6345882050955582
9b0509245de3eb66,2024-04-30,(3.5 MTY),Ongoing,General,Unknown Agency,,0,1875.32,10.0,10.0,1865.32,1000.0,,1,,,,False,False,0,0,,,,1,0.0,,3,11.0,0.0,Unknown State,113.0,,1,0.4698396071525705,0,0.2868577771511912,2,0.4213401737151738,0.4180221861471861,0.1606376401376401,0.4213401737151738
9b394ed05655fbdd,2024-04-30,(HOSAMANE CROSS TO PANDAVAPURA) SECT,Ongoing,General,HOSAMANE CROSS TO PANDAVAPURA,,0,322.81,10.0,3.0,319.81,1000.0,,1,,,,False,False,0,0,,,,1,0.0,,2,-11.0,0.0,Unknown State,62.0,,1,0.4801933116871111,1,0.5900373729229247,2,0.6553514973588502,0.3120222955149426,0.0326262071262071,0.6553514973588502
9b7b0b7eb4ce38ea,2024-04-30,"PHASE II,  CHENNAI",Ongoing,General,Unknown Agency,,0,255.69,10.0,11.0,244.69,1000.0,,1,,,,False,False,0,0,48.0,,,1,0.0,,2,20.0,91.0,CHENNAI -,97.0,,0,0.4112586789423523,1,0.6175190414113961,2,0.6741241136314667,0.1996367700926524,0.1262391162758809,0.6741241136314667
9b869a38f6818437,2024-04-30,(PKG- 2A),Ongoing,General,Unknown Agency,,0,2680.42,10.0,12.0,2668.42,1000.0,,1,,,,False,False,0,0,,,,1,0.0,,3,2.0,0.0,Unknown State,54.0,,1,0.5002168501846255,0,0.2826702565178148,0,0.5767244005994007,0.5767244005994007,0.159536616161616,0.2637389832389832
9b8c30fe9365dd3f,2024-04-30,"LARA SUPER THERMAL POWER PROJECT, STAGE-II (2X800 MW)",Ongoing,General,Unknown Agency,,0,860.0,10.0,6.0,854.0,1000.0,,1,,,,False,False,0,0,,,,1,0.0,,2,50.0,0.0,STAGE-II (2X800 MW) -,84.0,,0,0.4373040125113436,0,0.4578580304847577,2,0.4784522283272284,0.297344252969253,0.2242035187035187,0.4784522283272284
9b919c9234734ab6,2024-04-30,FROM CHETTIKULUM (KM 7.300) TO NATHAM (KM. 3,Ongoing,General,Unknown Agency,,0,466.55,10.0,1.0,465.55,1000.0,,1,,,,False,False,0,0,,,,1,0.0,,2,-3.0,0.0,Unknown State,60.0,,1,0.4915623182366428,0,0.4332271850576358,0,0.4366863830613831,0.4366863830613831,0.1459779387279387,0.4173356782106783
9b97b3d78ff2d0eb,2024-04-30,PROJECT,Ongoing,General,Unknown Agency,,0,27.0,3.5,6.0,21.0,350.0,,1,,,,False,False,0,0,,,,1,0.0,,1,40.0,0.0,Unknown State,26.0,,1,0.4915111266740279,1,0.8555698618991211,2,0.877049289161131,0.1048250864632443,0.0181256243756243,0.877049289161131
9baf794b7e1d3393,2024-04-30,BARAUNI- BACHWARA 3RD AND  4TH LINE,Ongoing,General,Unknown Agency,,0,223.0,10.0,12.0,211.0,1000.0,,1,,,,False,False,0,0,,,,1,0.0,,2,14.0,0.0,Unknown State,6.0,,1,0.5246815171471649,1,0.620536989575537,2,0.7784830422845129,0.1704475132710426,0.0510694444444444,0.7784830422845129
9bcea5a7995d0d70,2024-04-30,KM.52.770 TO 114.00,Ongoing,General,Unknown Agency,,0,159.12,10.0,3.0,156.12,1000.0,,1,,,,False,False,0,0,,,,1,0.0,,2,-1.0,0.0,Unknown State,108.0,,1,0.4664053543381524,1,0.674386574704878,2,0.717591110686699,0.240426714625244,0.041982174688057,0.717591110686699
9c8c9397d67c944d,2024-04-30,NH-57 INCLUDING LA IN THE STATE,Ongoing,General,Unknown Agency,,0,325.24,-0.838990099009901,2020.0,-1694.76,-83.8990099009901,,1,,,,False,False,0,0,,,,1,0.0,,2,7.0,0.0,Unknown State,0.0,,1,0.5357825930984551,1,0.7398697419219231,2,0.6598506020123668,0.1128320617291205,0.2273173362585127,0.6598506020123668
9c9992918e1dd28d,2024-04-30,TO GOLLAPUDI (DESIGN CH. 30+0,Ongoing,General,Unknown Agency,,0,10.0,1.5,4.0,6.0,150.0,,1,,,,False,False,0,0,,,,1,0.0,,1,5.0,0.0,Unknown State,35.0,,1,0.5243180201452061,1,0.859021221502267,2,0.884006332118174,0.0714143028024607,0.044579365079365,0.884006332118174
9ca56dd04924785f,2024-04-30,(17.2 KM),Ongoing,General,Unknown Agency,,0,57.0,4.7,10.0,47.0,470.0,,1,,,,False,False,0,0,,,,1,0.0,,1,26.0,0.0,Unknown State,45.0,,1,0.485487299321419,1,0.8499952210278242,2,0.9085936337054754,0.0484730496112075,0.0429333166833166,0.9085936337054754
9cd60a6238c2d86d,2024-04-30,TO ADHOYA,Ongoing,General,Unknown Agency,,0,6.0,-0.1428571428571428,7.0,-1.0,-14.285714285714285,,0,,,,False,False,0,0,,,,1,0.0,,1,49.0,0.0,Unknown State,65.0,,1,0.4571219576334555,1,0.8864093622542937,2,0.8108242696845634,0.1619893611290669,0.0271863691863691,0.8108242696845634
9cdda8e834af78fb,2024-04-30,"MANETHI, HARYANA.",Ongoing,General,Unknown Agency,,0,4.0,-0.2,5.0,-1.0,-20.0,,1,,,,False,False,0,0,,,,1,0.0,,1,23.0,0.0,HARYANA. -,58.0,,1,0.4756159250073187,1,0.924655961604339,2,0.9521253191253192,0.0285569985569985,0.0193176823176823,0.9521253191253192
9cfc3890333e38f4,2024-04-30,SECTION ARIFKES-FEROZEPUR-MUKTS,Ongoing,General,Unknown Agency,,0,206.54,10.0,8.0,198.54,1000.0,,1,,,,False,False,0,0,,,,1,0.0,,2,12.0,0.0,Unknown State,32.0,,1,0.5105774449078874,1,0.6390187221641018,2,0.7747272425287131,0.1698580749316043,0.0554146825396825,0.7747272425287131
9d06541bc593f2dd,2024-04-30,SCHEME XXVII,Ongoing,General,Unknown Agency,,0,4546.26,10.0,7.0,4539.26,1000.0,,1,,,,False,False,0,0,,,,1,0.0,,3,5.0,0.0,Unknown State,26.0,,1,0.5220511669605533,0,0.3069230846866684,0,0.4396492622874202,0.4396492622874202,0.198200407220918,0.3621503304916618
9d0987b9cd4cfd10,2024-04-30,OF KOTA CITY FROM DESIGN CHAINAG,Ongoing,General,Unknown Agency,,0,300.33,-0.8514688427299704,2022.0,-1721.67,-85.14688427299704,,1,,,,False,False,0,0,,,,1,0.0,,2,12.0,0.0,Unknown State,0.0,,1,0.5354061399044663,1,0.725778832831014,2,0.655669422081187,0.1305557824528413,0.2137747954659719,0.655669422081187
9d20b8b378ed55a9,2024-04-30,AT BEGUSARAI TOWN SECTION OF NH-3,Ongoing,General,Unknown Agency,,0,12.0,-0.9903503622634834,1243.57,-1231.57,-99.03503622634834,,1,,,,False,False,0,0,,,,1,0.0,,1,8.0,0.0,Unknown State,12.0,,1,0.539595766642866,1,0.8877896472906133,2,0.9201310911310912,0.0199523809523809,0.0599165279165279,0.9201310911310912
9d36b9202b24c8c9,2024-04-30,THE APPROVED ALIGNMENT BETWEEN H,Ongoing,General,Unknown Agency,,0,225.06,10.0,0.85,224.21,1000.0,,1,,,,False,False,0,0,,,,1,0.0,,2,1.0,0.0,Unknown State,96.0,,1,0.4670364440030938,1,0.6164357830597389,2,0.6508617354867354,0.2895162060162061,0.0596220584970585,0.6508617354867354
9da6179f0ae6be94,2024-04-30,KHAVDA 1200MW (4X300MW) IN KHAVDA RE PARK,Ongoing,General,Unknown Agency,,0,7179.54,10.0,9.0,7170.54,1000.0,,1,,,,False,False,0,0,,,,1,0.0,,3,8.0,0.0,Unknown State,27.0,,1,0.5194256465918689,0,0.2954586877129256,2,0.4058827642945291,0.4028796636370165,0.1912375720684544,0.4058827642945291
9dabe774dbece059,2024-04-30,KM 44/042 IN THE STATE,Ongoing,General,Unknown Agency,,0,6.0,0.0,6.0,0.0,0.0,,0,,,,False,False,0,0,,,,1,0.0,,1,2.0,0.0,Unknown State,0.0,,1,0.5379194819012383,1,0.8788207057005711,2,0.7479131979131978,0.1748792041292041,0.0772075979575979,0.7479131979131978
9ddeb897002085bf,2024-04-30,IMPROV,Ongoing,General,Unknown Agency,,0,185.54,10.0,2.0,183.54,1000.0,,1,,,,False,False,0,0,,,,1,0.0,,2,1.0,0.0,Unknown State,44.0,,1,0.5080362227903692,1,0.6690978141231938,2,0.6658888448153156,0.2895283588960059,0.0445827962886786,0.6658888448153156
9ded56a757c07f47,2024-04-30,FROM MADURAI (KM 0/000) TO CHETTICULAM (7/300),Ongoing,General,Unknown Agency,,0,2024.0,10.0,150.0,1874.0,1000.0,,1,,,,False,False,0,0,,,,1,0.0,,3,-12.0,0.0,Unknown State,61.0,,1,0.4885888240987579,0,0.2820056468116033,0,0.534115897990898,0.534115897990898,0.2066286630036629,0.259255439005439
9e04e7464ec36284,2024-04-30,PEREN-DIMAPUR  PKG-5,Ongoing,General,Unknown Agency,,0,2.0,1.0,1.0,1.0,100.0,,0,,,,False,True,0,0,,,,1,0.0,,1,-13.0,0.0,Unknown State,36.0,,1,0.5212831020019798,1,0.8293823216138562,2,0.8009491023682197,0.1737805429864253,0.0252703546453546,0.8009491023682197
9e202220cde809e3,2024-04-30,ITEM RATE(SOUTH EAST CENTRAL RAILWAY),Ongoing,General,SOUTH EAST CENTRAL RAILWAY,,0,3.0,-0.9862404256295004,218.03,-215.03,-98.62404256295004,,1,,,,False,False,0,0,,,,1,0.0,,1,-1.0,0.0,Unknown State,0.0,,1,0.528112564373076,1,0.8615568249945197,2,0.8813156614627202,0.0773165119194531,0.0413678266178266,0.8813156614627202
9edbe90e56df20ca,2024-04-30,(DESIGN KM. 170+415) TO KM. 217+0,Ongoing,General,Unknown Agency,,0,714.0,-0.6467095497278575,2021.0,-1307.0,-64.67095497278575,,1,,,,False,False,0,0,,,,1,0.0,,2,11.0,0.0,Unknown State,6.0,,1,0.5364374270794416,1,0.5895661140281238,2,0.5249555705732177,0.1187812236782825,0.3562632057484998,0.5249555705732177
9ef00eeabdf54f79,2024-04-30,EXPANSION PROJECT  AMRAPALI OCP,Ongoing,General,Unknown Agency,,0,908.47,10.0,1.0,907.47,1000.0,,1,,,,False,False,0,0,,,,1,0.0,,2,47.0,0.0,Unknown State,74.0,,0,0.4400100161368588,0,0.4377027280366238,2,0.5894075507825508,0.3621103757353758,0.0484820734820734,0.5894075507825508
9f045e7f5e3f4feb,2024-04-30,NEW BG LINE FROM JAGBANI TO BIRATNAGAR,Ongoing,General,Unknown Agency,,0,2030.5,10.0,4.0,2026.5,1000.0,,1,,,,False,False,0,0,,,,1,0.0,,3,-13.0,0.0,Unknown State,155.0,,1,0.4658410445693041,0,0.2872797391587702,0,0.5206510254880997,0.5206510254880997,0.2142651441695559,0.2650838303423443
9f337f5f8aa1fe4c,2024-04-30,CHURACHANPUR TUIVAI PKG-3,Ongoing,General,Unknown Agency,,0,354.79,10.0,9.0,345.79,1000.0,,1,,,,False,False,0,0,,,,1,0.0,,2,2.0,0.0,Unknown State,18.0,,1,0.5232806208913764,1,0.514123153231345,2,0.6642756287829819,0.2794341753018224,0.0562901959151959,0.6642756287829819
9f617acd1a3e26b6,2024-04-30,(NHPC) II,Ongoing,General,NHPC,,0,3.0,-0.9892086330935252,278.0,-275.0,-98.92086330935253,,1,,,,False,False,0,0,,,,1,0.0,,1,8.0,0.0,Unknown State,69.0,,1,0.4726516757545645,1,0.8673841383760126,2,0.9085787268287268,0.0462031579531579,0.0452181152181152,0.9085787268287268
9f7accbbd1973fca,2024-04-30,TYPE V-68     TYPE-VI-5 SHOPS COMMUNI,Ongoing,General,Unknown Agency,,0,185.27,10.0,3.0,182.27,1000.0,,1,,,,False,False,0,0,,,,1,0.0,,2,-2.0,0.0,Unknown State,11.0,,1,0.5246888873076714,1,0.6621704961514011,2,0.7073629540394245,0.2587209163385633,0.0339161296220119,0.7073629540394245
9f7b405e71de511c,2024-04-30,"B, PKG-II",Ongoing,General,Unknown Agency,,0,640.0,10.0,0.63,639.37,1000.0,,1,,,,False,False,0,0,,,,1,0.0,,2,3.0,0.0,PKG-II -,57.0,,1,0.4966897547480873,0,0.478465101627561,2,0.5213790376290376,0.2452449078699078,0.2333760545010545,0.5213790376290376
9faa5c8d65283f75,2024-04-30,JEYPORE MALKANGIRI NEW LINE,Ongoing,General,Unknown Agency,,0,8.0,-0.6,20.0,-12.0,-60.0,,1,,,,False,False,0,0,,,,1,0.0,,1,111.0,0.0,Unknown State,167.0,,0,0.4341020925529618,1,0.8805016638378923,2,0.8080582195582195,0.1645122655122655,0.0274295149295149,0.8080582195582195
9fac1e6a219bf462,2024-04-30,.700 (EXISTING KM 156.00,Ongoing,General,Unknown Agency,,0,2.0,1.0,1.0,1.0,100.0,,0,,,,False,True,0,0,,,,1,0.0,,1,17.0,0.0,Unknown State,114.0,,1,0.4602691051723689,1,0.8293823216138562,2,0.821347191207485,0.1567772260419319,0.0218755827505827,0.821347191207485
9fdf5404adda1e90,2024-04-30,CORRIDOR-PHASE I,Ongoing,General,Unknown Agency,,0,915.98,10.0,4.0,911.98,1000.0,,0,,,,False,False,0,0,,,,1,0.0,,2,2.0,0.0,Unknown State,134.0,,1,0.464376436653019,0,0.4357490620647799,0,0.4853330419580419,0.4853330419580419,0.0923101481851481,0.4223568098568099
9ff9f0698b80dce9,2024-04-30,POTTANGI BAUXITE MINES,Ongoing,General,Unknown Agency,,0,255.37,10.0,4.0,251.37,1000.0,,1,,,,False,False,0,0,,,,1,0.0,,2,13.0,0.0,Unknown State,73.0,,1,0.4705221040251006,1,0.6315779199653224,2,0.6654560284486757,0.2940098806422335,0.0405340909090909,0.6654560284486757
a035e11ad026770f,2024-04-30,BANGALORE/TN BORDER TO HOSKOTE,Ongoing,General,Unknown Agency,,0,66.0,10.0,0.517,65.483,1000.0,,1,,,,False,False,0,0,,,,1,0.0,,1,10.0,0.0,Unknown State,44.0,,1,0.5194954398211541,1,0.8301423865723697,2,0.8563131688572865,0.1062651139709963,0.0374217171717171,0.8563131688572865
a06d6a14dcbc4bfd,2024-04-30,RIVER TO SINDOOR RIVER FROM KM.,Ongoing,General,Unknown Agency,,0,815.77,10.0,7.0,808.77,1000.0,,1,,,,False,False,0,0,,,,1,0.0,,2,3.0,0.0,Unknown State,6.0,,1,0.527470581165527,0,0.4553843367451033,2,0.4572687414924258,0.4416413535295114,0.1010899049780628,0.4572687414924258
a0bbbd195ae3ae68,2024-04-30,PB#57/2019-20/NR),Ongoing,General,Unknown Agency,,0,39.1,-0.2333333333333332,51.0,-11.9,-23.33333333333333,,1,,,,False,False,0,0,,,,1,0.0,,1,23.0,0.0,Unknown State,95.0,,0,0.4455215100212778,1,0.8659091127692906,2,0.897568251193251,0.0529656593406593,0.0494660894660894,0.897568251193251
a0cb6071604e1d3b,2024-04-30,THANAGAZI OF NH-248A ON EPC MODE IN THE STAT,Ongoing,General,Unknown Agency,,0,297.24,10.0,3.0,294.24,1000.0,,1,,,,False,False,0,0,,,,1,0.0,,2,3.0,0.0,Unknown State,40.0,,1,0.5102068137730633,1,0.584624559695953,2,0.596950957539193,0.3619285795903443,0.0411204628704628,0.596950957539193
a0d8f5c7cd4cbcd6,2024-04-30,BYPASS],Ongoing,General,Unknown Agency,,0,7.0,-0.9954809554551324,1549.0,-1542.0,-99.54809554551323,,1,,,,False,False,0,0,,,,1,0.0,,1,8.0,0.0,Unknown State,89.0,,1,0.4781507088874555,1,0.8828191499810818,2,0.92883238983239,0.0172510822510822,0.0539165279165279,0.92883238983239
a0db527f70213d49,2024-04-30,HOL,Ongoing,General,Unknown Agency,,0,361.0,0.663594470046083,217.0,144.0,66.3594470046083,,1,,,,False,False,0,0,,,,1,0.0,,2,0.0,0.0,Unknown State,29.0,,1,0.5104338034582601,1,0.5674426423560348,2,0.6862548113651051,0.2366483132880191,0.0770968753468753,0.6862548113651051
a0e3e26526c0276a,2024-04-30,VILL-KHYAWARI FROM KM. 56.500  TO K,Ongoing,General,Unknown Agency,,0,1335.45,10.0,3.0,1332.45,1000.0,,1,,,,False,False,0,0,,,,1,0.0,,3,4.0,0.0,Unknown State,29.0,,1,0.5166091670848177,0,0.3026548745756032,2,0.5260746320672791,0.3636573826500297,0.1102679852826911,0.5260746320672791
a0e49e09f9190e10,2024-04-30,PARBATI HEP (4X200 MW)  (NHPC) II,Ongoing,General,Unknown Agency,,0,4287.59,10.0,3.0,4284.59,1000.0,,1,,,,False,False,0,0,,,,1,0.0,,3,8.0,0.0,Unknown State,69.0,,1,0.4824502421446289,0,0.2954230846866683,0,0.4523557706912969,0.4523557706912969,0.1816649045399045,0.3659793247687986
a0ead31fa5637efa,2024-04-30,GHAGHRA SECTION) OF NH-143A INCLU,Ongoing,General,Unknown Agency,,0,157.72,-0.9219594260267197,2021.0,-1863.28,-92.19594260267196,,1,,,,False,False,0,0,,,,1,0.0,,2,2.0,0.0,Unknown State,0.0,,1,0.5329168523994878,1,0.7891448128059777,2,0.7617090442237502,0.0849570707070707,0.1533338850691792,0.7617090442237502
a1014ff10d850111,2024-04-30,TULUNGIA SECTION,Ongoing,General,Unknown Agency,,0,290.05,0.0,290.05,0.0,0.0,,1,,,,False,False,0,0,,,,1,0.0,,2,1.0,0.0,Unknown State,43.0,,1,0.5052667972268082,1,0.5982847288955947,2,0.7534394804541863,0.1707086132821426,0.0758519062636709,0.7534394804541863
a137175e794753e5,2024-04-30,OPTIC EXPANSION PROJECT (ADDITIO,Ongoing,General,Unknown Agency,,0,713.82,10.0,6.0,707.82,1000.0,,1,,,,False,False,0,0,,,,1,0.0,,2,2.0,0.0,Unknown State,36.0,,1,0.5087318371448878,0,0.4518189687797352,0,0.5239284188034188,0.5239284188034188,0.0980330641580641,0.3780385170385171
a1702ea1ccd97860,2024-04-30,TO KM 208 OF NH-52,Ongoing,General,Unknown Agency,,0,2.0,1.0,1.0,1.0,100.0,,1,,,,False,False,0,0,,,,1,0.0,,1,1.0,0.0,Unknown State,400.0,,1,0.4628589970186563,1,0.8695964893283363,2,0.8854161859382446,0.0926002975782387,0.0219835164835164,0.8854161859382446
a1cb0651d6dd984c,2024-04-30,"NH-210, INCLUDING TRICHY BYPASS",Ongoing,General,Unknown Agency,,0,2.0,0.0,2.0,0.0,0.0,,1,,,,False,False,0,0,,,,1,0.0,,1,-6.0,0.0,INCLUDING TRICHY BYPASS -,56.0,,1,0.5038803933304379,1,0.9059810009173616,2,0.9216175074925076,0.0573493589743589,0.0210331335331335,0.9216175074925076
a1d32bc92fbd952b,2024-04-30,EXPANSION PR OF JHANJRA UG (5.00 MTY),Ongoing,General,Unknown Agency,,0,888.99,10.0,11.0,877.99,1000.0,,1,,,,False,False,0,0,,,,1,0.0,,2,59.0,0.0,Unknown State,100.0,,0,0.4379018869019072,0,0.4318443001600179,0,0.4970407116682692,0.4970407116682692,0.0646888618627749,0.4382704264689558
a25ec6b664705acd,2024-04-30,DULTE- KWALKULH - CHAMPAI PKG.3,Ongoing,General,Unknown Agency,,0,40.0,0.5325670498084291,26.1,13.9,53.256704980842905,,1,,,,False,False,0,0,,,,1,0.0,,1,-3.0,0.0,Unknown State,46.0,,1,0.5154915251756951,1,0.8595022557039979,2,0.8807125007345595,0.0772078011857423,0.042079698079698,0.8807125007345595
a2a23d7e4156617b,2024-04-30,(TUNNEL WORK),Ongoing,General,TUNNEL WORK,,0,3.0,0.5,2.0,1.0,50.0,,1,,,,False,False,0,0,,,,1,0.0,,1,11.0,0.0,Unknown State,48.0,,1,0.5138172391432605,1,0.8648716897413703,2,0.9670207708957708,0.0203931485181485,0.0125860805860805,0.9670207708957708
a2ace447f001b45c,2024-04-30,CROSS SECTION,Ongoing,General,Unknown Agency,,0,609.03,10.0,9.03,600.0,1000.0,,0,,,,False,False,0,0,,,,1,0.0,,2,2.0,0.0,Unknown State,36.0,,1,0.5078637800644507,0,0.4307501791547636,0,0.4666902476178792,0.4666902476178792,0.0983525611815085,0.4349571912006124
a2e0af82fad4d123,2024-04-30,ITARSI-NAGPUR (BAL.) - 3RD LINE (267 KM),Ongoing,General,BAL.,,0,736.44,10.0,2.0,734.44,1000.0,,1,,,,False,False,0,0,,,,1,0.0,,2,35.0,0.0,Unknown State,337.0,,0,0.4220276808432528,0,0.4746565054975007,2,0.6391904541536895,0.3121975981534806,0.04861194769283,0.6391904541536895
a2e24ce7df00eedf,2024-04-30,HOSPET-HUBLI-LONDA-VASCODAGAMA DL,Ongoing,General,Unknown Agency,,0,3951.98,10.0,4.0,3947.98,1000.0,,1,,,,False,False,0,0,,,,1,0.0,,3,32.0,0.0,Unknown State,200.0,,0,0.4473552286146076,0,0.286363223741071,0,0.5367041306646567,0.5367041306646567,0.1058014069264069,0.3574944624089362
a2e2cfdf4a74074c,2024-04-30,TAMENGLONG - MAHUR PKG-5,Ongoing,General,Unknown Agency,,0,7.0,6.0,1.0,6.0,600.0,,1,,,,False,False,0,0,,,,1,0.0,,1,3.0,0.0,Unknown State,18.0,,1,0.5397187583948004,1,0.8330595066877576,2,0.8330217658158833,0.1023399557958381,0.0646382783882783,0.8330217658158833
a2f54aa2c8a4060e,2024-04-30,INDAPUR TO VADPALE,Ongoing,General,Unknown Agency,,0,189.46,10.0,3.0,186.46,1000.0,,1,,,,False,False,0,0,,,,1,0.0,,2,-1.0,0.0,Unknown State,72.0,,1,0.4690471104962636,1,0.6570672183300025,2,0.6506140362905071,0.3134698340874811,0.0359161296220119,0.6506140362905071
a32ade293a65c41f,2024-04-30,CARRIAGEWAY FROM KM 8,Ongoing,General,Unknown Agency,,0,17.04,-0.8127472527472528,91.0,-73.96000000000001,-81.27472527472528,,1,,,,False,False,0,0,,,,1,0.0,,1,1.0,0.0,Unknown State,74.0,,1,0.4667008081760352,1,0.8867898856200371,2,0.9220236568986568,0.0266978021978021,0.0512785409035409,0.9220236568986568
a3465410bae6a749,2024-04-30,RAJKOT-KANALUS (111.20 KM),Ongoing,General,Unknown Agency,,0,2.0,-0.9948586118251928,389.0,-387.0,-99.48586118251929,,1,,,,False,False,0,0,,,,1,0.0,,1,11.0,0.0,Unknown State,25.0,,1,0.5233268996663132,1,0.8976080435758587,2,0.9199049006549008,0.0353333333333333,0.044761766011766,0.9199049006549008
a36e443387d09762,2024-04-30,"DAUSA-GANGAPUR CITY(NL),NWR",Ongoing,General,Indian Railways (NL),,0,950.0,10.0,7.0,943.0,1000.0,,1,,,,False,False,0,0,,,,1,0.0,,2,-1.0,0.0,NWR -,44.0,,1,0.4973620703397664,0,0.4804129523010346,2,0.5261090747487808,0.2957146521778874,0.1781762730733319,0.5261090747487808
a381128ce28c9a13,2024-04-30,NALLAH (NORTH BOUND CONNECTING WITH EX,Ongoing,General,Unknown Agency,,0,1302.72,10.0,11.0,1291.72,1000.0,,1,,,,False,False,0,0,,,,1,0.0,,3,2.0,0.0,Unknown State,31.0,,1,0.5097941065712384,0,0.2937686094961007,0,0.6259369854002206,0.6259369854002206,0.0984126429126429,0.2756503716871364
a3dbfddb00a942ff,2024-04-30,CONFIGURATION STARTING FROM KM 19.,Ongoing,General,Unknown Agency,,0,114.0,10.0,5.0,109.0,1000.0,,1,,,,False,False,0,0,,,,1,0.0,,1,1.0,0.0,Unknown State,0.0,,1,0.5310194163080045,1,0.8092818093958821,2,0.8694499626190801,0.0972275265584089,0.0333225108225108,0.8694499626190801
a3f8ddf1bdace837,2024-04-30,MIYAGAM-KARJAN-DABHOI-SAMLAYA (GC),Ongoing,General,Indian Railways (GC),,0,261.68,10.0,9.0,252.68,1000.0,,1,,,,False,False,0,0,,,,1,0.0,,2,18.0,0.0,Unknown State,157.0,,0,0.4402247366709954,1,0.6547798655617214,2,0.7123253037811863,0.2624246962188138,0.0252499999999999,0.7123253037811863
a3f96271a745257d,2024-04-30,(SAINT TUKARAM MARG),Ongoing,General,SAINT TUKARAM MARG,,0,6.0,-0.3333333333333332,9.0,-3.0,-33.33333333333333,,1,,,,False,False,0,0,,,,1,0.0,,1,2.0,0.0,Unknown State,9.0,,1,0.5316648720457887,1,0.8913426505203291,2,0.9098575591075592,0.0725766733266733,0.0175657675657675,0.9098575591075592
a4594074d3782cee,2024-04-30,SWRO II WITH LLPH FACILITIES,Ongoing,General,Unknown Agency,,0,102.0,8.272727272727273,11.0,91.0,827.2727272727274,,1,,,,False,False,0,0,,,,1,0.0,,1,2.0,0.0,Unknown State,44.0,,1,0.5131259505088791,1,0.8276214536546337,2,0.8639409438600612,0.0848794024602847,0.0511796536796536,0.8639409438600612
a4a503c9173cba4f,2024-04-30,IMPHAL - KHONGSANG PKG-5,Ongoing,General,Unknown Agency,,0,43.454,0.3579375,32.0,11.454,35.79375,,1,,,,False,False,0,0,,,,1,0.0,,1,10.0,0.0,Unknown State,54.0,,1,0.5034259677376937,1,0.8607287177309833,2,0.8676138028638029,0.0662208902208902,0.0661653069153069,0.8676138028638029
a4af71c0727f7d74,2024-04-30,UTTAR PRADESH,Ongoing,General,Unknown Agency,,0,333.75,10.0,0.12,333.63,1000.0,,1,,,,False,False,0,0,,,,1,0.0,,2,0.0,0.0,Unknown State,25.0,,1,0.5145705767237949,1,0.5460122620776968,2,0.5878528195660548,0.3353289153656801,0.076818265068265,0.5878528195660548
a50407de003182b3,2024-04-30,EEPPURPALEM SECTION FROM KM 128/927 TO KM 195/000 OF NH,Ongoing,General,Unknown Agency,,0,2024.0,10.0,150.0,1874.0,1000.0,,1,,,,False,False,0,0,,,,1,0.0,,3,-14.0,0.0,Unknown State,73.0,,1,0.4698892807139373,0,0.2820056468116033,0,0.5150560689310688,0.5150560689310688,0.2042355006105005,0.2807084304584304
a531f3ce192d7eb2,2024-04-30,(CHACHENDI SACHENDI I TO MAHARAJPU,Ongoing,General,Unknown Agency,,0,1207.4,10.0,3.0,1204.4,1000.0,,1,,,,False,False,0,0,,,,1,0.0,,3,26.0,0.0,Unknown State,39.0,,1,0.4823421013406576,0,0.2993215412422698,2,0.5864861666111667,0.3455530164280164,0.0679608169608169,0.5864861666111667
a540a872c9a3a969,2024-04-30,SENAPATI- IMPHAL PKG-5B,Ongoing,General,Unknown Agency,,0,262.84,10.0,9.0,253.84,1000.0,,1,,,,False,False,0,0,,,,1,0.0,,2,9.0,0.0,Unknown State,52.0,,1,0.5013522620332285,1,0.6389588723462747,2,0.6404644244644246,0.3061489205239205,0.053386655011655,0.6404644244644246
a5440da3c89e8747,2024-04-30,AMDI TO SAONER,Ongoing,General,Unknown Agency,,0,12.0,-0.3684210526315789,19.0,-7.0,-36.84210526315789,,1,,,,False,False,0,0,,,,1,0.0,,1,-4.0,0.0,Unknown State,0.0,,1,0.5368162189407485,1,0.8795492269583671,2,0.886488344988345,0.0798817848817848,0.0336298701298701,0.886488344988345
a57671751939e778,2024-04-30,HIGHWAY FROM DELHI UP BORDER TO EPE JUNCTION CH.14.75,Ongoing,General,Unknown Agency,,0,247.02,10.0,3.0,244.02,1000.0,,1,,,,False,False,0,0,,,,1,0.0,,2,-5.0,0.0,Unknown State,80.0,,1,0.4681293882990454,1,0.6382928424546019,2,0.6963769702519703,0.2612812465312465,0.0423417832167832,0.6963769702519703
a57e8aab15f1adcb,2024-04-30,LIMITED 1980 MW,Ongoing,General,Unknown Agency,,0,6.0,-0.6,15.0,-9.0,-60.0,,1,,,,False,False,0,0,,,,1,0.0,,1,2.0,0.0,Unknown State,120.0,,1,0.4664515498908302,1,0.8921162106067194,2,0.9138814518814518,0.0575357142857142,0.0285828338328338,0.9138814518814518
a585ab9743f2624d,2024-04-30,NH 65 NAGAUR ROAD)  SECTIO,Ongoing,General,Unknown Agency,,0,65.0,0.0788381742738589,60.25,4.75,7.883817427385892,,1,,,,False,False,0,0,,,,1,0.0,,1,1.0,0.0,Unknown State,86.0,,1,0.466345923941811,1,0.8365012118861971,2,0.8131955266955267,0.144550505050505,0.0422539682539682,0.8131955266955267
a5863adfcc81dfbc,2024-04-30,V(PKG VI)REG.,Ongoing,General,PKG VI,,0,12.0,-0.5,24.0,-12.0,-50.0,,1,,,,False,False,0,0,,,,1,0.0,,1,5.0,0.0,Unknown State,18.0,,1,0.5341176344070692,1,0.8737783898082823,2,0.9267569513819512,0.0392435481185481,0.0339995004995005,0.9267569513819512
a63ef2b42bc93093,2024-04-30,KM. OF NH 119 D (PKG-I),Ongoing,General,NHAI (Contract),,0,1259.0,10.0,1.0,1258.0,1000.0,,1,,,,False,False,0,0,,,,1,0.0,,3,11.0,0.0,Unknown State,12.0,,1,0.5214859651430498,0,0.3517434702837201,2,0.4746111119272884,0.3945068811907047,0.1308820068820069,0.4746111119272884
a669dede0aacc217,2024-04-30,SRIPERUMBUDUR SECT,Ongoing,General,Unknown Agency,,0,11.0,-0.9462102689486552,204.5,-193.5,-94.62102689486552,,1,,,,False,False,0,0,,,,1,0.0,,1,8.0,0.0,Unknown State,49.0,,1,0.5195830443820502,1,0.8897644894093388,2,0.91091008991009,0.0242864774114774,0.0648034326784326,0.91091008991009
a6b929c8ae21b7a3,2024-04-30,FROM RANIPOOL TO BURTUK (L=23.316KM),Ongoing,General,Unknown Agency,,0,240.99,10.0,2.0,238.99,1000.0,,1,,,,False,False,0,0,,,,1,0.0,,2,1.0,0.0,Unknown State,39.0,,1,0.5080362227903692,1,0.6360080392142735,2,0.6783816322566324,0.2711654734154734,0.0504528943278943,0.6783816322566324
a6d8dd688b22d467,2024-04-30,OF 4.5 GW RE INJECTION AT KHAVDA,Ongoing,General,Unknown Agency,,0,260.3,10.0,3.0,257.3,1000.0,,1,,,,False,False,0,0,,,,1,0.0,,2,11.0,0.0,Unknown State,24.0,,1,0.5196111830559231,1,0.6323727917601941,2,0.6174393229319701,0.3331304822628352,0.0494301948051948,0.6174393229319701
a6ebe2f87e8c9e41,2024-04-30,TERMINAL,Ongoing,General,Unknown Agency,,0,12.0,-0.8143277115890453,64.63,-52.63,-81.43277115890453,,1,,,,False,False,1,0,,,,1,0.0,,1,2.0,0.0,Unknown State,-66.0,,1,0.6127205091845721,1,0.875552618321126,2,0.9578762210012208,0.0014285714285714,0.0406952075702075,0.9578762210012208
a70b8c740d831774,2024-04-30,KM.0.00 TO 52.770 UNDER GNHCP,Ongoing,General,Unknown Agency,,0,157.32,10.0,2.0,155.32,1000.0,,1,,,,False,False,0,0,,,,1,0.0,,2,7.0,0.0,Unknown State,93.0,,1,0.471557659425447,1,0.6813138926766708,2,0.7444078103269282,0.1942912406221229,0.061300949050949,0.7444078103269282
a7445ec1624badae,2024-04-30,- MOREH SECTION OF NH-39 FROM KM 330 TO KM 350,Ongoing,General,Unknown Agency,,0,207.33,10.0,2.0,205.33,1000.0,,1,,,,False,False,0,0,,,,1,0.0,,2,-11.0,0.0,Unknown State,27.0,,1,0.5142357538209966,1,0.635199936606064,2,0.6314262379777085,0.3109417233093703,0.057632038712921,0.6314262379777085
a75bebb7206614b6,2024-04-30,KM 421.100 TO KM 445.100 (PKG-3),Ongoing,General,Unknown Agency,,0,2.0,-0.6666666666666665,6.0,-4.0,-66.66666666666666,,1,,,,False,False,0,0,,,,1,0.0,,1,-2.0,0.0,Unknown State,24.0,,1,0.5299535222249646,1,0.9008879083113576,2,0.964384240759241,0.0183543123543123,0.0172614468864468,0.964384240759241
a76c801d6a5ce8a6,2024-04-30,".26 (BIHAR MORE, BAGDO",Ongoing,General,Unknown Agency,,0,331.0,10.0,7.39,323.61,1000.0,,1,,,,False,False,0,0,,,,1,0.0,,2,1.0,0.0,BAGDO -,75.0,,1,0.46563512202315,1,0.5726415395947433,2,0.7494100678733031,0.1342074396192043,0.1163824925074925,0.7494100678733031
a76e5d3ca14934dd,2024-04-30,.200 OF NH-234  BANAVARA-HULIYAR,Ongoing,General,Unknown Agency,,0,345.89,10.0,2.0,343.89,1000.0,,1,,,,False,False,0,0,,,,1,0.0,,2,-24.0,0.0,Unknown State,14.0,,1,0.5233915918688612,1,0.5446631748886325,2,0.60587073543072,0.3435317509717665,0.0505975135975136,0.60587073543072
a7aa2ad35ca87112,2024-04-30,BYPASS) IN JHARKHAND TO KM 15,Ongoing,General,Unknown Agency,,0,1470.93,-0.2728966880869994,2023.0,-552.0699999999999,-27.289668808699947,,1,,,,False,False,0,0,,,,1,0.0,,3,12.0,0.0,Unknown State,1.0,,1,0.5436838308173325,0,0.469446334155614,2,0.5339576289723349,0.2850289849039848,0.1810133861236802,0.5339576289723349
a7adba6ed7de9cfd,2024-04-30,KM. 372+000 TO KM 388+400 OF NH 16,Ongoing,General,Unknown Agency,,0,535.03,10.0,3.0,532.03,1000.0,,1,,,,False,False,0,0,,,,1,0.0,,2,12.0,0.0,Unknown State,37.0,,1,0.5098303605790745,0,0.4416725089847817,2,0.6707461762094116,0.2439047104855928,0.0853491133049956,0.6707461762094116
a7e22b9d1bac3123,2024-04-30,.60 (PKG-6),Ongoing,General,Unknown Agency,,0,278.95,10.0,3.0,275.95,1000.0,,1,,,,False,False,0,0,,,,1,0.0,,2,-9.0,0.0,Unknown State,40.0,,1,0.5075031671289145,1,0.6043336849629093,2,0.5621802919302922,0.3941361138861137,0.0436835941835941,0.5621802919302922
a89e6ec910ac85f1,2024-04-30,FLYOVER AT KALLADKA TOWN,Ongoing,General,Unknown Agency,,0,72.0,10.0,5.0,67.0,1000.0,,1,,,,False,False,0,0,,,,1,0.0,,1,11.0,0.0,Unknown State,51.0,,1,0.5112857015376469,1,0.8258569894682837,2,0.9012539266289266,0.0648521339771339,0.0338939393939393,0.9012539266289266
a8c214fdb11c765d,2024-04-30,BHOGAN KHURD TO KASHEDI,Ongoing,General,Unknown Agency,,0,184.0,10.0,12.0,172.0,1000.0,,1,,,,False,False,0,0,,,,1,0.0,,2,-4.0,0.0,Unknown State,0.0,,1,0.5234059353879381,1,0.6482775660780267,2,0.6706345574360281,0.2865207415133886,0.0428447010505834,0.6706345574360281
a8c6d4984ff89cde,2024-04-30,PANGAON TO DHARMAPURI AND PARALI TO INJEGAON 2L+PS,Ongoing,General,Unknown Agency,,0,228.01,10.0,11.0,217.01,1000.0,,1,,,,False,False,0,0,,,,1,0.0,,2,-4.0,0.0,Unknown State,25.0,,1,0.5149851464308826,1,0.6151032092396167,2,0.7098409319438731,0.2391338114499879,0.0510252566061389,0.7098409319438731
a8d27534f75e0499,2024-04-30,FROM KM. 162.5 TO KM. 203.100,Ongoing,General,Unknown Agency,,0,2.0,-0.9990253411306044,2052.0,-2050.0,-99.90253411306044,,1,,,,False,False,0,0,,,,1,0.0,,1,13.0,0.0,Unknown State,39.0,,1,0.5209433474213995,1,0.8441950486656975,2,0.8810124352771413,0.0286911976911976,0.0902963670316611,0.8810124352771413
a92d0edb4a4a3001,2024-04-30,ODISHA,Ongoing,General,Unknown Agency,,0,11.0,-0.8952181367879597,104.98,-93.98,-89.52181367879597,,1,,,,False,False,0,0,,,,1,0.0,,1,2.0,0.0,Unknown State,43.0,,1,0.518610377457334,1,0.8821543739996054,2,0.9342048229548228,0.0291991758241758,0.0365960012210012,0.9342048229548228
a93ff28e97c3917f,2024-04-30,MODE,Ongoing,General,Unknown Agency,,0,1422.5,0.2092283890272619,1176.37,246.1300000000001,20.92283890272619,,1,,,,False,False,0,0,,,,1,0.0,,3,2.0,0.0,Unknown State,45.0,,1,0.5158790801252422,0,0.4318175295960497,2,0.6026034578166931,0.3063168441036088,0.091079698079698,0.6026034578166931
a9d08a0c5ba98f40,2024-04-30,ROAD AND TERMINATING AT SITAPUR RO,Ongoing,General,Unknown Agency,,0,12.0,-0.9611310854144398,308.73,-296.73,-96.11310854144398,,1,,,,False,False,0,0,,,,1,0.0,,1,1.0,0.0,Unknown State,41.0,,1,0.5159061268694054,1,0.8906021209341258,2,0.9089416971916972,0.0331071428571428,0.0579511599511599,0.9089416971916972
a9de23ddde37af88,2024-04-30,Ltd.),Ongoing,General,Unknown Agency,,0,7.0,-0.9546954889651154,154.51,-147.51,-95.46954889651154,,1,,,,False,False,0,0,,,,1,0.0,,1,-21.0,0.0,Unknown State,0.0,,1,0.5340883054693457,1,0.8913028962016969,2,0.9411815545565544,0.0192700632700632,0.0395483821733821,0.9411815545565544
aa0e88bf890ebc28,2024-04-30,SCIENCES(CAPFIMS) AT NEW DELHI,Ongoing,General,CAPFIMS,,0,348.24,10.0,10.0,338.24,1000.0,,1,,,,False,False,0,0,,,,1,0.0,,2,2.0,0.0,Unknown State,56.0,,1,0.4996282209989612,1,0.5890831635065263,2,0.6615400130914837,0.2986940722676017,0.0397659146409146,0.6615400130914837
aa52269bd7d976cc,2024-04-30,(CH. 427.300 TO CH.452.420) [MAJOR BRIDGE OVE,Ongoing,General,Unknown Agency,,0,505.35,10.0,3.0,502.35,1000.0,,1,,,,False,False,0,0,,,,1,0.0,,2,-3.0,0.0,Unknown State,70.0,,1,0.4685140548348087,0,0.4348038221160948,2,0.594606593569829,0.3219166984975809,0.0834767079325902,0.594606593569829
aa5d0e0f90df1b8b,2024-04-30,DIGRAS DARWAH KARANJA,Ongoing,General,Unknown Agency,,0,8.13,-0.9687307692307692,260.0,-251.87,-96.87307692307692,,1,,,,False,False,0,0,,,,1,0.0,,1,-4.0,0.0,Unknown State,67.0,,1,0.4761348507520002,1,0.8829094483369342,2,0.9375669469419472,0.0103606809856809,0.052072372072372,0.9375669469419472
aa78c3c04b2ce88e,2024-04-30,KWAR HE PROJECT,Ongoing,General,Unknown Agency,,0,1000.0,8.00900900900901,111.0,889.0,800.900900900901,,1,,,,False,False,0,0,,,,1,0.0,,3,44.0,0.0,Unknown State,158.0,,0,0.4401645880590601,0,0.3788594157775624,2,0.5197063214563212,0.3473324175824175,0.1329612609612609,0.5197063214563212
aa7a6fbd32fe5ccf,2024-04-30,FOR SOUTHERN REGION,Ongoing,General,Unknown Agency,,0,2024.0,10.0,150.0,1874.0,1000.0,,1,,,,False,False,0,0,,,,1,0.0,,3,-10.0,0.0,Unknown State,55.0,,1,0.4999390089550553,0,0.2820056468116033,0,0.534115897990898,0.534115897990898,0.2066286630036629,0.259255439005439
aa7aaec83706424d,2024-04-30,INCLUDING CONNECTOR TO NH-119,Ongoing,General,Unknown Agency,,0,583.93,10.0,4.0,579.93,1000.0,,1,,,,False,False,0,0,,,,1,0.0,,2,2.0,0.0,Unknown State,38.0,,1,0.5080607414479604,0,0.429414266557737,2,0.4688035077667433,0.4010198037256861,0.1301766885075708,0.4688035077667433
aacbeb42f133e055,2024-04-30,/979 (EXCLUDING KM 2/255 TO 3/372 AND KM 3,Ongoing,General,Unknown Agency,,0,12.0,5.0,2.0,10.0,500.0,,1,,,,False,False,0,0,,,,1,0.0,,1,-23.0,0.0,Unknown State,5.0,,1,0.5367488576848524,1,0.8459132584480884,2,0.8987093096961517,0.0589983992615571,0.042292291042291,0.8987093096961517
aad3de4be854f22a,2024-04-30,WITH SECTOR 62/65 DIVIDING ROAD,Ongoing,General,Unknown Agency,,0,1428.19,-0.2936745796241345,2022.0,-593.81,-29.36745796241345,,1,,,,False,False,0,0,,,,1,0.0,,3,4.0,0.0,Unknown State,0.0,,1,0.5435782434517127,0,0.4712320484413284,2,0.4448238738385798,0.2992293401043401,0.2559467860570802,0.4448238738385798
aad98f2697b144ca,2024-04-30,FROM KM 37.000 TO KM 71.015 OF NH 48,Ongoing,General,Unknown Agency,,0,2948.31,10.0,2.0,2946.31,1000.0,,1,,,,False,False,0,0,,,,1,0.0,,3,8.0,0.0,Unknown State,46.0,,1,0.5135414191591504,0,0.2849610052872632,0,0.4995160964766228,0.4995160964766228,0.2189693778443779,0.2815145256789993
aae3c999b7f41d10,2024-04-30,OF 4.5 GW RE INJECTION AT KHAVDA,Ongoing,General,Unknown Agency,,0,815.12,10.0,3.0,812.12,1000.0,,1,,,,False,False,0,0,,,,1,0.0,,2,11.0,0.0,Unknown State,24.0,,1,0.5206424702308987,0,0.4574860683468348,2,0.6355846710479064,0.2457072967881791,0.1187080321639145,0.6355846710479064
aaef86f705a49992,2024-04-30,TO KM 95.717,Ongoing,General,Unknown Agency,,0,2598.0,10.0,17.0,2581.0,1000.0,,1,,,,False,False,0,0,,,,1,0.0,,3,12.0,0.0,Unknown State,6.0,,1,0.5332715000771715,0,0.2882376324043397,0,0.4425132645132645,0.4425132645132645,0.2697406066156065,0.2877461288711288
ab2282974026c9c6,2024-04-30,REBUILDING OF COKE OVEN BATTERY NO.7 AND 8 OF BHILAI STEEL PLANT,Ongoing,General,Unknown Agency,,0,1437.0,10.0,5.0,1432.0,1000.0,,1,,,,False,False,0,0,,,,1,0.0,,3,18.0,0.0,Unknown State,89.0,,1,0.4601360684375668,0,0.3226548745756032,2,0.5833038350538352,0.3444899267399267,0.0722062382062382,0.5833038350538352
ab2704527c5eb6dc,2024-04-30,VANKARAKUNTA 45.700 KM. OF  NH 5,Ongoing,General,Unknown Agency,,0,1801.37,10.0,3.0,1798.37,1000.0,,1,,,,False,False,0,0,,,,1,0.0,,3,19.0,0.0,Unknown State,56.0,,1,0.4886723041528992,0,0.2879577052604651,2,0.6314970862470861,0.2895013042513042,0.0790016095016095,0.6314970862470861
ab2963110578006a,2024-04-30,RAJASTHA,Ongoing,General,Unknown Agency,,0,197.4,-0.9020347394540944,2015.0,-1817.6,-90.20347394540944,,1,,,,False,False,0,0,,,,1,0.0,,2,3.0,0.0,Unknown State,76.0,,1,0.481841830123254,1,0.7478085907455864,2,0.6340332298420535,0.1644678793428793,0.2014988908150672,0.6340332298420535
ab631144aecf1428,2024-04-30,BELLORA-NAIGAON DEEP OC,Ongoing,General,Unknown Agency,,0,281.38,10.0,19.76,261.62,1000.0,,1,,,,False,False,0,0,,,,1,0.0,,2,11.0,0.0,Unknown State,36.0,,1,0.5096796073380693,1,0.5843549506438509,2,0.6420954715219422,0.2859819094304389,0.071922619047619,0.6420954715219422
ab7828e9cdb97ed8,2024-04-30,KARNOHAL SECTION (KM 141.000 TO K,Ongoing,General,Unknown Agency,,0,497.14,-0.7534027777777779,2016.0,-1518.86,-75.34027777777779,,1,,,,False,False,0,0,,,,1,0.0,,2,8.0,0.0,Unknown State,100.0,,1,0.4795780984968584,1,0.6846067475342258,2,0.6576370002546473,0.1051646735617324,0.2371983261836203,0.6576370002546473
ab8d4c3cdf0b7a25,2024-04-30,PKG- 3B,Ongoing,General,Unknown Agency,,0,410.68,10.0,12.0,398.68,1000.0,,0,,,,False,False,0,0,,,,1,0.0,,2,16.0,0.0,Unknown State,44.0,,1,0.4980946705250146,1,0.5120846683195801,2,0.5125580865213218,0.459105000391765,0.028336913086913,0.5125580865213218
ab971b7eeaf09aa9,2024-04-30,.800/EXISTING KM 29,Ongoing,General,Unknown Agency,,0,804.69,10.0,9.0,795.69,1000.0,,1,,,,False,False,0,0,,,,1,0.0,,2,8.0,0.0,Unknown State,27.0,,1,0.5165624212238259,0,0.4506570640178305,2,0.4377806164423812,0.4371618675442204,0.1250575160133983,0.4377806164423812
ac09f38ef6e5f898,2024-04-30,POWERGRID NEEMUCH TRANSMISSION SYSTEM LIMITED,Ongoing,General,Unknown Agency,,0,353.85,10.0,3.0,350.85,1000.0,,1,,,,False,False,0,0,,,,1,0.0,,2,-1.0,0.0,Unknown State,36.0,,1,0.5086353658076422,1,0.5178008567787961,2,0.6756587734161265,0.2820795715722186,0.042261655011655,0.6756587734161265
ac1f72ef1533f10b,2024-04-30,SOLAPUR-TULJAPUR-OSMANABAD  (UMBRELLA WORK),Ongoing,General,UMBRELLA WORK,,0,492.76,10.0,1.0,491.76,1000.0,,1,,,,False,False,0,0,,,,1,0.0,,2,35.0,0.0,Unknown State,98.0,,0,0.4319354848671238,0,0.4827351721088757,2,0.5350106200988555,0.418958739789622,0.0460306401115224,0.5350106200988555
ac27942c4885ccac,2024-04-30,OF DSIR ZONE OF AHMEDAB,Ongoing,General,Unknown Agency,,0,7.0,0.1666666666666666,6.0,1.0,16.666666666666664,,1,,,,False,False,0,0,,,,1,0.0,,1,4.0,0.0,Unknown State,51.0,,1,0.5155353688071052,1,0.8483028595929545,2,0.8629271978021975,0.110132326007326,0.0269404761904761,0.8629271978021975
ac3fa9303f750cdf,2024-04-30,F,Ongoing,General,Unknown Agency,,0,1334.04,10.0,12.0,1322.04,1000.0,,1,,,,False,False,0,0,,,,1,0.0,,3,0.0,0.0,Unknown State,40.0,,1,0.5073704624788142,0,0.2957143108535667,0,0.6662183706816057,0.6662183706816057,0.0861049506049506,0.2476766787134434
ac627319d3777f0c,2024-04-30,CHENNAI PORT TO MADURAVOYAL IN CHENNAI,Ongoing,General,Unknown Agency,,0,1703.48,10.0,3.0,1700.48,1000.0,,1,,,,False,False,0,0,,,,1,0.0,,3,25.0,0.0,Unknown State,50.0,,1,0.4821911023671668,0,0.2936897924878795,2,0.654637099012099,0.2729937701187701,0.0723691308691308,0.654637099012099
ac7162f6708fdaf2,2024-04-30,Bagodara Solar Power Project,Ongoing,General,Unknown Agency,,0,9.0,-0.991,1000.0,-991.0,-99.1,,1,,,,False,False,0,0,,,,1,0.0,,1,5.0,0.0,Unknown State,12.0,,1,0.5414052690784882,1,0.8777896472906133,2,0.9316576062826064,0.0145238095238095,0.0538185841935842,0.9316576062826064
ac751921854457e4,2024-04-30,ON EPC MODE,Ongoing,General,Unknown Agency,,0,616.0,5.623655913978495,93.0,523.0,562.3655913978495,,1,,,,False,False,0,0,,,,1,0.0,,2,2.0,0.0,Unknown State,42.0,,1,0.5060459989912599,0,0.4528831820015156,2,0.5625630260262612,0.2647548782916429,0.1726820956820957,0.5625630260262612
ac8d2e98459d612d,2024-04-30,TRANCHE-V),Ongoing,General,Unknown Agency,,0,2.0,1.0,1.0,1.0,100.0,,1,,,,False,False,0,0,,,,1,0.0,,1,13.0,0.0,Unknown State,35.0,,1,0.5223382749858112,1,0.8695964893283363,2,0.9512930957930956,0.0197874902874902,0.0289194139194139,0.9512930957930956
ac9d0c6320919d9b,2024-04-30,NH68 FROM TANOT-RAMGARH BHADASAR-JA,Ongoing,General,Unknown Agency,,0,375.78,10.0,32.49,343.29,1000.0,,1,,,,False,False,0,0,,,,1,0.0,,2,1.0,0.0,Unknown State,37.0,,1,0.5059423739796113,1,0.5173391834922791,2,0.6085312481636012,0.3280288861465331,0.0634398656898656,0.6085312481636012
acb142306d620943,2024-04-30,PIPELINE PROJECT,Ongoing,General,Unknown Agency,,0,231.0,10.0,9.0,222.0,1000.0,,0,,,,False,False,0,0,,,,1,0.0,,2,6.0,0.0,Unknown State,37.0,,1,0.5093666729681219,1,0.6319131110748706,2,0.6033356341371047,0.3465512151247445,0.0501131507381507,0.6033356341371047
acb986eb4c93785c,2024-04-30,STATE OF HARYANA UNDER HYBRID ANNUI,Ongoing,General,Unknown Agency,,0,694.0,10.0,11.0,683.0,1000.0,,1,,,,False,False,0,0,,,,1,0.0,,2,1.0,0.0,Unknown State,30.0,,1,0.5088706605670913,0,0.4631570640178305,0,0.539035613824936,0.539035613824936,0.0910765713754844,0.3698878147995794
accbb061f9dc2c1e,2024-04-30,ANUPPUR-KATNI,Ongoing,General,Unknown Agency,,0,4.0,0.0,4.0,0.0,0.0,,1,,,,False,False,0,0,,,,1,0.0,,1,8.0,0.0,Unknown State,116.0,,1,0.4706513263599053,1,0.8801422091447161,2,0.937550865800866,0.0336309523809523,0.0288181818181818,0.937550865800866
acf543db945c82d4,2024-04-30,KAZIPET-BALHRSHA,Ongoing,General,Unknown Agency,,0,4340.0,10.0,9.0,4331.0,1000.0,,1,,,,False,False,0,0,,,,1,0.0,,3,9.0,0.0,Unknown State,76.0,,1,0.4738535960251634,0,0.3050539258081637,2,0.4115041290408938,0.3863567837391367,0.2021390872199696,0.4115041290408938
acf6e60683fe7961,2024-04-30,KM. 163.000,Ongoing,General,Unknown Agency,,0,1833.73,10.0,1.0,1832.73,1000.0,,1,,,,False,False,0,0,,,,1,0.0,,3,1.0,0.0,Unknown State,28.0,,1,0.5146184271195178,0,0.2865554868066573,2,0.4275119463869465,0.3850956543456542,0.1873923992673992,0.4275119463869465
ad0e3d339426f0ce,2024-04-30,DESIGN CHAINAGE KM 56.00 TO 102.20 OF KALYANDURG,Ongoing,General,Unknown Agency,,0,3.0,-0.9967880085653104,934.0,-931.0,-99.67880085653104,,1,,,,False,False,0,0,,,,1,0.0,,1,-18.0,0.0,Unknown State,55.0,,1,0.5076564139674135,1,0.8689314479132484,2,0.9350125846375849,0.021077922077922,0.0439094932844932,0.9350125846375849
ada9593df655c9cc,2024-04-30,WARDHA-NANDED MAHARASHTRA,Ongoing,General,Unknown Agency,,0,637.95,10.0,6.0,631.95,1000.0,,1,,,,False,False,0,0,,,,1,0.0,,2,32.0,0.0,Unknown State,45.0,,1,0.4750682384810327,0,0.4277917796394317,0,0.4795351535719183,0.4795351535719183,0.0585603603912427,0.4619044860368389
ada974ea53f9a6a4,2024-04-30,CONFIGURATION OF JIRAPUR-SUSNER-MP-RJ B,Ongoing,General,Unknown Agency,,0,644.45,10.0,3.0,641.45,1000.0,,1,,,,False,False,0,0,,,,1,0.0,,2,11.0,0.0,Unknown State,36.0,,1,0.5119938464327776,0,0.4198061797047751,2,0.6116105063237418,0.2680981281790105,0.1202913654972478,0.6116105063237418
adb1fdf5635f2ec3,2024-04-30,BAHRAICH SRAVASTI  BALRAMPUR (TULSIPUR),Ongoing,General,TULSIPUR,,0,11.0,-0.9820554649265903,613.0,-602.0,-98.20554649265904,,1,,,,False,False,0,0,,,,1,0.0,,1,35.0,0.0,Unknown State,124.0,,0,0.4312302721849276,1,0.8662464471037384,2,0.8871968725718726,0.0709472055722055,0.0418559218559218,0.8871968725718726
adecbb6a113fa956,2024-04-30,PKG-2,Ongoing,General,Unknown Agency,,0,9.0,-0.995551161641127,2023.0,-2014.0,-99.5551161641127,,0,,,,False,True,0,0,,,,1,0.0,,1,5.0,0.0,Unknown State,0.0,,1,0.5386433366754667,1,0.8292680864302359,2,0.7410928132325191,0.1817325729825729,0.0771746137849079,0.7410928132325191
ae3c0b08ebbca6c2,2024-04-30,WIDENING TO 2LPS FROM 269/30 TO 328/20 OF NH-49 IN THE STATE OF ODISHA,Ongoing,General,Unknown Agency,,0,675.0,10.0,1.0,674.0,1000.0,,1,,,,False,False,0,0,,,,1,0.0,,2,4.0,0.0,Unknown State,403.0,,1,0.4623860904018809,0,0.4592786497891732,2,0.4907021589521589,0.3842688145188145,0.1250290265290265,0.4907021589521589
ae6ed53f66e9009b,2024-04-30,KM 73.00,Ongoing,General,Unknown Agency,,0,720.0,10.0,3.0,717.0,1000.0,,1,,,,False,False,0,0,,,,1,0.0,,2,2.0,0.0,Unknown State,99.0,,1,0.4663722407088352,0,0.4660921289528953,2,0.5150192781075136,0.387893471724354,0.0970872501681325,0.5150192781075136
aed5c6ced6903adf,2024-04-30,GC OF NATHDWARA - DEVGARH MADARIYA (82.5KM),Ongoing,General,Unknown Agency,,0,2024.0,10.0,150.0,1874.0,1000.0,,1,,,,False,False,0,0,,,,1,0.0,,3,33.0,0.0,Unknown State,48.0,,1,0.4821267288325511,0,0.2820056468116033,0,0.4073722527472527,0.4073722527472527,0.1912832306582306,0.4013445165945167
aed9a69990932733,2024-04-30,CHANDRASEKHARAPURAM (CH. 228+000) TO POLAVARAM (CH. 260,Ongoing,General,Unknown Agency,,0,12.0,10.0,1.0,11.0,1000.0,,1,,,,False,False,0,0,,,,1,0.0,,1,22.0,0.0,Unknown State,38.0,,1,0.4985370044140135,1,0.8349572684155534,2,0.8386258254988905,0.1380058761328111,0.0233682983682983,0.8386258254988905
af6d6ced9217856f,2024-04-30,PROJECT ROAD KM 0.000 TO KM 43.06,Ongoing,General,Unknown Agency,,0,175.5,10.0,8.0,167.5,1000.0,,1,,,,False,False,0,0,,,,1,0.0,,2,3.0,0.0,Unknown State,95.0,,1,0.4695396321069439,1,0.6655152777602079,2,0.722996778548249,0.2342998512924983,0.0427033701592525,0.722996778548249
afb5c1f2b5a3b46f,2024-04-30,"TO 24+400), (DESIGN CH. 35+300 TO",Ongoing,General,Unknown Agency,,0,272.49,10.0,7.0,265.49,1000.0,,1,,,,False,False,0,0,,,,1,0.0,,2,16.0,0.0,(DESIGN CH. 35+300 TO -,61.0,,1,0.476468620749403,1,0.6170414719877535,2,0.6059457625707627,0.2694735125985126,0.1245807248307248,0.6059457625707627
afd2a29d509f57b9,2024-04-30,ZONE (AP) PART-A  PART B,Ongoing,General,AP,,0,271.69,10.0,3.0,268.69,1000.0,,1,,,,False,False,0,0,,,,1,0.0,,2,7.0,0.0,Unknown State,20.0,,1,0.5200766526239494,1,0.6352595232956884,2,0.6604747433938611,0.2781717767526592,0.0613534798534798,0.6604747433938611
aff889c13554d8e4,2024-04-30,BORDER (KM. 650.794),Ongoing,General,Unknown Agency,,0,485.75,0.0,485.75,0.0,0.0,,1,,,,False,False,0,0,,,,1,0.0,,2,2.0,0.0,Unknown State,21.0,,1,0.5219130586088646,1,0.5219280864473852,2,0.7024769487048895,0.2247438272511801,0.0727792240439299,0.7024769487048895
affa79542e25c5de,2024-04-30,BAHRAICH - NANPARA -NEPALGANJ (56.15 KM),Ongoing,General,Unknown Agency,,0,12.0,0.0,12.0,0.0,0.0,,1,,,,False,False,0,0,,,,1,0.0,,1,11.0,0.0,Unknown State,63.0,,1,0.4908948709975156,1,0.871743850995867,2,0.927198206205559,0.0445517937944408,0.02825,0.927198206205559
b0256c105164449d,2024-04-30,UNDER BHARATMALA PARIYOJANA FOR U,Ongoing,General,Unknown Agency,,0,48.0,2.2,15.0,33.0,220.00000000000003,,1,,,,False,False,0,0,,,,1,0.0,,1,8.0,0.0,Unknown State,71.0,,1,0.4697705401220986,1,0.8645213766860813,2,0.8750465557833977,0.0812548650180229,0.0436985791985792,0.8750465557833977
b02c09dd9efa2b82,2024-04-30,.600 KM. 286.400 KUMHARI KM. 299.,Ongoing,General,Unknown Agency,,0,476.2,10.0,1.0,475.2,1000.0,,1,,,,False,False,0,0,,,,1,0.0,,2,1.0,0.0,Unknown State,100.0,,1,0.4654479964856948,0,0.4332271850576358,0,0.4382191697191697,0.4382191697191697,0.150542624042624,0.4112382062382063
b03e5a13cd2c4971,2024-04-30,POWER PROJECT,Ongoing,General,Unknown Agency,,0,5491.89,10.0,4.0,5487.89,1000.0,,1,,,,False,False,0,0,,,,1,0.0,,3,6.0,0.0,Unknown State,30.0,,1,0.516011271394079,0,0.2994230846866684,0,0.4671071289821288,0.4671071289821288,0.2051658912982442,0.3277269797196268
b04506b30e5c76cb,2024-04-30,THAKURDWARA - KASHIPUR: “PACKAGE-I: MORA,Ongoing,General,Unknown Agency,,0,696.65,10.0,2.0,694.65,1000.0,,1,,,,False,False,0,0,,,,1,0.0,,2,17.0,0.0,Unknown State,43.0,,1,0.4970815133317305,0,0.4615154918944363,2,0.5736545815295816,0.3636787101787102,0.0626667082917083,0.5736545815295816
b048a453f250fa2e,2024-04-30,RAJASTHAN (8.1 GW) UNDER PHASE-II PART,Ongoing,General,Unknown Agency,,0,385.84,10.0,2.0,383.84,1000.0,,1,,,,False,False,0,0,,,,1,0.0,,2,5.0,0.0,Unknown State,19.0,,1,0.5268594782903653,1,0.5110380220999701,2,0.6180512600144953,0.3204341295958943,0.0615146103896103,0.6180512600144953
b0ea0e2c1d69f27e,2024-04-30,.10 KMS,Ongoing,General,Unknown Agency,,0,1763.93,10.0,12.0,1751.93,1000.0,,1,,,,False,False,0,0,,,,1,0.0,,3,8.0,0.0,Unknown State,108.0,,1,0.4705250542630658,0,0.2850825620991764,0,0.4513557969807968,0.4513557969807968,0.1307392052392052,0.4179049977799978
b0f59eba994a6303,2024-04-30,MATHURA - VRINDAVAN (11 KM),Ongoing,General,Unknown Agency,,0,3.0,-0.9603541694198492,75.67,-72.67,-96.03541694198492,,1,,,,False,False,1,0,,,,1,0.0,,1,14.0,0.0,Unknown State,-9.0,,1,0.6130157588805525,1,0.8834821761424392,2,0.9372365689865688,0.0187170329670329,0.044046398046398,0.9372365689865688
b0fda5c46e7d88f5,2024-04-30,NAGORE-KARAIKAL),Ongoing,General,Unknown Agency,,0,8.0,-0.9690174664033152,258.21,-250.21,-96.90174664033152,,1,,,,False,False,0,0,,,,1,0.0,,1,35.0,0.0,Unknown State,43.0,,1,0.4842248616268071,1,0.8829094483369342,2,0.9211814851814852,0.0322719363969363,0.0465465784215784,0.9211814851814852
b10e5a5d20d685c6,2024-04-30,MW),Ongoing,General,Unknown Agency,,0,430.76,10.0,12.0,418.76,1000.0,,1,,,,False,False,0,0,,,,1,0.0,,2,29.0,0.0,Unknown State,69.0,,0,0.4473387486216481,0,0.4608277698546548,2,0.578514931147284,0.3772975855843503,0.0441874832683656,0.578514931147284
b168f63af10e6763,2024-04-30,102 106 108 130 AND 137 A,Ongoing,General,Unknown Agency,,0,199.63,10.0,12.0,187.63,1000.0,,1,,,,False,False,0,0,,,,1,0.0,,2,-1.0,0.0,Unknown State,87.0,,1,0.4677251452471281,1,0.6391355906685942,2,0.635816736368207,0.3210885625812096,0.0430947010505834,0.635816736368207
b16caabee08584db,2024-04-30,FROM SOLAR ENERGY ZONES IN RAJASTHA,Ongoing,General,Unknown Agency,,0,863.99,10.0,8.0,855.99,1000.0,,1,,,,False,False,0,0,,,,1,0.0,,2,1.0,0.0,Unknown State,21.0,,1,0.5240400927399381,0,0.4498072839923381,0,0.4732942474192474,0.4732942474192474,0.1033192363192363,0.4233865162615163
b199d68aea09b0c6,2024-04-30,OF SPUR] (SHIRSAD - AKLOLI),Ongoing,General,SHIRSAD - AKLOLI,,0,519.93,-0.7428635014836796,2022.0,-1502.0700000000002,-74.28635014836796,,1,,,,False,False,0,0,,,,1,0.0,,2,1.0,0.0,Unknown State,0.0,,1,0.5256165376366511,1,0.6636356801999233,2,0.6155348850495911,0.2319530885780885,0.1525120263723205,0.6155348850495911
b1a5aeeeb9dc5fa3,2024-04-30,VAYOR  (WR),Ongoing,General,Indian Railways (WR),,0,247.66,10.0,9.0,238.66,1000.0,,1,,,,False,False,0,0,,,,1,0.0,,2,1.0,0.0,Unknown State,308.0,,1,0.4524458905198358,1,0.6418540397410508,2,0.769821134747605,0.2068892798378092,0.0232895854145854,0.769821134747605
b1c0b85d21c965f5,2024-04-30,POLY BUTADIENE RUBBER PLANT AT PANIPAT,Ongoing,General,Unknown Agency,,0,346.7,10.0,1.0,345.7,1000.0,,1,,,,False,False,0,0,,,,1,0.0,,2,11.0,0.0,Unknown State,26.0,,1,0.5161049881646617,1,0.5308086180846374,2,0.6233313132945485,0.3144614356232003,0.062207251082251,0.6233313132945485
b1d008d2770b0988,2024-04-30,PAVED SHOULDERS FROM KM 116.00 TO K,Ongoing,General,Unknown Agency,,0,195.38,10.0,9.0,186.38,1000.0,,1,,,,False,False,0,0,,,,1,0.0,,2,3.0,0.0,Unknown State,22.0,,1,0.5248686943364445,1,0.6556724383943541,2,0.6898658261672967,0.2643196925623396,0.0458144812703636,0.6898658261672967
b1ff215f39d13232,2024-04-30,CGD PROJECT AT COIMBATORE DISTRICT,Ongoing,General,Unknown Agency,,0,8.0,0.0,8.0,0.0,0.0,,1,,,,False,False,0,0,,,,1,0.0,,1,71.0,0.0,Unknown State,7.0,,1,0.5023861661277215,1,0.8718082632341922,2,0.845267191142191,0.1526494755244755,0.0020833333333333,0.845267191142191
b20abc8be382ec34,2024-04-30,RAJASTHA,Ongoing,General,Unknown Agency,,0,1931.39,10.0,8.0,1923.39,1000.0,,1,,,,False,False,0,0,,,,1,0.0,,3,5.0,0.0,Unknown State,85.0,,1,0.4743344660376868,0,0.2868577771511912,0,0.4680739954489955,0.4680739954489955,0.1671464524038053,0.3647795521471992
b22cfe5dcf723089,2024-04-30,SCHEME,Ongoing,General,Unknown Agency,,0,4526.12,0.0,4526.12,0.0,0.0,,1,,,,False,False,1,0,,,,1,0.0,,3,8.0,0.0,Unknown State,-23.0,,1,0.6182285530006226,0,0.4337444251908118,2,0.7463025218245805,0.122641690009337,0.1310557881660822,0.7463025218245805
b2371fea8a502ede,2024-04-30,"NANGALDAM-TALWARA(NL),NR",Ongoing,General,Indian Railways (NL),,0,2021.0,0.0009905894006934,2019.0,2.0,0.0990589400693412,,1,,,,False,False,0,0,,,,1,0.0,,3,7.0,0.0,NR -,148.0,,1,0.4579113718565671,0,0.4204796500492272,2,0.4477595170529952,0.151268326480283,0.4009721564667216,0.4477595170529952
b25c390fc096341d,2024-04-30,(NEW NH-55) TO 4 LANE (KM. 0+400 TO,Ongoing,General,Unknown Agency,,0,1328.07,10.0,5.0,1323.07,1000.0,,1,,,,False,False,0,0,,,,1,0.0,,3,5.0,0.0,Unknown State,52.0,,1,0.5036477561557607,0,0.3026548745756032,2,0.4700091697518167,0.4090057581307583,0.120985072117425,0.4700091697518167
b2924331c6112661,2024-04-30,ANDHERI RESIDENTIAL TOWERS MUMBAI,Ongoing,General,Unknown Agency,,0,3.0,0.0,3.0,0.0,0.0,,1,,,,False,False,0,0,,,,1,0.0,,1,13.0,0.0,Unknown State,2.0,,1,0.5381929625428032,1,0.8801422091447161,2,0.9504599567099566,0.0225400432900432,0.027,0.9504599567099566
b303f77d4041b658,2024-04-30,(AFTER MIDDLE STRAIT TO HUM,Ongoing,General,Unknown Agency,,0,2.0,-0.6,5.0,-3.0,-60.0,,0,,,,False,True,0,0,,,,1,0.0,,1,16.0,0.0,Unknown State,15.0,,1,0.5246845279811164,1,0.8744146175088595,2,0.8287376373626373,0.1192265651015651,0.0520357975357975,0.8287376373626373
b363e3da6caa97d9,2024-04-30,LADDA - BASAI,Ongoing,General,Unknown Agency,,0,311.0,10.0,8.0,303.0,1000.0,,1,,,,False,False,0,0,,,,1,0.0,,2,1.0,0.0,Unknown State,45.0,,1,0.5070829828291008,1,0.5724678084484421,2,0.5629289631936691,0.3857963115316055,0.0512747252747252,0.5629289631936691
b3879abe4a384676,2024-04-30,BARSI (SAHARANPUR DISTRICT) TO ADHOYA,Ongoing,General,SAHARANPUR DISTRICT,,0,1378.36,10.0,8.0,1370.36,1000.0,,1,,,,False,False,0,0,,,,1,0.0,,3,49.0,0.0,Unknown State,57.0,,1,0.4637577351795136,0,0.3217334449100917,2,0.6013695454871927,0.3339399228222758,0.0646905316905317,0.6013695454871927
b3950e0b3bfa923c,2024-04-30,LUDHIANA MULLANPUR DOUBLING,Ongoing,General,Unknown Agency,,0,309.0,10.0,5.0,304.0,1000.0,,1,,,,False,False,0,0,,,,1,0.0,,2,11.0,0.0,Unknown State,88.0,,1,0.4706719050273262,1,0.581425778650748,2,0.6567135283017635,0.2904146768264415,0.0528717948717948,0.6567135283017635
b3acd1b37bc0e814,2024-04-30,KODARKOOT (KM. 0.00 TO KM. 40.00) OF,Ongoing,General,Unknown Agency,,0,252.19,10.0,6.0,246.19,1000.0,,1,,,,False,False,0,0,,,,1,0.0,,2,5.0,0.0,Unknown State,51.0,,1,0.5024279941315715,1,0.6401170182787778,2,0.6952761943938414,0.2645983893557423,0.0401254162504162,0.6952761943938414
b3ca4b72a006ce46,2024-04-30,MARIAM - PEREN PKG-2B,Ongoing,General,Unknown Agency,,0,9.0,-0.3076923076923077,13.0,-4.0,-30.76923076923077,,1,,,,False,False,0,0,,,,1,0.0,,1,-1.0,0.0,Unknown State,42.0,,1,0.5198293327050285,1,0.8745533153883899,2,0.8944220224220224,0.0819481074481074,0.0236298701298701,0.8944220224220224
b3ed90e6027c4200,2024-04-30,.00 (PKG-3),Ongoing,General,Unknown Agency,,0,395.59,9.410263157894736,38.0,357.59,941.0263157894736,,1,,,,False,False,0,0,,,,1,0.0,,2,-1.0,0.0,Unknown State,11.0,,1,0.5225950384969131,1,0.5124442986803163,2,0.6194302184743361,0.2862593142151965,0.0943104673104673,0.6194302184743361
b3f08305792108b2,2024-04-30,-LANNING OF STHIYATHOPU-CHOLOPURAM,Ongoing,General,Unknown Agency,,0,8.0,-0.9843149556897498,510.04,-502.04,-98.43149556897498,,1,,,,False,False,0,0,,,,1,0.0,,1,2.0,0.0,Unknown State,58.0,,1,0.4977437187113728,1,0.8907177827993941,2,0.9339278083028084,0.0145238095238095,0.0515483821733821,0.9339278083028084
b40012d9e0241e8a,2024-04-30,KM138.00 (PKG-7),Ongoing,General,Unknown Agency,,0,8.0,1.666666666666667,3.0,5.0,166.66666666666669,,1,,,,False,False,0,0,,,,1,0.0,,1,-1.0,0.0,Unknown State,43.0,,1,0.5205262112264879,1,0.8496474996208764,2,0.8252181984681983,0.1532381507381507,0.0215436507936507,0.8252181984681983
b41b3812a1aa525f,2024-04-30,CHHATTARGARH 150 MW,Ongoing,General,Unknown Agency,,0,2024.0,10.0,150.0,1874.0,1000.0,,1,,,,False,False,0,0,,,,1,0.0,,3,-1.0,0.0,Unknown State,37.0,,1,0.5088687529264995,0,0.2820056468116033,0,0.5008226079476079,0.5008226079476079,0.2317152014652014,0.2674621905871905
b4384745379eca23,2024-04-30,L OF SAGAR - MOHARI FROM KM.8 TO KM.50 (PKG-I),Ongoing,General,NHAI (Contract),,0,11.0,1.2,5.0,6.0,120.0,,1,,,,False,False,0,0,,,,1,0.0,,1,0.0,0.0,Unknown State,41.0,,1,0.509329949233923,1,0.8631992607682919,2,0.8951910360880949,0.0899246537775949,0.0148843101343101,0.8951910360880949
b44e48c76b2a6f4e,2024-04-30,"CUNCOLIM, GOA.",Ongoing,General,Unknown Agency,,0,375.0,0.0,375.0,0.0,0.0,,1,,,,False,False,0,0,,,,1,0.0,,2,5.0,0.0,GOA. -,48.0,,1,0.5055340913942383,1,0.5079926791568522,2,0.698333770202965,0.1640398392457216,0.1376263905513131,0.698333770202965
b489125465b8a2b8,2024-04-30,.300 KM. TO YERRAGUDIPADU 129.000,Ongoing,General,Unknown Agency,,0,526.45,10.0,2.0,524.45,1000.0,,1,,,,False,False,0,0,,,,1,0.0,,2,18.0,0.0,Unknown State,32.0,,1,0.495664695544759,0,0.4400958719263226,2,0.5653568514818516,0.3753415195915195,0.0593016289266289,0.5653568514818516
b496f3e52c229586,2024-04-30,WORK PB#22/2019-20/NR),Ongoing,General,Unknown Agency,,0,2841.84,10.0,3.0,2838.84,1000.0,,0,,,,False,False,0,0,,,,1,0.0,,3,44.0,0.0,Unknown State,108.0,,0,0.4480466613193577,0,0.286363223741071,0,0.5458700604950605,0.5458700604950605,0.0984231601731601,0.3557067793317792
b4a562ce81ac801d,2024-04-30,ROADS FROM KM 569.258 TO KM 5,Ongoing,General,Unknown Agency,,0,343.54,-0.8300989119683482,2022.0,-1678.46,-83.00989119683481,,1,,,,False,False,0,0,,,,1,0.0,,2,17.0,0.0,Unknown State,1.0,,1,0.5184955458337176,1,0.7398697419219231,2,0.6720323271499743,0.1712984564455152,0.1566692164045105,0.6720323271499743
b4ee086b7a3bd8d6,2024-04-30,(KM.123/800) SECTION OF NH-45A ON HAM,Ongoing,General,Unknown Agency,,0,11.0,-0.9919017609988808,1358.32,-1347.32,-99.19017609988808,,1,,,,False,False,0,0,,,,1,0.0,,1,8.0,0.0,Unknown State,37.0,,1,0.5223027283148056,1,0.8877896472906133,2,0.9201310911310912,0.0199523809523809,0.0599165279165279,0.9201310911310912
b4f4e81b501a558f,2024-04-30,N PACKAGE 31,Ongoing,General,Unknown Agency,,0,1669.56,10.0,11.0,1658.56,1000.0,,1,,,,False,False,0,0,,,,1,0.0,,3,2.0,0.0,Unknown State,55.0,,1,0.5006245913495185,0,0.290204506931998,0,0.5841223914973913,0.5841223914973913,0.1200829864579863,0.295794622044622
b4fe7dab427f6b84,2024-04-30,TH LINE - BHATAPARA-HATHBAND (8.8 KM) (PB#72/NR/2022-23),Ongoing,General,Unknown Agency,,0,2024.0,10.0,150.0,1874.0,1000.0,,1,,,,False,False,0,0,,,,1,0.0,,3,32.0,0.0,Unknown State,48.0,,1,0.4821267288325511,0,0.2820056468116033,0,0.4073722527472527,0.4073722527472527,0.1912832306582306,0.4013445165945167
b54d96e1f0ee05de,2024-04-30,PAVED SHOULDERS FROM KM.25/0 TO 59,Ongoing,General,Unknown Agency,,0,283.0,10.0,17.0,266.0,1000.0,,1,,,,False,False,0,0,,,,1,0.0,,2,-39.0,0.0,Unknown State,13.0,,1,0.5221086399491278,1,0.5912825010210445,2,0.5917377222450753,0.3514708192134662,0.0567914585414585,0.5917377222450753
b5588ba6617c48a5,2024-04-30,Unnamed Project,Ongoing,General,Unknown Agency,,0,206.88,-0.8975841584158415,2020.0,-1813.12,-89.75841584158415,,1,,,,False,False,0,0,,,,1,0.0,,2,2.0,0.0,Unknown State,23.0,,1,0.5294144814721743,1,0.7615266537283552,2,0.6380610631198869,0.152653971028971,0.2092849658511423,0.6380610631198869
b56679a1ceb383c8,2024-04-30,PUNJAB.,Ongoing,General,Unknown Agency,,0,753.63,10.0,7.0,746.63,1000.0,,1,,,,False,False,0,0,,,,1,0.0,,2,8.0,0.0,Unknown State,65.0,,1,0.4867728312326987,0,0.4573237306844971,2,0.4790553299040141,0.3931682988064567,0.1277763712895291,0.4790553299040141
b57ac726d713c507,2024-04-30,EXISTING CHAINAGE KM  30.000  TO K,Ongoing,General,Unknown Agency,,0,1.0,-0.9583333333333336,24.0,-23.0,-95.83333333333334,,1,,,,False,False,0,0,,,,1,0.0,,1,7.0,0.0,Unknown State,52.0,,1,0.5128952751498597,1,0.9016420719640956,2,0.9313071234321236,0.0304413503163503,0.0382515262515262,0.9313071234321236
b5da90de84ab510a,2024-04-30,(DESIGN KM. 121+900) TO KM. 166+100,Ongoing,General,Unknown Agency,,0,4265.42,10.0,1.0,4264.42,1000.0,,1,,,,False,False,0,0,,,,1,0.0,,3,3.0,0.0,Unknown State,42.0,,1,0.5127846943586775,0,0.2940208662328605,0,0.4386301280418927,0.4386301280418927,0.2118919544507779,0.3494779175073292
b5e093dce1c7afa8,2024-04-30,KM41.161 TO KM59.800(GURJANAPALLI TO POLEKURU SECT,Ongoing,General,Unknown Agency,,0,11.0,-0.9881847475832438,931.0,-920.0,-98.81847475832438,,1,,,,False,False,0,0,,,,1,0.0,,1,-17.0,0.0,Unknown State,72.0,,1,0.4735876099174129,1,0.8777896472906133,2,0.9291803335553336,0.0196601731601731,0.0511594932844932,0.9291803335553336
b63a5ee94072b49f,2024-04-30,RADHAITA SECTION OF NH-730C F,Ongoing,General,Unknown Agency,,0,452.94,-0.7753273809523811,2016.0,-1563.06,-77.5327380952381,,1,,,,False,False,0,0,,,,1,0.0,,2,3.0,0.0,Unknown State,96.0,,1,0.4806334903528027,1,0.6984467209918668,2,0.6467716433892906,0.1720145597866186,0.1812137968240909,0.6467716433892906
b646c2350a62a581,2024-04-30,TUMKUR - NELAMANGALA(6L),Ongoing,General,Unknown Agency,,0,175.08,0.4159320663162151,123.65,51.43000000000001,41.59320663162151,,1,,,,False,False,0,0,,,,1,0.0,,2,20.0,0.0,Unknown State,39.0,,1,0.4845233382759615,1,0.6928293370873192,2,0.7829754363283776,0.1794754183724771,0.0375491452991453,0.7829754363283776
b65cad3e5ea2a4a4,2024-04-30,TO 62/6,Ongoing,General,Unknown Agency,,0,319.09,10.0,7.0,312.09,1000.0,,1,,,,False,False,0,0,,,,1,0.0,,2,6.0,0.0,Unknown State,51.0,,1,0.5021837416822436,1,0.5635562438225917,2,0.6864263812383007,0.2577401101650329,0.0558335085966665,0.6864263812383007
b65feaa45dc86cb5,2024-04-30,NSCBI AIRPORT KOLKATA,Ongoing,General,Unknown Agency,,0,951.28,10.0,8.0,943.28,1000.0,,1,,,,False,False,0,0,48.0,,,1,0.0,,2,-3.0,56.0,Unknown State,65.0,,0,0.4398162732347417,0,0.4497764910220326,2,0.4729058596632126,0.4003955113513937,0.1266986289853936,0.4729058596632126
b67053d317b25c05,2024-04-30,(3X660 MW),Ongoing,General,Unknown Agency,,0,3.0,-0.9833333333333332,180.0,-177.0,-98.33333333333331,,0,,,,False,False,0,0,,,,1,0.0,,1,8.0,0.0,Unknown State,130.0,,1,0.4664505028980369,1,0.890656701440133,2,0.7972748085248085,0.1486555944055944,0.054069597069597,0.7972748085248085
b6c41108005c1d56,2024-04-30,JUNCTION  (FROM KM. 0.000 TO KM. 12.250,Ongoing,General,Unknown Agency,,0,3635.64,10.0,1.0,3634.64,1000.0,,1,,,,False,False,0,0,,,,1,0.0,,3,16.0,0.0,Unknown State,7.0,,1,0.5209213085719145,0,0.2849610052872632,0,0.4826489636094898,0.4826489636094898,0.1283716144966144,0.3889794218938957
b71d1d48e9461256,2024-04-30,PROJECT -7 AND  8 (2X700 MW),Ongoing,General,Unknown Agency,,0,7670.0,1.1964490263459338,3492.0,4178.0,119.64490263459336,,1,,,,False,False,0,0,48.0,,38.63,1,0.0,,3,32.0,120.0,Unknown State,195.0,,0,0.404865469879846,0,0.4087668733736,2,0.4517672205245735,0.3964027541086363,0.15183002536679,0.4517672205245735
b72609fed6577664,2024-04-30,OF NH-744,Ongoing,General,Unknown Agency,,0,1358.0,-0.328719723183391,2023.0,-665.0,-32.8719723183391,,1,,,,False,False,0,0,,,,1,0.0,,3,10.0,0.0,Unknown State,0.0,,1,0.5432017902577241,0,0.4753939942541362,2,0.4890976001123062,0.2735556804306804,0.2373467194570135,0.4890976001123062
b7388cbe66e9e886,2024-04-30,F FROM MAHAD JUNCTION (AT KM 123/400 ON NH-,Ongoing,General,Unknown Agency,,0,588.09,10.0,2.0,586.09,1000.0,,1,,,,False,False,0,0,,,,1,0.0,,2,-1.0,0.0,Unknown State,37.0,,1,0.5076067921405629,0,0.4340165135902194,2,0.4634324760207114,0.4108715908274731,0.1256959331518155,0.4634324760207114
b7c73008b9b487a6,2024-04-30,AND TECHNOLOGY (SCTIMST,Ongoing,General,Unknown Agency,,0,2491.58,10.0,8.0,2483.58,1000.0,,1,,,,False,False,0,0,,,,1,0.0,,3,1.0,0.0,Unknown State,189.0,,1,0.4651964892549023,0,0.2835108921305774,0,0.5290084221334221,0.5290084221334221,0.1799074675324674,0.2910841103341102
b7fb26696222414a,2024-04-30,SHAHPUR PATGAON SECTION I,Ongoing,General,Unknown Agency,,0,302.0,10.0,9.0,293.0,1000.0,,1,,,,False,False,0,0,,,,1,0.0,,2,-1.0,0.0,Unknown State,72.0,,1,0.4675998307505666,1,0.5767111539992406,2,0.5835334142981204,0.3667676180029121,0.0496989676989677,0.5835334142981204
b806dbf366d71dfb,2024-04-30,Unnamed Project,Ongoing,General,Unknown Agency,,0,3190.69,10.0,12.0,3178.69,1000.0,,1,,,,False,False,0,0,,,,1,0.0,,3,8.0,0.0,Unknown State,108.0,,1,0.4708756638995574,0,0.2836534292498038,0,0.4797216672216672,0.4797216672216672,0.2096341852591852,0.3106441475191475
b84b08e4135c869e,2024-04-30,EXPANSION PROJECT,Ongoing,General,Unknown Agency,,0,2.0,1.0,1.0,1.0,100.0,,1,,,,False,False,0,0,,,,1,0.0,,1,35.0,0.0,Unknown State,140.0,,0,0.4418522774132232,1,0.8695964893283363,2,0.9464540239172587,0.0495075145442792,0.0040384615384615,0.9464540239172587
b86150d575b441f3,2024-04-30,JAGANNATHPUR OC RCE (3.0 MTY),Ongoing,General,Unknown Agency,,0,6316.79,10.0,6.4,6310.39,1000.0,,1,,,,False,False,0,0,,,,1,0.0,,3,11.0,0.0,Unknown State,24.0,,1,0.5267378305241153,0,0.2994230846866684,0,0.4273792749648012,0.4273792749648012,0.1901032994782995,0.3825174255568992
b8ee882a1f640f3f,2024-04-30,KOTLPALLI-NARASAPUR (NL)  (SCR),Ongoing,General,Indian Railways (NL),,0,3631.0,10.0,4.0,3627.0,1000.0,,1,,,,False,False,0,0,,,,1,0.0,,3,35.0,0.0,Unknown State,131.0,,0,0.4391414342472151,0,0.3223162632467439,2,0.446707842810784,0.4263197545918134,0.1269724025974026,0.446707842810784
b8f7d2d5a02511ae,2024-04-30,OF ROAD TRANSPORT AND HIGHWAYS (STATE PWDs)),Ongoing,General,STATE PWDS,,0,74.0,1.4666666666666666,30.0,44.0,146.66666666666666,,1,,,,False,False,1,0,,,,1,0.0,,1,-20.0,0.0,Unknown State,-4.0,,1,0.5987901536133414,1,0.8578402890587395,2,0.7717174265792687,0.2043903267784846,0.0238922466422466,0.7717174265792687
b93338cfd5348931,2024-04-30,(DESIGN LENGTH 46.11 KM) AS FEEDER ROU,Ongoing,General,Unknown Agency,,0,823.05,10.0,1.0,822.05,1000.0,,1,,,,False,False,0,0,,,,1,0.0,,2,2.0,0.0,Unknown State,53.0,,1,0.4983260869881056,0,0.4625760979550424,2,0.527510878010878,0.360384088134088,0.1121050338550338,0.527510878010878
b9905447455420dd,2024-04-30,EAST CHAMPARAN AND DEORIA DISTRICTS,Ongoing,General,Unknown Agency,,0,12.0,2.0,4.0,8.0,200.0,,1,,,,False,False,0,0,,,,1,0.0,,1,74.0,0.0,Unknown State,90.0,,0,0.4433768105949142,1,0.8596474996208764,2,0.8398544284662703,0.1449598128479707,0.0151857586857586,0.8398544284662703
b9b2f1c39f650841,2024-04-30,TO 92.935) ON NH-82 IN BIHAR,Ongoing,General,Unknown Agency,,0,545.11,-0.730277090549233,2021.0,-1475.89,-73.02770905492329,,1,,,,False,False,0,0,,,,1,0.0,,2,4.0,0.0,Unknown State,1.0,,1,0.5357825930984551,1,0.657460367936829,2,0.6139083677760151,0.1621263923984511,0.223965239825534,0.6139083677760151
b9ce56f7c98a06b7,2024-04-30,MARIAM - PEREN (PKG 1B),Ongoing,General,Unknown Agency,,0,473.18,10.0,4.0,469.18,1000.0,,1,,,,False,False,0,0,,,,1,0.0,,2,5.0,0.0,Unknown State,89.0,,1,0.4716716507863552,0,0.4364174332552332,2,0.5171744823803649,0.3713300351609176,0.1114954824587177,0.5171744823803649
ba155f0a95498337,2024-04-30,AT PARADIP,Ongoing,General,Unknown Agency,,0,1587.0,0.0,1587.0,0.0,0.0,,1,,,,False,False,0,0,,,,1,0.0,,3,8.0,0.0,Unknown State,12.0,,1,0.5446475426532676,0,0.4237771954553372,2,0.6849067199140727,0.1984876496052966,0.1166056304806304,0.6849067199140727
ba82dd758a30680f,2024-04-30,JOGIGHOPA BRIDGE,Ongoing,General,Unknown Agency,,0,355.79,10.0,3.0,352.79,1000.0,,1,,,,False,False,0,0,,,,1,0.0,,2,32.0,0.0,Unknown State,81.0,,0,0.4407279208450426,1,0.5238008567787961,2,0.5928072111067467,0.3750275333971153,0.0321652554961378,0.5928072111067467
bac8251085bba086,2024-04-30,IMPROVEMENTS FRO,Ongoing,General,Unknown Agency,,0,4.0,-0.99802371541502,2024.0,-2020.0,-99.80237154150198,,1,,,,False,False,0,0,,,,1,0.0,,1,3.0,0.0,Unknown State,102.0,,1,0.4753433234642366,1,0.8517543090866795,2,0.8730194699091757,0.0307983405483405,0.0961821895424836,0.8730194699091757
baff063fb19a9b6d,2024-04-30,AIRSIDE FACILITIES AT TIRUCHIRAPALLI INTERNATIONAL AI,Ongoing,General,Unknown Agency,,0,417.23,10.0,10.0,407.23,1000.0,,1,,,,False,False,0,0,48.0,,,1,0.0,,2,-4.0,120.0,Unknown State,122.0,,0,0.4174661700154291,0,0.4418823148951007,2,0.6442892695539755,0.2567983984969279,0.0989123319490966,0.6442892695539755
bb07b3e17dc76f17,2024-04-30,REPANPALLI TO SIRONCHA,Ongoing,General,Unknown Agency,,0,4.0,-0.913288532408411,46.13,-42.13,-91.3288532408411,,1,,,,False,False,0,0,,,,1,0.0,,1,2.0,0.0,Unknown State,50.0,,1,0.5145855106235769,1,0.9005308706187466,2,0.9565944749694748,0.0098571428571428,0.0335483821733821,0.9565944749694748
bb0da598cadfde07,2024-04-30,BYPASS TO KHARWANDI KASAR SECTION OF NH-222 FROM,Ongoing,General,Unknown Agency,,0,2024.0,10.0,150.0,1874.0,1000.0,,1,,,,False,False,0,0,,,,1,0.0,,3,-4.0,0.0,Unknown State,107.0,,1,0.4669426365592355,0,0.2820056468116033,0,0.5243583222333222,0.5243583222333222,0.2072953296703296,0.2683463480963481
bb4ac2345a917ff0,2024-04-30,(PACKAGE-I) - N/05060/01002/A,Ongoing,General,PACKAGE-I,,0,409.26,-0.3420680342100186,622.04,-212.78,-34.206803421001865,,1,,,,False,False,0,0,,,,1,0.0,,2,9.0,0.0,Unknown State,37.0,,1,0.5036765628125419,1,0.5872149994644998,2,0.6438707011942306,0.2368018868386515,0.1193274119671178,0.6438707011942306
bb59c5649661450c,2024-04-30,.300 TO  KM 481.331 OF NH-44,Ongoing,General,Unknown Agency,,0,744.64,10.0,3.0,741.64,1000.0,,1,,,,False,False,0,0,,,,1,0.0,,2,3.0,0.0,Unknown State,88.0,,1,0.4721897068111145,0,0.4794254622862287,2,0.5505314881197234,0.3466959747768572,0.1027725371034194,0.5505314881197234
bb5ca77d84577eb3,2024-04-30,"SINGRAULI SUPER THERMAL POWER PROJECT, STAGE-III (2X800 MW)",Ongoing,General,Unknown Agency,,0,430.76,10.0,12.0,418.76,1000.0,,1,,,,False,False,0,0,,,,1,0.0,,2,70.0,0.0,STAGE-III (2X800 MW) -,110.0,,0,0.4336421965426514,0,0.4804171984168672,2,0.5129865077732725,0.3409065436197789,0.1461069486069486,0.5129865077732725
bb5e1da66cfba9ff,2024-04-30,"APRON, LINK TAX",Ongoing,General,Unknown Agency,,0,12.0,-0.8554216867469878,83.0,-71.0,-85.54216867469879,,0,,,,False,False,0,0,,,,1,0.0,,1,11.0,0.0,LINK TAX -,99.0,,1,0.4683890450087142,1,0.9248527634158084,2,0.8635367717078245,0.0902828268223005,0.0461804014698751,0.8635367717078245
bb836eeaa672a2c3,2024-04-30,AHMEDABAD (16.51 KM)  (PB#29/NR/202,Ongoing,General,Unknown Agency,,0,2.0,-0.9476439790575916,38.2,-36.2,-94.76439790575915,,1,,,,False,False,0,0,,,,1,0.0,,1,42.0,0.0,Unknown State,56.0,,1,0.4731747728367847,1,0.904145680261216,2,0.9451695110445112,0.0327523448773448,0.022078144078144,0.9451695110445112
bc0448bde69854b9,2024-04-30,JUNCTION WITH SHAMLI-AMBALA SECTION,Ongoing,General,Unknown Agency,,0,1589.0,10.0,12.0,1577.0,1000.0,,1,,,,False,False,0,0,,,,1,0.0,,3,18.0,0.0,Unknown State,34.0,,1,0.4992752348734233,0,0.2963809775202333,2,0.4894766148883797,0.4344355285237638,0.0760878565878565,0.4894766148883797
bc2dcf4fcfc52708,2024-04-30,KM 113.730 (VIKAS) TO KM 140.000 (RAMPUR) (PKG-,Ongoing,General,VIKAS,,0,2024.0,10.0,150.0,1874.0,1000.0,,1,,,,False,False,0,0,,,,1,0.0,,3,-4.0,0.0,Unknown State,59.0,,1,0.4898315018183179,0,0.3014349105155793,0,0.489142438443909,0.489142438443909,0.1843563103563103,0.3265012511997806
bc33c94e5adb1cd1,2024-04-30,AHMEDNAGAR-PARLI VAIJNATH(NL) CR,Ongoing,General,Indian Railways (NL),,0,547.33,10.0,2.0,545.33,1000.0,,1,,,,False,False,0,0,,,,1,0.0,,2,20.0,0.0,Unknown State,45.0,,1,0.4781216207232155,0,0.4800284464231709,2,0.5620200444979858,0.3812250437471025,0.0567549117549117,0.5620200444979858
bc81d07b56b7ac76,2024-04-30,KHAIRAR BHIMSEN DOUBLING,Ongoing,General,Unknown Agency,,0,33690.0,10.0,4.0,33686.0,1000.0,,1,,,,False,False,0,0,,,,1,0.0,,3,23.0,0.0,Unknown State,83.0,,1,0.4522045967639938,0,0.2969227925165372,0,0.4987541902541902,0.4987541902541902,0.1102736291486291,0.3909721805971806
bcd991d12910dcbc,2024-04-30,(GAS AUTHORITY OF INDIA LIMITED),Ongoing,General,GAS AUTHORITY OF INDIA LIMITED,,0,6.0,-0.9946043165467624,1112.0,-1106.0,-99.46043165467626,,1,,,,False,False,0,0,,,,1,0.0,,1,-21.0,0.0,Unknown State,37.0,,1,0.5165951601937764,1,0.8509844734203259,2,0.8953867292837882,0.0675787774317186,0.0370344932844932,0.8953867292837882
bcecaf2c2687d12f,2024-04-30,CORNER (PKG-I),Ongoing,General,NHAI (Contract),,0,467.41,10.0,8.0,459.41,1000.0,,1,,,,False,False,0,0,,,,1,0.0,,2,4.0,0.0,Unknown State,36.0,,1,0.4998686237586187,0,0.4774042530504143,0,0.4969589397530575,0.4969589397530575,0.0446324231324231,0.4584086371145194
bd11b75a13b7dc5c,2024-04-30,(OLD NH-47) FROM KM. 517+250 TO KM.54,Ongoing,General,Unknown Agency,,0,2146.86,10.0,3.0,2143.86,1000.0,,1,,,,False,False,0,0,,,,1,0.0,,3,16.0,0.0,Unknown State,41.0,,1,0.5037124511865911,0,0.2872797391587702,0,0.4438994631099893,0.4438994631099893,0.1421974553224552,0.4139030815675553
bd4c3b517a56c9ec,2024-04-30,TAMENGLONG - MAHUR PKG-3,Ongoing,General,Unknown Agency,,0,18.0,3.5,4.0,14.0,350.0,,1,,,,False,False,0,0,,,,1,0.0,,1,0.0,0.0,Unknown State,0.0,,1,0.5354619518598918,1,0.8579816266050032,2,0.8560866823235245,0.1151283526415105,0.028784965034965,0.8560866823235245
bd946c829d10bbb2,2024-04-30,.700 TO KM. 77.000] (MASVAN - GANJAD),Ongoing,General,MASVAN - GANJAD,,0,895.39,10.0,1.0,894.39,1000.0,,1,,,,False,False,0,0,,,,1,0.0,,2,-1.0,0.0,Unknown State,74.0,,1,0.4619360355138263,0,0.4713374668752965,2,0.5492252094310917,0.376126716420834,0.0746480741480741,0.5492252094310917
bdec7048449916da,2024-04-30,PAVED  SHOULDERS/4-LANE CONFIGURATION OF PAONTA,Ongoing,General,Unknown Agency,,0,206.13,10.0,2.0,204.13,1000.0,,1,,,,False,False,0,0,,,,1,0.0,,2,-36.0,0.0,Unknown State,38.0,,1,0.5080362227903692,1,0.635199936606064,2,0.5588746923011629,0.375320649938297,0.0658046577605401,0.5588746923011629
bdfaa9d644026128,2024-04-30,EFFLUENT STANDARDS OF BOD – 10MG/L,Ongoing,General,Unknown Agency,,0,344.81,10.0,5.0,339.81,1000.0,,1,,,,False,False,0,0,,,,1,0.0,,2,-7.0,0.0,Unknown State,76.0,,1,0.4680502819449881,1,0.5511636644034708,2,0.6920086318909849,0.2616483222659693,0.0463430458430458,0.6920086318909849
be0617b9b2c998b0,2024-04-30,TO KM 137.00 (DESIGN,Ongoing,General,Unknown Agency,,0,12.0,-0.6129032258064516,31.0,-19.0,-61.29032258064516,,1,,,,False,False,0,0,,,,1,0.0,,1,1.0,0.0,Unknown State,101.0,,1,0.4673397508609307,1,0.8782923615123108,2,0.8330653235653235,0.1294716117216117,0.0374630647130647,0.8330653235653235
be1cb90d6955f9c3,2024-04-30,KATNI BYPASS FROM KM. 359.50 TO KM. 378.50,Ongoing,General,Unknown Agency,,0,9.0,-0.910891089108911,101.0,-92.0,-91.0891089108911,,1,,,,False,False,0,0,,,,1,0.0,,1,2.0,0.0,Unknown State,33.0,,1,0.5197425761360617,1,0.8817251100628787,2,0.9275143467643469,0.037937271062271,0.0345483821733821,0.9275143467643469
be347c7dfeccf4ea,2024-04-30,MALE VILLAGE TO PUNE RAIGARH DISTRICT BORDER,Ongoing,General,Unknown Agency,,0,17.0,-0.7763157894736843,76.0,-59.0,-77.63157894736842,,1,,,,False,False,0,0,,,,1,0.0,,1,-6.0,0.0,Unknown State,96.0,,1,0.4664063785438573,1,0.8817898856200371,2,0.9448158646908648,0.020572261072261,0.0346118742368742,0.9448158646908648
be57f4409156175d,2024-04-30,.300 OF NH- 5 (SHIMLA BYPASS,Ongoing,General,Unknown Agency,,0,976.4,-0.5175889328063241,2024.0,-1047.6,-51.758893280632414,,1,,,,False,False,0,0,,,,1,0.0,,2,24.0,0.0,Unknown State,2.0,,1,0.4954620691596236,1,0.6005519355391248,2,0.5618189571866042,0.1932464996304005,0.2449345431829951,0.5618189571866042
beb34203d5bd6bf7,2024-04-30,-LANNING OF THALSERRY -MAHE BYPASS,Ongoing,General,Unknown Agency,,0,183.4,2.056666666666666,60.0,123.4,205.66666666666663,,1,,,,False,False,0,0,,,,1,0.0,,2,-2.0,0.0,Unknown State,47.0,,1,0.506475429641066,1,0.6985578306544824,2,0.7576584697981755,0.1853621166415283,0.0569794135602959,0.7576584697981755
bed78f2a7423722c,2024-04-30,TUKARAM MARG),Ongoing,General,Unknown Agency,,0,601.0,10.0,11.0,590.0,1000.0,,1,,,,False,False,0,0,,,,1,0.0,,2,2.0,0.0,Unknown State,33.0,,1,0.5078637800644507,0,0.4399168458214302,0,0.5157368815395132,0.5157368815395132,0.1101662336201809,0.3740968848403057
bee444802ae0530f,2024-04-30,"LPS OF MUZAFFARNAGAR TO MIRANPUR SECTION OF NH-709AD, PKG-III",Ongoing,General,Unknown Agency,,0,1769.5,10.0,4.0,1765.5,1000.0,,1,,,,False,False,0,0,,,,1,0.0,,3,0.0,0.0,PKG-III -,24.0,,1,0.5227597465507801,0,0.3186452962766467,2,0.4012629870129868,0.2746229603729604,0.3241140526140526,0.4012629870129868
bee664ed79d7acd4,2024-04-30,CONFIGURATION FROM EXISTING KM. 420.00,Ongoing,General,Unknown Agency,,0,2.0,1.0,1.0,1.0,100.0,,1,,,,False,False,0,0,,,,1,0.0,,1,17.0,0.0,Unknown State,31.0,,1,0.5108864858366817,1,0.8695964893283363,2,0.938218786932022,0.0570284658152305,0.0047527472527472,0.938218786932022
bf0911493fa071e2,2024-04-30,KEIFANG - TUVAI PKG-3,Ongoing,General,Unknown Agency,,0,6.0,-0.9970326409495548,2022.0,-2016.0,-99.70326409495549,,1,,,,False,False,0,0,,,,1,0.0,,1,10.0,0.0,Unknown State,32.0,,1,0.5226712627787585,1,0.869140261400196,2,0.8808457686104745,0.0213578643578643,0.0977963670316611,0.8808457686104745
bf33742c8894cae3,2024-04-30,KALPI SOLAR POWER PROJECT,Ongoing,General,Unknown Agency,,0,7.0,0.75,4.0,3.0,75.0,,1,,,,False,False,0,0,,,,1,0.0,,1,-1.0,0.0,Unknown State,47.0,,1,0.5209801605338853,1,0.8566516329966264,2,0.9162681256651845,0.0580334616364028,0.0256984126984127,0.9162681256651845
bf3c0918749da623,2024-04-30,CH KM 58.245 TO KM. 108.600) PKG-I.,Ongoing,General,Unknown Agency,,0,170.57,10.0,3.0,167.57,1000.0,,1,,,,False,False,0,0,,,,1,0.0,,2,2.0,0.0,Unknown State,75.0,,1,0.4690471104962636,1,0.6642965991669046,2,0.6927422830437535,0.275991159983807,0.0312665569724393,0.6927422830437535
bf3d5df57392be6c,2024-04-30,.284 TO KM 57.049 OF NH-98,Ongoing,General,Unknown Agency,,0,1307.95,10.0,5.0,1302.95,1000.0,,1,,,,False,False,0,0,,,,1,0.0,,3,8.0,0.0,Unknown State,11.0,,1,0.5337312760610982,0,0.3026548745756032,2,0.5248708929958931,0.330835261960262,0.144293845043845,0.5248708929958931
bf58275a73b7c2a4,2024-04-30,"CONSTRUCTION OF LPG FACILITIES AT KAMARDANGA, ASSAM",Ongoing,General,Unknown Agency,,0,3919.0,10.0,12.0,3907.0,1000.0,,1,,,,False,False,0,0,,,,1,0.0,,3,23.0,0.0,ASSAM -,39.0,,1,0.4894983531741464,0,0.3156229537738708,1,0.369350246975247,0.3212394827394829,0.369350246975247,0.3094102702852701
bfac18f2d867514d,2024-04-30,DOGINALA - GAU,Ongoing,General,Unknown Agency,,0,553.51,10.0,4.0,549.51,1000.0,,1,,,,False,False,0,0,,,,1,0.0,,2,8.0,0.0,Unknown State,92.0,,1,0.4716716507863552,0,0.430722394633724,2,0.6148856200988555,0.2732884101192925,0.1118259697818521,0.6148856200988555
bff9181df497ec4c,2024-04-30,Paradip Refinery,Ongoing,General,Unknown Agency,,0,4497.0,10.0,5.0,4492.0,1000.0,,1,,,,False,False,0,0,,,,1,0.0,,3,8.0,0.0,Unknown State,103.0,,1,0.47202828589105,0,0.3069230846866684,0,0.4300252678607941,0.4300252678607941,0.1759982378732379,0.3939764942659681
c01470e12eca51fe,2024-04-30,LANE ROAD FROM KM. 83.00 TO KM 101.00 ON NH-,Ongoing,General,Unknown Agency,,0,3.0,-0.6666666666666665,9.0,-6.0,-66.66666666666666,,0,,,,False,True,0,0,,,,1,0.0,,1,-15.0,0.0,Unknown State,34.0,,1,0.5213996320694373,1,0.87042151324936,2,0.8243137091666504,0.1428582438803027,0.0328280469530469,0.8243137091666504
c03950c1a5170d73,2024-04-30,SECTION CONNECTING NH-24 TO NH-87 BY,Ongoing,General,Unknown Agency,,0,1229.38,10.0,3.0,1226.38,1000.0,,1,,,,False,False,0,0,,,,1,0.0,,3,7.0,0.0,Unknown State,44.0,,1,0.5114146778454034,0,0.2993215412422698,2,0.528169618779913,0.2887543412469883,0.1830760399730987,0.528169618779913
c039980a011be14d,2024-04-30,KOPARGAON TO SAVALI VIHIR SECTION,Ongoing,General,Unknown Agency,,0,559.0,-0.7238142292490118,2024.0,-1465.0,-72.38142292490119,,1,,,,False,False,0,0,,,,1,0.0,,2,3.0,0.0,Unknown State,28.0,,1,0.5245455852172723,1,0.6493555469287835,2,0.6158225091901566,0.1796263923984512,0.2045510984113925,0.6158225091901566
c06d29f4dc799ccf,2024-04-30,CHIRIMIRI-NAGPUR HALT,Ongoing,General,Unknown Agency,,0,2.0,1.0,1.0,1.0,100.0,,1,,,,False,False,0,0,,,,1,0.0,,1,74.0,0.0,Unknown State,90.0,,0,0.4423271446088853,1,0.8695964893283363,2,0.9078467284349634,0.0848840407958054,0.0072692307692307,0.9078467284349634
c0a9d86a56d13ddc,2024-04-30,OPENCAST PROJECT,Ongoing,General,Unknown Agency,,0,2.0,1.0,1.0,1.0,100.0,,1,,,,False,False,0,0,,,,1,0.0,,1,11.0,0.0,Unknown State,91.0,,1,0.4727575058487355,1,0.8695964893283363,2,0.9503271867021869,0.0207533993783993,0.0289194139194139,0.9503271867021869
c0bbe3e630aed0f8,2024-04-30,/300 UNDER HYBRID ANNUITY MODE,Ongoing,General,Unknown Agency,,0,152.03,10.0,3.0,149.03,1000.0,,1,,,,False,False,0,0,,,,1,0.0,,2,-1.0,0.0,Unknown State,72.0,,1,0.4693519984928541,1,0.6801242736256755,2,0.8068315369271251,0.1577696217181511,0.0353988413547237,0.8068315369271251
c0be379738faa3ad,2024-04-30,.700,Ongoing,General,Unknown Agency,,0,21.0,-0.125,24.0,-3.0,-12.5,,1,,,,False,False,0,0,,,,1,0.0,,1,2.0,0.0,Unknown State,40.0,,1,0.5154915251756951,1,0.8679887253568674,2,0.9132280636030634,0.049179945054945,0.0375919913419913,0.9132280636030634
c0fbbf037d391a8d,2024-04-30,PROJECT,Ongoing,General,Unknown Agency,,0,5.0,0.25,4.0,1.0,25.0,,1,,,,False,False,0,0,,,,1,0.0,,1,2.0,0.0,Unknown State,57.0,,1,0.5042212543640318,1,0.8544543546397877,2,0.9379325396825396,0.0390912698412698,0.0229761904761904,0.9379325396825396
c1064a19518e0b04,2024-04-30,.00 TO KM . 83.785),Ongoing,General,Unknown Agency,,0,1272.97,10.0,11.0,1261.97,1000.0,,1,,,,False,False,0,0,,,,1,0.0,,3,-8.0,0.0,Unknown State,45.0,,1,0.5077782036437073,0,0.2887686094961006,0,0.6737116967999319,0.6737116967999319,0.0982640415140415,0.2280242616860264
c10eaf26e6c8a7f4,2024-04-30,GODAVARIKHANI  COAL MINE,Ongoing,General,Unknown Agency,,0,8.0,-0.4285714285714285,14.0,-6.0,-42.85714285714285,,1,,,,False,False,0,0,,,,1,0.0,,1,11.0,0.0,Unknown State,55.0,,1,0.5080416164965972,1,0.8730579984955389,2,0.9373754995004994,0.0159583333333333,0.0466661671661671,0.9373754995004994
c138fe7cc9519a60,2024-04-30,(GOLAI GAON) ON EXISTING DIBRUGARH,Ongoing,General,GOLAI GAON,,0,693.0,10.0,6.0,687.0,1000.0,,1,,,,False,False,0,0,,,,1,0.0,,2,20.0,0.0,Unknown State,18.0,,1,0.4920001276274623,0,0.4679368820788482,2,0.5441188158246982,0.39974239241151,0.0561387917637917,0.5441188158246982
c1631a3e2af02996,2024-04-30,TALCHAR TO END OF KAMAKHYANAG,Ongoing,General,Unknown Agency,,0,1227.87,10.0,17.0,1210.87,1000.0,,1,,,,False,False,0,0,,,,1,0.0,,3,2.0,0.0,Unknown State,46.0,,1,0.5073704624788142,0,0.2955124559708607,0,0.6119126338637209,0.6119126338637209,0.1186157127896258,0.2694716533466534
c163ddece220a880,2024-04-30,TO AJARA (DESIGN CH.100+835) SE,Ongoing,General,Unknown Agency,,0,2.0,1.0,1.0,1.0,100.0,,1,,,,False,False,0,0,,,,1,0.0,,1,7.0,0.0,Unknown State,44.0,,1,0.5221361554804494,1,0.8695964893283363,2,0.9025090048840048,0.0597533993783993,0.0377375957375957,0.9025090048840048
c17f7ada92fd6802,2024-04-30,(10 TO 20 MTPA),Ongoing,General,Unknown Agency,,0,3.0,-0.5714285714285714,7.0,-4.0,-57.14285714285714,,1,,,,False,False,1,0,,,,1,0.0,,1,2.0,0.0,Unknown State,-57.0,,1,0.6103748644646353,1,0.9033510288787336,2,0.9494052614052612,0.0222619047619047,0.0283328338328338,0.9494052614052612
c18cedc4b53255f0,2024-04-30,(PKG-III),Ongoing,General,PKG-III,,0,570.98,10.0,2.0,568.98,1000.0,,1,,,,False,False,0,0,,,,1,0.0,,2,2.0,0.0,Unknown State,28.0,,1,0.4999550880743579,0,0.4635021781686644,2,0.56766818475642,0.3481023184332009,0.0842294968103791,0.56766818475642
c1a9d6142942a572,2024-04-30,GUWAHATI,Ongoing,General,Unknown Agency,,0,611.8,0.0,611.8,0.0,0.0,,1,,,,False,False,0,0,48.0,,,1,0.0,,2,11.0,0.0,Unknown State,24.0,,1,0.5177202408922525,1,0.5003894289849883,2,0.7991909087644382,0.1436602180499239,0.0571488731856378,0.7991909087644382
c1ce7bc0d7f10d81,2024-04-30,CENTRE FOR DISABILITY SPORTS,Ongoing,General,Unknown Agency,,0,271.39,10.0,3.0,268.39,1000.0,,1,,,,False,False,0,0,,,,1,0.0,,2,-1.0,0.0,Unknown State,60.0,,1,0.4923190430371157,1,0.6112421311654146,2,0.5894535603285606,0.366648199023199,0.0438982406482406,0.5894535603285606
c1e4a5132bac13d6,2024-04-30,MARIKUPPAM - KUPPAM,Ongoing,General,Unknown Agency,,0,492.87,10.0,3.0,489.87,1000.0,,0,,,,False,False,0,0,,,,1,0.0,,2,26.0,0.0,Unknown State,99.0,,0,0.4396725289890982,0,0.4348038221160948,2,0.5302844071133547,0.426611294407347,0.0431042984792984,0.5302844071133547
c21934e5a3178b93,2024-04-30,(PKG-III),Ongoing,General,PKG-III,,0,17.0,-0.7424242424242425,66.0,-49.0,-74.24242424242425,,1,,,,False,False,0,0,,,,1,0.0,,1,10.0,0.0,Unknown State,44.0,,1,0.5039864737274683,1,0.8801298556198293,2,0.9337463092463092,0.0428804528804528,0.0233732378732378,0.9337463092463092
c22e74b1076d3d9c,2024-04-30,+000) TO MARRIPUDI (CH. 285+500) OF [,Ongoing,General,Unknown Agency,,0,813.66,10.0,2.0,811.66,1000.0,,1,,,,False,False,0,0,,,,1,0.0,,2,22.0,0.0,Unknown State,24.0,,1,0.4928516705150007,0,0.4609094312883757,2,0.585327824952825,0.3521080308580309,0.0625641441891441,0.585327824952825
c274894c0d5ee696,2024-04-30,TO BOGIBEEL JUNCTION NEAR LAPETKETA (KM. 561,Ongoing,General,Unknown Agency,,0,167.28,10.0,2.0,165.28,1000.0,,1,,,,False,False,0,0,,,,1,0.0,,2,-8.0,0.0,Unknown State,78.0,,1,0.4679927751918833,1,0.6712239171386974,2,0.727934174485645,0.2382992685419155,0.0337665569724393,0.727934174485645
c2878242f50e3861,2024-04-30,MOHANPUR EXPANSION OC  PHASE II,Ongoing,General,Unknown Agency,,0,2024.0,10.0,150.0,1874.0,1000.0,,1,,,,False,False,0,0,,,,1,0.0,,3,23.0,0.0,Unknown State,64.0,,1,0.4703895876750399,0,0.2820056468116033,0,0.4211341575091575,0.4211341575091575,0.1951721195471195,0.383693722943723
c2970704336b9a0f,2024-04-30,TO KM 161/300 ON NH 85 (OLD NH 49),Ongoing,General,Unknown Agency,,0,2.0,1.0,1.0,1.0,100.0,,1,,,,False,False,0,0,,,,1,0.0,,1,-10.0,0.0,Unknown State,53.0,,1,0.5112833379420348,1,0.8695964893283363,2,0.8999374702095291,0.0780790133069544,0.0219835164835164,0.8999374702095291
c2d4af6eea1a0b46,2024-04-30,TEHRI PUMPED STORAGE PLANT(1000MW),Ongoing,General,Unknown Agency,,0,23.0,4.75,4.0,19.0,475.0,,1,,,,False,False,0,0,,,,1,0.0,,1,6.0,0.0,Unknown State,67.0,,1,0.4808862809550622,1,0.8414838351418136,2,0.850896317133159,0.0893338693470272,0.0597698135198135,0.850896317133159
c32a487e3cd0ecf4,2024-04-30,TAMENGLONG - MAHUR PKG-6,Ongoing,General,Unknown Agency,,0,379.39,10.0,8.0,371.39,1000.0,,1,,,,False,False,0,0,,,,1,0.0,,2,6.0,0.0,Unknown State,50.0,,1,0.5063574793181238,0,0.497306905887746,2,0.6584875875758229,0.2778038570906218,0.0637085553335553,0.6584875875758229
c338a258356c706b,2024-04-30,DISTRICTS,Ongoing,General,Unknown Agency,,0,6.0,2.0,2.0,4.0,200.0,,1,,,,False,False,0,0,,,,1,0.0,,1,64.0,0.0,Unknown State,122.0,,0,0.4391230026077163,1,0.8532271778932402,2,0.8077016733266731,0.1813783022533022,0.0109200244200244,0.8077016733266731
c3434a8757e5252f,2024-04-30,UCE OF EPR OF NORTH URIMARI OCP,Ongoing,General,Unknown Agency,,0,10.0,1.0,5.0,5.0,100.0,,1,,,,False,False,0,0,,,,1,0.0,,1,23.0,0.0,Unknown State,125.0,,0,0.4483347809272662,1,0.8625911710149335,2,0.9451732295482294,0.0480853174603174,0.0067414529914529,0.9451732295482294
c3faaa32aee967e1,2024-04-30,(SCR),Ongoing,General,Indian Railways (SCR),,0,4.0,0.3333333333333332,3.0,1.0,33.33333333333333,,1,,,,False,False,0,0,,,,1,0.0,,1,35.0,0.0,Unknown State,179.0,,0,0.4308457058138354,1,0.8676968208767534,2,0.9658015873015872,0.0266984126984126,0.0075,0.9658015873015872
c433f83848fa116a,2024-04-30,SECTION OF NH 516E,Ongoing,General,Unknown Agency,,0,293.64,10.0,3.0,290.64,1000.0,,1,,,,False,False,0,0,,,,1,0.0,,2,-1.0,0.0,Unknown State,72.0,,1,0.4685140548348087,1,0.6056990883127514,2,0.6045142831025188,0.3538295397413044,0.0416561771561771,0.6045142831025188
c4478526db5e4786,2024-04-30,INCLUDING GANGA BRIDGE,Ongoing,General,Unknown Agency,,0,528.57,10.0,8.0,520.57,1000.0,,1,,,,False,False,0,0,,,,1,0.0,,2,11.0,0.0,Unknown State,115.0,,1,0.4661915269728398,0,0.4506919713533007,2,0.4973877606311819,0.3971527018303334,0.1054595375384849,0.4973877606311819
c465b9f116fe7175,2024-04-30,"STRUCTURES, PHASE I AND II",Ongoing,General,Unknown Agency,,0,353.25,10.0,8.0,345.25,1000.0,,1,,,,False,False,0,0,48.0,,,1,0.0,,2,8.0,76.0,PHASE I AND II -,76.0,,0,0.4260954570974702,1,0.5345262124795148,2,0.7252354247060129,0.0823190820617291,0.1924454932322579,0.7252354247060129
c46fa24ca11d0b09,2024-04-30,TO KM 59+199 (PACKAGE-C) ON EPC,Ongoing,General,PACKAGE-C,,0,486.7,-0.758940069341258,2019.0,-1532.3,-75.8940069341258,,1,,,,False,False,0,0,,,,1,0.0,,2,35.0,0.0,Unknown State,0.0,,1,0.4822350462557205,1,0.6770493429836175,2,0.6889676467323526,0.166880994005994,0.1441513592616533,0.6889676467323526
c479b43b86d84c44,2024-04-30,TH LINE - RAJNANDGAON-DONGARHGARH (31.2 KM) (PB#72/NR/2022-23),Ongoing,General,Unknown Agency,,0,12.0,0.0,12.0,0.0,0.0,,1,,,,False,False,0,0,,,,1,0.0,,1,29.0,0.0,Unknown State,33.0,,1,0.4890559713499408,1,0.871743850995867,2,0.931310286935287,0.0666063797313797,0.0020833333333333,0.931310286935287
c4a9367c37e3f6cb,2024-04-30,ODISHA,Ongoing,General,Unknown Agency,,0,2.0,1.0,1.0,1.0,100.0,,1,,,,False,False,0,0,,,,1,0.0,,1,1.0,0.0,Unknown State,56.0,,1,0.5063135706008213,1,0.8695964893283363,2,0.8854161859382446,0.0926002975782387,0.0219835164835164,0.8854161859382446
c4c46d2cecdb9754,2024-04-30,YANGANG SOUTH SIKKIM,Ongoing,General,Unknown Agency,,0,9.0,-0.992248062015504,1161.0,-1152.0,-99.2248062015504,,1,,,,False,False,0,0,,,,1,0.0,,1,8.0,0.0,Unknown State,135.0,,1,0.4719939129212405,1,0.8777896472906133,2,0.9315596625596626,0.0085238095238095,0.0599165279165279,0.9315596625596626
c4ca158acbf7215c,2024-04-30,OPENCAST PROJECT,Ongoing,General,Unknown Agency,,0,17237.0,10.0,7.0,17230.0,1000.0,,0,,,,False,False,0,0,,,,1,0.0,,3,11.0,0.0,Unknown State,104.0,,1,0.4696124287759388,0,0.2938822144175934,0,0.4369017094017094,0.4369017094017094,0.1839658535908535,0.379132437007437
c505fbf524e4eb9a,2024-04-30,AJANTHA TO BULDHANA,Ongoing,General,Unknown Agency,,0,3.0,-0.8125,16.0,-13.0,-81.25,,0,,,,False,True,0,0,,,,1,0.0,,1,-4.0,0.0,Unknown State,81.0,,1,0.4688157907733288,1,0.8699518260586485,2,0.8159860090889502,0.1340577388297976,0.049956252081252,0.8159860090889502
c52ec3cba8045ff7,2024-04-30,HAMIRPUR BYPASS (NEAR CHILBAHA,Ongoing,General,Unknown Agency,,0,3565.82,10.0,11.0,3554.82,1000.0,,1,,,,False,False,0,0,,,,1,0.0,,3,12.0,0.0,Unknown State,41.0,,1,0.5125386386055474,0,0.2824769586615685,0,0.4081778499278499,0.4081778499278499,0.2124599428349428,0.3793622072372072
c53799062f41fec3,2024-04-30,IN COMMAND AREA OF NAJAFHARH DRAIN DHANSA TO,Ongoing,General,Unknown Agency,,0,578.89,10.0,8.0,570.89,1000.0,,1,,,,False,False,0,0,,,,1,0.0,,2,-47.0,0.0,Unknown State,33.0,,1,0.5075545667421216,0,0.430678634373829,0,0.5132150978106859,0.5132150978106859,0.1017939751596872,0.3849909270296268
c54bc0f3271f83b4,2024-04-30,BAGHMARA (RMB) PKG-3,Ongoing,General,RMB,,0,10.0,1.5,4.0,6.0,150.0,,1,,,,False,False,0,0,,,,1,0.0,,1,2.0,0.0,Unknown State,44.0,,1,0.5170025207764336,1,0.8606121369633939,2,0.9072933784052204,0.0756437400318979,0.0170628815628815,0.9072933784052204
c55cda25dcf83cb2,2024-04-30,"CGD PROJECT AT AURANGABAD, KAIMUR AND ROHTAS DISTRICTS",Ongoing,General,Unknown Agency,,0,980.45,10.0,9.0,971.45,1000.0,,1,,,,False,False,0,0,,,,1,0.0,,2,58.0,0.0,KAIMUR AND ROHTAS DISTRICTS -,77.0,,0,0.4378416216007577,0,0.4445694394679742,2,0.4440521365889013,0.3268257632889986,0.2291221001221001,0.4440521365889013
c57a1e2233b29ddf,2024-04-30,PETROCHEMICAL PLANTS AND EXPANSION OF,Ongoing,General,Unknown Agency,,0,621.87,10.0,3.0,618.87,1000.0,,1,,,,False,False,0,0,,,,1,0.0,,2,49.0,0.0,Unknown State,62.0,,1,0.4554843158974474,0,0.4205931506486784,2,0.5713707126207126,0.3804970723720725,0.048132215007215,0.5713707126207126
c58119679d4dcd36,2024-04-30,FROM KM. 180.000 TO  KM. 209.827 OF N,Ongoing,General,Unknown Agency,,0,3219.47,10.0,20.0,3199.47,1000.0,,1,,,,False,False,0,0,,,,1,0.0,,3,13.0,0.0,Unknown State,13.0,,1,0.5330684837342858,0,0.2892208051363286,0,0.4393043900543902,0.4393043900543902,0.2723091491841491,0.2883864607614607
c58454646062a649,2024-04-30,CO,Ongoing,General,Unknown Agency,,0,12.0,1.4,5.0,7.0,140.0,,1,,,,False,False,0,0,,,,1,0.0,,1,3.0,0.0,Unknown State,43.0,,1,0.5231382565981112,1,0.859021221502267,2,0.8861255966255964,0.0730320512820512,0.040842352092352,0.8861255966255964
c5d33ac73129adef,2024-04-30,BIMALAGARH(NL)(ECOR),Ongoing,General,Indian Railways (NL),,0,4.0,0.3333333333333332,3.0,1.0,33.33333333333333,,1,,,,False,False,0,0,,,,1,0.0,,1,23.0,0.0,Unknown State,131.0,,0,0.4396993546500538,1,0.8506713876788062,2,0.9270089077589077,0.0618951326451326,0.0110959595959595,0.9270089077589077
c611c853f50ac3ce,2024-04-30,NAUROJI NAGAR,Ongoing,General,Unknown Agency,,0,1.0,-0.9411764705882352,17.0,-16.0,-94.11764705882352,,1,,,,False,False,0,0,,,,1,0.0,,1,1.0,0.0,Unknown State,88.0,,1,0.469655691891999,1,0.9063549825867974,2,0.9575845543345544,0.0088273809523809,0.0335880647130647,0.9575845543345544
c615dce8dc5e4788,2024-04-30,DCU REVAMP PROJECT,Ongoing,General,Unknown Agency,,0,1295.0,10.0,3.0,1292.0,1000.0,,1,,,,False,False,0,0,,,,1,0.0,,3,11.0,0.0,Unknown State,36.0,,1,0.5121704233301424,0,0.3026548745756032,2,0.5576440838573192,0.3099619310428133,0.1323939850998674,0.5576440838573192
c636b493b309bf54,2024-04-30,SHIMOGA-SHIKARIPURA-RANEBENNUR  (UMBRELLA WORK PB#23/2018-19/NR),Ongoing,General,Unknown Agency,,0,73.1,-0.7991758241758241,364.0,-290.9,-79.91758241758241,,1,,,,False,False,0,0,,,,1,0.0,,1,44.0,0.0,Unknown State,87.0,,0,0.4341519538371645,1,0.8826328753717964,2,0.8325043102322514,0.0734079025549613,0.0940877872127872,0.8325043102322514
c639e4a4c11a287f,2024-04-30,OF SPUR] (BHOJ - MORBE),Ongoing,General,BHOJ - MORBE,,0,1003.38,10.0,10.0,993.38,1000.0,,1,,,,False,False,0,0,,,,1,0.0,,3,15.0,0.0,Unknown State,45.0,,1,0.4987782056107928,0,0.3637618092826734,2,0.4690107792534264,0.4552437440010969,0.0757454767454767,0.4690107792534264
c669df1010780f51,2024-04-30,PARMAR GMC AT NAHAN HIMACHAL PRADESH,Ongoing,General,Unknown Agency,,0,1404.0,10.0,3.0,1401.0,1000.0,,1,,,,False,False,0,0,,,,1,0.0,,3,26.0,0.0,Unknown State,87.0,,0,0.4488473195275834,0,0.3026548745756032,2,0.6447831751581751,0.2934934926184926,0.0617233322233322,0.6447831751581751
c69632220ff06fac,2024-04-30,PATTHALGAON TO KUNKURI,Ongoing,General,Unknown Agency,,0,47.0,5.714285714285714,7.0,40.0,571.4285714285714,,1,,,,False,False,0,0,,,,1,0.0,,1,3.0,0.0,Unknown State,0.0,,1,0.5364385949510491,1,0.8444838351418136,2,0.8415157948776368,0.1135682877064455,0.0449159174159174,0.8415157948776368
c6b71791a6003d86,2024-04-30,CONFIGURATION FROM KM. 379.670 ON NH-76 (,Ongoing,General,Unknown Agency,,0,1.0,-0.9995059288537548,2024.0,-2023.0,-99.95059288537549,,1,,,,False,False,0,0,,,,1,0.0,,1,17.0,0.0,Unknown State,31.0,,1,0.5094549700176884,1,0.8428268894617174,2,0.8515593328240386,0.082017316017316,0.0664233511586452,0.8515593328240386
c6cfb6b8190677f8,2024-04-30,BODH GAYA,Ongoing,General,Unknown Agency,,0,588.72,10.0,9.0,579.72,1000.0,,1,,,,False,False,0,0,,,,1,0.0,,2,1.0,0.0,Unknown State,56.0,,1,0.498084424779901,0,0.4322714094148799,0,0.5003582740359055,0.5003582740359055,0.0975908367947841,0.4020508891693103
c705a262095972f0,2024-04-30,PART C1,Ongoing,General,Unknown Agency,,0,318.12,10.0,2.0,316.12,1000.0,,1,,,,False,False,0,0,,,,1,0.0,,2,12.0,0.0,Unknown State,38.0,,1,0.5098303605790745,1,0.5742490186277064,2,0.6848125542757897,0.258513203299968,0.0566742424242424,0.6848125542757897
c7689660be966323,2024-04-30,(RAIL VIKAS NIGAM LTD.),Ongoing,General,RAIL VIKAS NIGAM LTD.,,0,603.03,1.4031801697684612,250.93,352.1,140.3180169768461,,1,,,,False,False,1,0,,,,1,0.0,,2,-61.0,0.0,Unknown State,-36.0,,1,0.5888051795720818,0,0.4664417719594902,2,0.7333683816183815,0.2281300782550782,0.0385015401265401,0.7333683816183815
c768bb5047f19242,2024-04-30,DEOBAND (MUZAFFARNAGAR)- ROORKEE NL,Ongoing,General,MUZAFFARNAGAR,,0,906.46,10.0,4.0,902.46,1000.0,,1,,,,False,False,0,0,,,,1,0.0,,2,-2.0,0.0,Unknown State,166.0,,1,0.4529496712328801,0,0.4736484735408456,2,0.522277038321156,0.4167680375180376,0.0609549241608065,0.522277038321156
c769b1f78bfbb732,2024-04-30,CORPORATION Ltd.),Ongoing,General,Unknown Agency,,0,6.0,-0.980573722722269,308.86,-302.86,-98.0573722722269,,1,,,,False,False,1,0,,,,1,0.0,,1,-16.0,0.0,Unknown State,-18.0,,1,0.6094840674382335,1,0.8926764378178954,2,0.9442874764124763,0.0067316017316017,0.0489809218559218,0.9442874764124763
c76c02b76662b588,2024-04-30,NH-24) TO KM 42.791,Ongoing,General,Unknown Agency,,0,2.0,1.0,1.0,1.0,100.0,,1,,,,False,False,0,0,,,,1,0.0,,1,2.0,0.0,Unknown State,99.0,,1,0.4698729062541872,1,0.8695964893283363,2,0.8908769702519702,0.0871395132645132,0.0219835164835164,0.8908769702519702
c787878176bd8062,2024-04-30,.000 TO KM 56.803 OF KODIKONDA - MADAKASIRA,Ongoing,General,Unknown Agency,,0,234.88,10.0,8.0,226.88,1000.0,,1,,,,False,False,0,0,,,,1,0.0,,2,-65.0,0.0,Unknown State,27.0,,1,0.5134669674417397,1,0.6338789230406825,2,0.6636193251193251,0.2750807664557664,0.0612999084249084,0.6636193251193251
c79139f90162ce2f,2024-04-30,PACKAGE-3),Ongoing,General,Unknown Agency,,0,2252.75,10.0,11.0,2241.75,1000.0,,1,,,,False,False,0,0,,,,1,0.0,,3,1.0,0.0,Unknown State,66.0,,1,0.4855336740020984,0,0.2841627048484985,0,0.5623109806859808,0.5623109806859808,0.1714630230880229,0.2662259962259962
c7a18619e7cce2f4,2024-04-30,IMPROVEMENTS FRO,Ongoing,General,Unknown Agency,,0,2.0,1.0,1.0,1.0,100.0,,1,,,,False,False,0,0,,,,1,0.0,,1,2.0,0.0,Unknown State,86.0,,1,0.4709282981101315,1,0.8695964893283363,2,0.8908769702519702,0.0871395132645132,0.0219835164835164,0.8908769702519702
c7f59f1c50e58fce,2024-04-30,"RAJKOT, GUJARAT",Ongoing,General,Unknown Agency,,0,456.86,10.0,7.0,449.86,1000.0,,1,,,,False,False,0,0,,,,1,0.0,,2,2.0,0.0,GUJARAT -,71.0,,1,0.46563512202315,0,0.4638505883565229,2,0.5425754662004664,0.3190535714285714,0.1383709623709623,0.5425754662004664
c83ef35ced9f8660,2024-04-30,SATNA-BELA SECTION OF NH-75 FROM KM. 155.0 TO KM.,Ongoing,General,Unknown Agency,,0,282.08,10.0,6.0,276.08,1000.0,,1,,,,False,False,0,0,,,,1,0.0,,2,-13.0,0.0,Unknown State,69.0,,1,0.4759830749707289,1,0.5960431201712897,2,0.5852194970062619,0.3682632147264499,0.0465172882672882,0.5852194970062619
c850444a62ef7d3f,2024-04-30,.900(DESIGN CH0.0) TO KM 275/622(DESIGN CH 5.12,Ongoing,General,Unknown Agency,,0,2024.0,10.0,150.0,1874.0,1000.0,,1,,,,False,False,0,0,,,,1,0.0,,3,-39.0,0.0,Unknown State,63.0,,1,0.4863208313913283,0,0.2820056468116033,0,0.5012646658896659,0.5012646658896659,0.2132602258852258,0.2854751082251082
c8aa25195f143914,2024-04-30,SHOULDER FROM KM27.200 (END OF RO,Ongoing,General,Unknown Agency,,0,6.0,-0.25,8.0,-2.0,-25.0,,1,,,,False,False,0,0,,,,1,0.0,,1,2.0,0.0,Unknown State,10.0,,1,0.5376296275296653,1,0.8789088088149388,2,0.9076022727272725,0.0666845238095238,0.0257132034632034,0.9076022727272725
c8f3ab2232ac4505,2024-04-30,SECTION FROM 13.89 KM TO 41.820 KM O,Ongoing,General,Unknown Agency,,0,1636.15,10.0,3.0,1633.15,1000.0,,1,,,,False,False,0,0,,,,1,0.0,,3,7.0,0.0,Unknown State,32.0,,1,0.5143230082013864,0,0.2966548745756031,2,0.4835559628280216,0.3133917691785338,0.2030522679934444,0.4835559628280216
c8f6ef1c4b74d3bc,2024-04-30,OPTICAL TRANSPORT NETWORK (OTN) PH-4 IN BSNL,Ongoing,General,OTN,,0,461.42,10.0,3.0,458.42,1000.0,,1,,,,False,False,0,0,,,,1,0.0,,2,16.0,0.0,Unknown State,65.0,,1,0.4705355844999228,0,0.4812576173358633,2,0.4863405524214348,0.4654190629631806,0.0482403846153846,0.4863405524214348
c93345dc4a51ac17,2024-04-30,LANE WITH PAVED SHOULDER INCLUDING GEOMETRIC IMPROV,Ongoing,General,Unknown Agency,,0,323.98,10.0,3.0,320.98,1000.0,,1,,,,False,False,0,0,,,,1,0.0,,2,-1.0,0.0,Unknown State,72.0,,1,0.4685140548348087,1,0.552655033989247,2,0.6886106034488388,0.2666260765378413,0.04476332001332,0.6886106034488388
c9fba9820f5ab753,2024-04-30,(HINDUSTAN PETROLEUM CORPORATION LIMITED),Ongoing,General,HINDUSTAN PETROLEUM CORPORATION LIMITED,,0,11.0,10.0,0.97,10.03,1000.0,,1,,,,False,False,0,0,,,,1,0.0,,1,59.0,0.0,Unknown State,30.0,,1,0.4818601289440292,1,0.8459116357989742,2,0.7807047078738255,0.1815663543972367,0.0377289377289377,0.7807047078738255
ca10f95d142a7a5f,2024-04-30,BANK. PKG-I.,Ongoing,General,Unknown Agency,,0,6.0,-0.25,8.0,-2.0,-25.0,,1,,,,False,False,0,0,,,,1,0.0,,1,5.0,0.0,Unknown State,1.0,,1,0.5398352884622579,1,0.8789088088149388,2,0.9221558441558438,0.0494642857142857,0.0283798701298701,0.9221558441558438
ca152cad0fd8f306,2024-04-30,MANU-SIMLUNG ( PKG 4),Ongoing,General,Unknown Agency,,0,26.0,0.0833333333333333,24.0,2.0,8.333333333333332,,1,,,,False,False,0,0,,,,1,0.0,,1,2.0,0.0,Unknown State,39.0,,1,0.5154915251756951,1,0.8562639982848339,2,0.9058954517704518,0.0598228021978022,0.034281746031746,0.9058954517704518
ca1ed2c2b1c2d38d,2024-04-30,KURUDWADI TO PANDHARPUR,Ongoing,General,Unknown Agency,,0,10.0,0.1111111111111111,9.0,1.0,11.11111111111111,,1,,,,False,False,0,0,,,,1,0.0,,1,-5.0,0.0,Unknown State,1.0,,1,0.5376296275296653,1,0.8503447626075412,2,0.9219848117568704,0.0480389977669389,0.0299761904761904,0.9219848117568704
ca6ae5847ad525d7,2024-04-30,NIPANIA-BHATAPRA (14.4 KM) 4TH LINE (PB#72/NR/2022-23),Ongoing,General,Unknown Agency,,0,9.0,0.0,9.0,0.0,0.0,,1,,,,False,False,0,0,,,,1,0.0,,1,32.0,0.0,Unknown State,3.0,,1,0.5045781956668097,1,0.8718082632341922,2,0.9154769536019536,0.082439713064713,0.0020833333333333,0.9154769536019536
ca7c4343c0f2ae96,2024-04-30,"(ON SH-335, TIRORA) TO KM 191+",Ongoing,General,Unknown Agency,,0,395.62,10.0,3.0,392.62,1000.0,,1,,,,False,False,0,0,,,,1,0.0,,2,1.0,0.0,TIRORA) TO KM 191+ -,38.0,,1,0.5059066955133834,1,0.5480559155750092,2,0.7110589745222099,0.1549771976389623,0.1339638278388278,0.7110589745222099
ca9c1eed5486f02f,2024-04-30,EACH G PLUS 8 STOREYED,Ongoing,General,Unknown Agency,,0,512.37,10.0,3.0,509.37,1000.0,,1,,,,False,False,0,0,,,,1,0.0,,2,0.0,0.0,Unknown State,37.0,,1,0.5075031671289145,0,0.4348038221160948,2,0.6208414420546775,0.30575760758849,0.0734009503568327,0.6208414420546775
ca9f7718d6079bff,2024-04-30,TILABONI UG MINE,Ongoing,General,Unknown Agency,,0,4.0,0.3333333333333332,3.0,1.0,33.33333333333333,,1,,,,False,False,0,0,,,,1,0.0,,1,59.0,0.0,Unknown State,116.0,,0,0.4393905626186687,1,0.8585013471209906,2,0.9677608363858364,0.0305724969474969,0.0016666666666666,0.9677608363858364
cac068e2215db256,2024-04-30,FROM KM 82.400 TO KM 187.993 SEC,Ongoing,General,Unknown Agency,,0,529.24,10.0,3.0,526.24,1000.0,,1,,,,False,False,0,0,,,,1,0.0,,2,8.0,0.0,Unknown State,57.0,,1,0.4990133916230543,0,0.4416725089847817,2,0.6789124821257175,0.2234602660411484,0.0976272518331341,0.6789124821257175
cad39946896698ed,2024-04-30,TO KURAOPOKPI SECTIO,Ongoing,General,Unknown Agency,,0,167.95,7.397499999999999,20.0,147.95,739.7499999999999,,1,,,,False,False,0,0,,,,1,0.0,,2,2.0,0.0,Unknown State,24.0,,1,0.5168389813440752,1,0.6603567770096562,2,0.7373261713776419,0.1813337063263533,0.0813401222960046,0.7373261713776419
cb055750afc6691c,2024-04-30,AURANGABAD TO SILLOD,Ongoing,General,Unknown Agency,,0,182.0,10.0,12.0,170.0,1000.0,,1,,,,False,False,0,0,,,,1,0.0,,2,-4.0,0.0,Unknown State,0.0,,1,0.5234059353879381,1,0.6482775660780267,2,0.6717456685471391,0.2865207415133886,0.0417335899394723,0.6717456685471391
cb2c8b1012fcd431,2024-04-30,DOUBLING,Ongoing,General,Unknown Agency,,0,228.0,10.0,0.37,227.63,1000.0,,1,,,,False,False,0,0,,,,1,0.0,,2,4.0,0.0,Unknown State,100.0,,1,0.4681867130797423,1,0.6164357830597389,2,0.6491897408147408,0.2963800088800088,0.0544302503052503,0.6491897408147408
cb446a0a469871cb,2024-04-30,CH.48.860 KM NEAR SH-1 CH.170.400 K,Ongoing,General,Unknown Agency,,0,907.76,10.0,10.0,897.76,1000.0,,1,,,,False,False,0,0,,,,1,0.0,,2,15.0,0.0,Unknown State,33.0,,1,0.5054602489847646,0,0.4368443001600179,0,0.5765787962037962,0.5765787962037962,0.0648568931068931,0.3585643106893106
cb6cc9283de10d7e,2024-04-30,NH-06 (PKG-I),Ongoing,General,NHAI (Contract),,0,4.0,10.0,0.08,3.92,1000.0,,1,,,,False,False,0,0,,,,1,0.0,,1,2.0,0.0,Unknown State,26.0,,1,0.5138255521063274,1,0.8431108418791609,2,0.7519832626523804,0.2015185688494512,0.0464981684981684,0.7519832626523804
cb82a556a79ce217,2024-04-30,REDEVELOPMENT PHASE-IV,Ongoing,General,Unknown Agency,,0,12366.0,5.12481426448737,2019.0,10347.0,512.481426448737,,1,,,,False,False,1,0,,,,1,0.0,,3,2.0,0.0,Unknown State,-4.0,,1,0.6024117114112642,0,0.3667204052450729,2,0.5287111777111777,0.2843712953712954,0.1869175269175269,0.5287111777111777
cb83f13e473c8e34,2024-04-30,EXISTING KM 182.120 TO KM 227.600 OF NH-167 ON,Ongoing,General,Unknown Agency,,0,166.67,10.0,1.0,165.67,1000.0,,1,,,,False,False,0,0,,,,1,0.0,,2,-10.0,0.0,Unknown State,77.0,,1,0.4672360503914102,1,0.6712239171386974,2,0.7079976110490814,0.2549457886884357,0.0370566002624826,0.7079976110490814
cbb0fd3350b153f9,2024-04-30,KANCHEEPURAM) FROM KM 204.500 TO K,Ongoing,General,Unknown Agency,,0,939.43,10.0,9.0,930.43,1000.0,,1,,,,False,False,0,0,,,,1,0.0,,2,8.0,0.0,Unknown State,51.0,,1,0.5026021574461113,0,0.4468443001600179,0,0.4592254706078235,0.4592254706078235,0.1138964409773233,0.4268780884148532
cbca8784c42d0ae7,2024-04-30,EPC(NATIONAL HIGHWAYS AUTHORITY OF INDIA),Ongoing,General,NATIONAL HIGHWAYS AUTHORITY OF INDIA,,0,2.0,-0.9913303567558196,230.69,-228.69,-99.13303567558197,,1,,,,False,False,0,0,,,,1,0.0,,1,-18.0,0.0,Unknown State,8.0,,1,0.528112564373076,1,0.8615568249945197,2,0.8902954594425182,0.0748922694952106,0.034812271062271,0.8902954594425182
cbf2db9ccd27fe48,2024-04-30,AND DISTRIBUTION SYSTEM IN A P,Ongoing,General,Unknown Agency,,0,202.39,10.0,6.0,196.39,1000.0,,1,,,,False,False,0,0,,,,1,0.0,,2,11.0,0.0,Unknown State,21.0,,1,0.5263877651180348,1,0.6399575527283077,2,0.7083767343767344,0.236833583083583,0.0547896825396825,0.7083767343767344
cc0202c4e1e95e14,2024-04-30,KAYATHAR IN TAMILNADU,Ongoing,General,Unknown Agency,,0,10.0,-0.7916666666666665,48.0,-38.0,-79.16666666666666,,1,,,,False,False,0,0,,,,1,0.0,,1,8.0,0.0,Unknown State,68.0,,1,0.4801341895671586,1,0.8854095515566358,2,0.9517696192696192,0.0098571428571428,0.0383732378732378,0.9517696192696192
cc26710b8bb648b0,2024-04-30,K (AJ-RGBS-PACKAGE-1),Ongoing,General,Unknown Agency,,0,1935.61,10.0,1.0,1934.61,1000.0,,1,,,,False,False,0,0,,,,1,0.0,,3,1.0,0.0,Unknown State,76.0,,1,0.4710267920243476,0,0.2865554868066573,0,0.4291982184482183,0.4291982184482183,0.1964778693528693,0.3743239121989122
cc31e3e3aac6768e,2024-04-30,MANSAR TO SALAIKHURD,Ongoing,General,Unknown Agency,,0,407.19,10.0,2.0,405.19,1000.0,,1,,,,False,False,0,0,,,,1,0.0,,2,-5.0,0.0,Unknown State,81.0,,1,0.4671548315338379,0,0.4727161375183192,2,0.572091091098444,0.3704998179924651,0.0574090909090909,0.572091091098444
cc5c289f01ecc376,2024-04-30,PB#57/2019-20/NR),Ongoing,General,Unknown Agency,,0,4454.17,10.0,4.0,4450.17,1000.0,,1,,,,False,False,0,0,,,,1,0.0,,3,40.0,0.0,Unknown State,292.0,,0,0.4442077818840685,0,0.3069230846866684,0,0.5385334402439664,0.5385334402439664,0.1058014069264069,0.3556651528296267
cc9491644676aec9,2024-04-30,MANDLEM (EXISTING KM.38.000/DESI,Ongoing,General,Unknown Agency,,0,521.21,10.0,11.0,510.21,1000.0,,1,,,,False,False,0,0,,,,1,0.0,,2,18.0,0.0,Unknown State,83.0,,1,0.4567318517105868,0,0.456525304686634,2,0.5203108653042864,0.4188811539337856,0.0608079807619281,0.5203108653042864
cca18c7699afd114,2024-04-30,ASANSOL AND  KULTI TOWNS,Ongoing,General,Unknown Agency,,0,165.16,10.0,3.0,162.16,1000.0,,1,,,,False,False,0,0,,,,1,0.0,,2,8.0,0.0,Unknown State,81.0,,1,0.471557659425447,1,0.6668042467908957,2,0.7425952242202242,0.2114797008547008,0.0459250749250749,0.7425952242202242
cca73ae78c79b52f,2024-04-30,DEVELOPMENT PROJECT,Ongoing,General,Unknown Agency,,0,9058.0,10.0,228.0,8830.0,1000.0,,1,,,,False,False,1,0,,,,1,0.0,,3,1.0,0.0,Unknown State,-5.0,,1,0.6032227705397725,0,0.283496908850021,2,0.3952196830946831,0.333463356088356,0.2713169608169608,0.3952196830946831
ccc705152cfa6a9f,2024-04-30,PARADIP SECTION OF NH 53  FROM KM,Ongoing,General,Unknown Agency,,0,711.0,10.0,12.0,699.0,1000.0,,1,,,,False,False,0,0,,,,1,0.0,,2,20.0,0.0,Unknown State,24.0,,1,0.4936164012466396,0,0.4635614981319016,2,0.4779854948972596,0.4728837934231156,0.0491307116796247,0.4779854948972596
cce3b1be70678a65,2024-04-30,.000 TO KM 62.000,Ongoing,General,Unknown Agency,,0,742.25,10.0,12.0,730.25,1000.0,,1,,,,False,False,0,0,,,,1,0.0,,2,20.0,0.0,Unknown State,24.0,,1,0.4936164012466396,0,0.4635614981319016,0,0.5368975574368796,0.5368975574368796,0.044933519982433,0.4181689225806873
ccfc4e4db38248b0,2024-04-30,BETWEEN RAILWAY STAT,Ongoing,General,Unknown Agency,,0,342.0,10.0,4.0,338.0,1000.0,,1,,,,False,False,0,0,,,,1,0.0,,2,1.0,0.0,Unknown State,38.0,,1,0.507957116436312,1,0.5511636644034708,2,0.6711520579094109,0.287654468897116,0.0411934731934732,0.6711520579094109
cd2c915075c00020,2024-04-30,"(NL),WCR",Ongoing,General,Indian Railways (NL),,0,1763.93,10.0,12.0,1751.93,1000.0,,1,,,,False,False,0,0,,,,1,0.0,,3,20.0,0.0,WCR -,120.0,,0,0.4417830950723609,0,0.3526599269611304,2,0.3604831418581419,0.3515654712934124,0.2879513868484456,0.3604831418581419
cd55d75a81b8e5dc,2024-04-30,"SEVOK RANGPO, NEFR",Ongoing,General,Unknown Agency,,0,746.83,10.0,30.5,716.33,1000.0,,1,,,,False,False,1,0,,,,1,0.0,,2,-4.0,0.0,NEFR -,-36.0,,1,0.5968956921494702,0,0.4688915182355873,2,0.6402302419802419,0.1942642912642912,0.1655054667554667,0.6402302419802419
cd817dc090b40f9a,2024-04-30,CHHAPRA-BALLIA UP,Ongoing,General,Unknown Agency,,0,4454.17,10.0,4.0,4450.17,1000.0,,1,,,,False,False,0,0,,,,1,0.0,,3,1.0,0.0,Unknown State,253.0,,1,0.4649979932348297,0,0.3069230846866684,0,0.5143753052503051,0.5143753052503051,0.1781154956154955,0.3075091991341991
cda3f5ae43836484,2024-04-30,PANDHARPUR TO SANGOLA,Ongoing,General,Unknown Agency,,0,12.0,0.0,12.0,0.0,0.0,,1,,,,False,False,0,0,,,,1,0.0,,1,-4.0,0.0,Unknown State,48.0,,1,0.5189883746962122,1,0.871743850995867,2,0.9215058201602316,0.0542679893635775,0.0242261904761904,0.9215058201602316
cdb61bfe500d6e37,2024-04-30,BG FROM KM 80.800 TO KM 120.125,Ongoing,General,Unknown Agency,,0,694.0,-0.6566056407718951,2021.0,-1327.0,-65.6605640771895,,0,,,,False,False,0,0,,,,1,0.0,,2,1.0,0.0,Unknown State,6.0,,1,0.5323863818790724,1,0.6090418090313348,2,0.5011786114212586,0.2600175845396434,0.2388038040390981,0.5011786114212586
ce217b4575edcb36,2024-04-30,NEW BG LINE BETWEEN NALIYA-JAKHAU PORT,Ongoing,General,Unknown Agency,,0,2.0,1.0,1.0,1.0,100.0,,1,,,,False,False,0,0,,,,1,0.0,,1,11.0,0.0,Unknown State,34.0,,1,0.5228919009651884,1,0.8695964893283363,2,0.9503271867021869,0.0207533993783993,0.0289194139194139,0.9503271867021869
ce3c1149dc35194d,2024-04-30,NETWORK FOR SPECTRUM,Ongoing,General,Unknown Agency,,0,24544.55,10.0,6.0,24538.55,1000.0,,1,,,,False,False,0,0,,,,1,0.0,,3,4.0,0.0,Unknown State,14.0,,1,0.5301584976957822,0,0.2938822144175934,0,0.4639959623709624,0.4639959623709624,0.184312715062715,0.3516913225663226
ce5ff092bca5595a,2024-04-30,CGD PROJECT AT PATHANKOT DISTRICT,Ongoing,General,Unknown Agency,,0,1420.0,-0.297725024727992,2022.0,-602.0,-29.772502472799207,,1,,,,False,False,0,0,,,,1,0.0,,3,71.0,0.0,Unknown State,0.0,,1,0.5046092994577429,0,0.4712320484413284,2,0.5088709517606577,0.3823966866466866,0.1087323615926556,0.5088709517606577
ced8d2fbc9e6d2bf,2024-04-30,TWOFOUR LANE WITH PAVED,Ongoing,General,Unknown Agency,,0,13.0,1.6,5.0,8.0,160.0,,1,,,,False,False,0,0,,,,1,0.0,,1,1.0,0.0,Unknown State,0.0,,1,0.5379194819012383,1,0.8596474996208764,2,0.8282549168667589,0.1446307530189109,0.0271143301143301,0.8282549168667589
cf19c08888a2d73d,2024-04-30,SURAT METRO RAIL PROJECT,Ongoing,General,Unknown Agency,,0,1.0,-0.99867197875166,753.0,-752.0,-99.867197875166,,1,,,,False,False,0,0,,,,1,0.0,,1,14.0,0.0,Unknown State,127.0,,1,0.4658376321882129,1,0.8705305635743841,2,0.9235023032523036,0.0224025974025973,0.0540950993450993,0.9235023032523036
cf1af860ce03270b,2024-04-30,KALWAKURTHY-MALLEPALLY SECTION,Ongoing,General,Unknown Agency,,0,349.2,-0.8271287128712871,2020.0,-1670.8,-82.7128712871287,,1,,,,False,False,0,0,,,,1,0.0,,2,-33.0,0.0,Unknown State,3.0,,1,0.5313953408362311,1,0.7350437388838081,2,0.6285345797992858,0.2072784299034299,0.1641869902972844,0.6285345797992858
cf7cda63cde67a80,2024-04-30,RUF PITCH LOADING GANTRY,Ongoing,General,Unknown Agency,,0,231.0,10.0,9.0,222.0,1000.0,,1,,,,False,False,0,0,,,,1,0.0,,2,2.0,0.0,Unknown State,33.0,,1,0.5082932107142569,1,0.6319131110748706,2,0.7597295596560301,0.1966389745875039,0.0436314657564657,0.7597295596560301
d011a4010a1988ff,2024-04-30,LENGTH 27.10 KM) ON ROAD ZOZILA-KARGIL,Ongoing,General,Unknown Agency,,0,2.0,1.0,1.0,1.0,100.0,,1,,,,False,False,0,0,,,,1,0.0,,1,14.0,0.0,Unknown State,59.0,,1,0.5020051541875497,1,0.8695964893283363,2,0.949688053776289,0.028392532304297,0.0219194139194139,0.949688053776289
d051b687c91f7369,2024-04-30,INDORE - EDLABAD (PKG-II) [TEJAJINAGAR TO BALWARA],Ongoing,General,NHAI (Contract),,0,2.0,-0.9901429275505174,202.9,-200.9,-99.01429275505174,,1,,,,False,False,0,0,,,,1,0.0,,1,9.0,0.0,Unknown State,35.0,,1,0.5087569567201942,1,0.8588901583278531,2,0.8915671828171828,0.0636432733932734,0.0447895437895438,0.8915671828171828
d0c604ff0eaf66ff,2024-04-30,GREENFIELD ALIGNMENT FROM DESIGN CHAINAGE,Ongoing,General,Unknown Agency,,0,1443.77,10.0,12.0,1431.77,1000.0,,1,,,,False,False,0,0,,,,1,0.0,,3,14.0,0.0,Unknown State,30.0,,1,0.5126553061103701,0,0.3057143108535667,0,0.4932032746665098,0.4932032746665098,0.1077537185037185,0.3990430068297715
d0d346031e082062,2024-04-30,LEVEL CROSSING NO. RV-71 AT KM,Ongoing,General,Unknown Agency,,0,192.93,8.187142857142858,21.0,171.93,818.7142857142858,,1,,,,False,False,0,0,,,,1,0.0,,2,14.0,0.0,Unknown State,0.0,,1,0.5246815171471649,1,0.6418551518116575,2,0.7223139221889222,0.1740490204240204,0.1036370573870573,0.7223139221889222
d0d8592652b739ca,2024-04-30,"ISOLATION BAY, NEW DOMESTIC TERM",Ongoing,General,Unknown Agency,,0,12320.0,10.0,10.0,12310.0,1000.0,,1,,,,False,False,0,0,,,,1,0.0,,3,0.0,0.0,NEW DOMESTIC TERM -,174.0,,1,0.4640228906320973,0,0.3152169500886552,2,0.3591937506937506,0.3236794594294593,0.3171267898767899,0.3591937506937506
d11fe5ee9c535a68,2024-04-30,CHINTAGUDEM VILLAGE TO RECHERLA,Ongoing,General,Unknown Agency,,0,2.0,1.0,1.0,1.0,100.0,,1,,,,False,False,0,0,,,,1,0.0,,1,8.0,0.0,Unknown State,27.0,,1,0.528788232464138,1,0.8695964893283363,2,0.9108726412476412,0.058389763014763,0.0307375957375957,0.9108726412476412
d14391b17863c82e,2024-04-30,(NATIONAL HIGHWAYS AUTHORITY OF INDIA),Ongoing,General,NATIONAL HIGHWAYS AUTHORITY OF INDIA,,0,12.0,-0.9838683658654622,743.88,-731.88,-98.38683658654622,,1,,,,False,False,0,0,,,,1,0.0,,1,-26.0,0.0,Unknown State,2.0,,1,0.5259903031082676,1,0.8662464471037384,2,0.8660216499187088,0.0972216345745757,0.0367567155067155,0.8660216499187088
d166428f95a2d5b6,2024-04-30,"SINGRULI  NL,  (NCR)",Ongoing,General,Indian Railways (NCR),,0,582.13,10.0,8.0,574.13,1000.0,,1,,,,False,False,0,0,,,,1,0.0,,2,11.0,0.0,(NCR) -,103.0,,1,0.4617726427615166,0,0.4811573958233747,2,0.5647993966817496,0.20420058536235,0.2310000179559003,0.5647993966817496
d16c4b459df663dd,2024-04-30,.300 (KUNJWANI TO SIDHRA SECTIO,Ongoing,General,Unknown Agency,,0,2414.67,10.0,7.0,2407.67,1000.0,,1,,,,False,False,0,0,,,,1,0.0,,3,14.0,0.0,Unknown State,35.0,,1,0.5132216281234329,0,0.2846108202398513,0,0.502706468969627,0.502706468969627,0.1852681434063012,0.3120253876240718
d1705971435563b7,2024-04-30,C/O AIIMS AT AWANTIPORA (KASHMIR) JAMMU AND KASHMIR,Ongoing,General,KASHMIR,,0,2.0,1.0,1.0,1.0,100.0,,1,,,,False,False,0,0,,,,1,0.0,,1,17.0,0.0,Unknown State,78.0,,1,0.4527811008026877,1,0.8714549997304454,2,0.9532227910977908,0.0377936924186924,0.0089835164835164,0.9532227910977908
d18ab66e0e53578b,2024-04-30,N PACKAGE 26,Ongoing,General,Unknown Agency,,0,599.83,10.0,0.52,599.3100000000001,1000.0,,1,,,,False,False,0,0,,,,1,0.0,,2,4.0,0.0,Unknown State,13.0,,1,0.526206378501541,0,0.4190165135902194,2,0.4358622766122766,0.4273706016206015,0.1367671217671217,0.4358622766122766
d18db4cb08c4f3b5,2024-04-30,POWARKHEDA - JUJHARPUR - SINGLE LINE FLYOVER IN UP DIRECTION (15.89 KM),Ongoing,General,Unknown Agency,,0,677.12,10.0,7.0,670.12,1000.0,,1,,,,False,False,0,0,,,,1,0.0,,2,-1.0,0.0,Unknown State,188.0,,1,0.4606377376126773,0,0.4467535552459007,0,0.4867576056983951,0.4867576056983951,0.0987523784694837,0.4144900158321212
d1a434a105d37b2e,2024-04-30,EXISTING CHAINAGE KM 49.150 TO KM,Ongoing,General,Unknown Agency,,0,642.24,10.0,3.0,639.24,1000.0,,1,,,,False,False,0,0,,,,1,0.0,,2,4.0,0.0,Unknown State,41.0,,1,0.5112381009480386,0,0.4198061797047751,2,0.5271587913720268,0.3521381159689983,0.1207030926589749,0.5271587913720268
d1d7c4cf44df5a63,2024-04-30,KASTURBA NAGAR PHASE I,Ongoing,General,Unknown Agency,,0,20936.29,-0.2071130848009136,26405.14,-5468.849999999999,-20.71130848009137,,1,,,,False,False,0,0,,,,1,0.0,,3,2.0,0.0,Unknown State,40.0,,1,0.5067640092936373,1,0.5623327010290233,2,0.4741179780364565,0.3281736295105861,0.1977083924529576,0.4741179780364565
d1dba5f2e3a7bec9,2024-04-30,) FROM DESIGN CH.369+015 (EX.,Ongoing,General,Unknown Agency,,0,3.0,-0.8888888888888888,27.0,-24.0,-88.88888888888889,,1,,,,False,False,0,0,,,,1,0.0,,1,11.0,0.0,Unknown State,36.0,,1,0.5212539084256047,1,0.9020239643427074,2,0.947436285936286,0.0159285714285714,0.0366351426351426,0.947436285936286
d28cc0797b7bb7f1,2024-04-30,SATARA TO MHASWAD,Ongoing,General,Unknown Agency,,0,2.0,1.0,1.0,1.0,100.0,,1,,,,False,False,0,0,,,,1,0.0,,1,-4.0,0.0,Unknown State,69.0,,1,0.4770563227074645,1,0.8695964893283363,2,0.8858566621287208,0.0921598213877625,0.0219835164835164,0.8858566621287208
d2a1877c3807f0aa,2024-04-30,BHOPAL METRO RAIL,Ongoing,General,Unknown Agency,,0,10.0,9.0,1.0,9.0,900.0,,1,,,,False,False,0,0,,,,1,0.0,,1,32.0,0.0,Unknown State,38.0,,1,0.4897528498714001,1,0.8384872811742592,2,0.8365461215770812,0.122887777856818,0.0405661005661005,0.8365461215770812
d2cdebb50b71d07b,2024-04-30,PAVED SHOULDERS OF MAHABUBNAGAR-CHINCHOLI SECTION,Ongoing,General,Unknown Agency,,0,185.59,10.0,8.0,177.59,1000.0,,1,,,,False,False,0,0,,,,1,0.0,,2,-1.0,0.0,Unknown State,19.0,,1,0.5242687030078578,1,0.6593437201992497,2,0.7273379928894633,0.2315673060599531,0.0410947010505834,0.7273379928894633
d2d005ec8fd30bc5,2024-04-30,AIRPORT,Ongoing,General,Unknown Agency,,0,1216.9,10.0,5.0,1211.9,1000.0,,1,,,,False,False,0,0,,,,1,0.0,,3,8.0,0.0,Unknown State,79.0,,1,0.4720470820181195,0,0.2993215412422698,2,0.5209820041070042,0.3418670079920081,0.1371509879009879,0.5209820041070042
d2d5efaf48b57c4d,2024-04-30,NH-31,Ongoing,General,Unknown Agency,,0,1157.0,5.906638013371538,167.52,989.48,590.6638013371538,,1,,,,False,False,0,0,,,,1,0.0,,3,8.0,0.0,Unknown State,23.0,,1,0.5276271479403941,0,0.3545745877909327,2,0.4283301143301141,0.2893689366189366,0.282300949050949,0.4283301143301141
d34d4360462ca12e,2024-04-30,"CGD PROJECT AT MADURAI, THENI AND VIRUDHNAGAR DISTRICTS",Ongoing,General,Unknown Agency,,0,3.0,-0.9655172413793104,87.0,-84.0,-96.55172413793105,,1,,,,False,False,0,0,,,,1,0.0,,1,71.0,0.0,Unknown State,96.0,,0,0.4398355831430582,1,0.8897321761424394,2,0.7890686813186812,0.1988373015873014,0.012094017094017,0.7890686813186812
d3b3752816a7ef0f,2024-04-30,ODISHA FOR MCRL,Ongoing,General,Unknown Agency,,0,827.89,10.0,1.0,826.89,1000.0,,1,,,,False,False,0,0,,,,1,0.0,,2,20.0,0.0,Unknown State,83.0,,1,0.4517677010651891,0,0.4625760979550424,2,0.5808602924852925,0.3633520784770785,0.055787629037629,0.5808602924852925
d3e1cb5b517b4b3a,2024-04-30,DOUBLING BETWEEN REWARI-KATHUWAS (27.73 KM),Ongoing,General,Unknown Agency,,0,600.0,10.0,5.0,595.0,1000.0,,1,,,,False,False,0,0,,,,1,0.0,,2,14.0,0.0,Unknown State,121.0,,1,0.4653851730196935,0,0.4385787505833349,2,0.5408759712509713,0.3230423881673882,0.1360816405816405,0.5408759712509713
d42d7044fb83258a,2024-04-30,MAVIKALAN) TO VILL.-LOHADDA FROM K,Ongoing,General,Unknown Agency,,0,1023.91,10.0,20.0,1003.91,1000.0,,1,,,,False,False,0,0,,,,1,0.0,,3,4.0,0.0,Unknown State,3.0,,1,0.5295399901260612,0,0.3660689623301632,0,0.5940053883314753,0.5940053883314753,0.1147872634611765,0.2912073482073482
d448f68f15746fe3,2024-04-30,+470 (VEPPAMPATTU BYPASS) PAS,Ongoing,General,VEPPAMPATTU BYPASS,,0,1.0,-0.9990491494641958,1051.69,-1050.69,-99.90491494641958,,1,,,,False,False,0,0,,,,1,0.0,,1,5.0,0.0,Unknown State,20.0,,1,0.5346548209352782,1,0.815127149585129,2,0.8688554223554225,0.0969509934509934,0.0341935841935841,0.8688554223554225
d47214cadb00d092,2024-04-30,ON BOTH SIDES OF CHANDNI CHOWK JUNC,Ongoing,General,Unknown Agency,,0,1147.26,10.0,8.0,1139.26,1000.0,,1,,,,False,False,0,0,,,,1,0.0,,3,0.0,0.0,Unknown State,32.0,,1,0.5097601105251786,0,0.3011715903736428,0,0.620999666999667,0.620999666999667,0.0986049506049506,0.2803953823953823
d48c728249ef073a,2024-04-30,SHIMOGA-HARIHAR NL,Ongoing,General,Unknown Agency,,0,365.0,10.0,27.0,338.0,1000.0,,1,,,,False,False,0,0,,,,1,0.0,,2,56.0,0.0,Unknown State,114.0,,0,0.4349683180122149,1,0.5155744776099261,2,0.6065144022644023,0.3417391636141635,0.0517464341214341,0.6065144022644023
d4945e17ad4db4e5,2024-04-30,ROAD TRANSPORT AND HIGHWAYS (STATE PWDs)),Ongoing,General,STATE PWDS,,0,25.25,1.139830508474576,11.8,13.45,113.9830508474576,,1,,,,False,False,0,0,,,,1,0.0,,1,35.0,0.0,Unknown State,56.0,,1,0.4673703651728327,1,0.86205053882502,2,0.9345184676434674,0.0503426434676434,0.0151388888888888,0.9345184676434674
d4e1b32fe30e64c2,2024-04-30,TERMINAL AT VALLUR (CHENNAI),Ongoing,General,CHENNAI,,0,202.07,10.0,3.0,199.07,1000.0,,1,,,,False,False,0,0,,,,1,0.0,,2,25.0,0.0,Unknown State,38.0,,1,0.4687738388674305,1,0.6674288967919612,2,0.6638872434754789,0.3130742949860597,0.0230384615384615,0.6638872434754789
d4f50d1008393e5a,2024-04-30,+500 TO KM 365+033 (PACKAGE-OD-8,Ongoing,General,Unknown Agency,,0,1525.31,10.0,3.0,1522.31,1000.0,,1,,,,False,False,0,0,,,,1,0.0,,3,6.0,0.0,Unknown State,43.0,,1,0.512942752866637,0,0.2966548745756031,2,0.5205420796523736,0.3342202642129112,0.1452376561347148,0.5205420796523736
d4fc7dea464e28ea,2024-04-30,WESTERN DEDICATED FREIGHT CORRIDOR,Ongoing,General,Unknown Agency,,0,955.0,10.0,8.0,947.0,1000.0,,1,,,,False,False,1,0,,,,1,0.0,,2,-49.0,0.0,Unknown State,-29.0,,1,0.5989460877806615,0,0.4476460011237592,2,0.7489953657453657,0.1664496059496059,0.0845550283050283,0.7489953657453657
d521098ce6a06063,2024-04-30,GU,Delayed,General,Unknown Agency,,0,400.76,10.0,10.0,390.76,1000.0,,0,,,,False,False,0,0,,,,1,0.0,,2,1.0,0.0,Unknown State,67.0,,1,0.4764047368223622,1,0.5332798061202727,2,0.5450497060129412,0.4125444082061728,0.0424058857808857,0.5450497060129412
d53c2402ed9ae9d8,2024-04-30,GARJANBAHAL OCP,Ongoing,General,Unknown Agency,,0,243.52,10.0,11.0,232.52,1000.0,,1,,,,False,False,0,0,,,,1,0.0,,2,23.0,0.0,Unknown State,76.0,,0,0.4468879132822029,1,0.6138789230406825,2,0.7313379716688541,0.2415370283311459,0.027125,0.7313379716688541
d53cf5c943efc427,2024-04-30,ADASA UG TO OC (1.50 MTY),Ongoing,General,Unknown Agency,,0,328.0,-0.8373822508676253,2017.0,-1689.0,-83.73822508676253,,1,,,,False,False,0,0,,,,1,0.0,,2,11.0,0.0,Unknown State,48.0,,1,0.5183448406810781,1,0.7398697419219231,2,0.6887352590220235,0.116462889234948,0.1948018517430282,0.6887352590220235
d545b9b8b483303e,2024-04-30,FROM KM 132/600  TO KM 195/375 TO TWO LANE WITH,Ongoing,General,Unknown Agency,,0,313.58,10.0,2.0,311.58,1000.0,,1,,,,False,False,0,0,,,,1,0.0,,2,-4.0,0.0,Unknown State,70.0,,1,0.4671548315338379,1,0.5742490186277064,2,0.606753349591585,0.343840473252238,0.0494061771561771,0.606753349591585
d55a25001d87df97,2024-04-30,"KODERMA-TILAIYA (NL), ECR",Ongoing,General,Indian Railways (NL),,0,2087.36,10.0,8.65,2078.71,1000.0,,1,,,,False,False,0,0,,,,1,0.0,,3,11.0,0.0,ECR -,3.0,,1,0.5166473770335916,0,0.3541939801088786,1,0.429691489066489,0.2680866886381591,0.429691489066489,0.3022218222953517
d57fcaafeaf52689,2024-04-30,BILASIPURA-GUWAHATI ROAD PKG-9,Ongoing,General,Unknown Agency,,0,1.0,-0.8571428571428571,7.0,-6.0,-85.71428571428571,,1,,,,False,False,0,0,,,,1,0.0,,1,26.0,0.0,Unknown State,41.0,,1,0.4892736632602263,1,0.9044938037183802,2,0.9616811938061938,0.0139785353535353,0.0243402708402708,0.9616811938061938
d5c72a3103819a34,2024-04-30,EXPANSION OF KONAR OCP,Ongoing,General,Unknown Agency,,0,14.0,-0.9930966469428008,2028.0,-2014.0,-99.30966469428007,,1,,,,False,False,0,0,,,,1,0.0,,1,95.0,0.0,Unknown State,139.0,,0,0.4343917189786478,1,0.8727990515694592,2,0.8252317714964774,0.1109054834054834,0.0638627450980392,0.8252317714964774
d6b20820f3422dd2,2024-04-30,KM 244.000 IN THE STATE,Ongoing,General,Unknown Agency,,0,41.0,0.7083333333333335,24.0,17.0,70.83333333333334,,1,,,,False,False,0,0,,,,1,0.0,,1,0.0,0.0,Unknown State,84.0,,1,0.4666237651713811,1,0.8616672810308015,2,0.8876044976265564,0.0789597436876848,0.0334357586857586,0.8876044976265564
d6c547f91dfffc8f,2024-04-30,AMRITDHARA OC PROJECT,Ongoing,General,Unknown Agency,,0,2.36,-0.926065162907268,31.92,-29.56,-92.60651629072682,,1,,,,False,False,0,0,,,,1,0.0,,1,35.0,0.0,Unknown State,60.0,,1,0.4686391083301149,1,0.9015947004059808,2,0.9396581474081476,0.0346273448773448,0.0257145077145077,0.9396581474081476
d6d12557f8deb159,2024-04-30,.00 OF NH-63 ANKOLA-GOOTY SECT,Ongoing,General,Unknown Agency,,0,485.0,10.0,23.0,462.0,1000.0,,1,,,,False,False,0,0,,,,1,0.0,,2,-4.0,0.0,Unknown State,69.0,,1,0.4748304529792361,0,0.4478963603079946,2,0.4833486888928066,0.4136296522105345,0.1030216588966588,0.4833486888928066
d6d974fb58efe5ab,2024-04-30,.000 TO KM. 27.000 (LENGTH=27,Ongoing,General,Unknown Agency,,0,1444.94,10.0,3.0,1441.94,1000.0,,1,,,,False,False,0,0,,,,1,0.0,,3,20.0,0.0,Unknown State,33.0,,1,0.4949724437398108,0,0.3226548745756032,2,0.6270247807747809,0.311362998112998,0.0616122211122211,0.6270247807747809
d6daa852dba5e513,2024-04-30,LANING FROM (DESIGN KM 63.530 TO KM 71.520) B,Ongoing,General,Unknown Agency,,0,2024.0,10.0,150.0,1874.0,1000.0,,1,,,,False,False,0,0,,,,1,0.0,,3,-4.0,0.0,Unknown State,37.0,,1,0.5088687529264995,0,0.2820056468116033,0,0.5243583222333222,0.5243583222333222,0.2072953296703296,0.2683463480963481
d771cfc4846db1c4,2024-04-30,SECTION,Ongoing,General,Unknown Agency,,0,2140.93,10.0,18.0,2122.93,1000.0,,1,,,,False,False,0,0,,,,1,0.0,,3,2.0,0.0,Unknown State,31.0,,1,0.5111624970836004,0,0.2909065513232586,0,0.4914081612831613,0.4914081612831613,0.2312835636585635,0.277308275058275
d776d381142569e6,2024-04-30,KOLHA TO NASRATPUR,Ongoing,General,Unknown Agency,,0,232.59,10.0,9.0,223.59,1000.0,,1,,,,False,False,0,0,,,,1,0.0,,2,4.0,0.0,Unknown State,23.0,,1,0.522821854554701,1,0.6338789230406825,2,0.7446947611212316,0.2078825643310937,0.0474226745476745,0.7446947611212316
d7b7d6b690dab449,2024-04-30,REPLACEMENT OF LC NO 3ESPL3  AT KM 231.700,Ongoing,General,Unknown Agency,,0,324.09,10.0,12.0,312.09,1000.0,,1,,,,False,False,0,0,,,,1,0.0,,2,13.0,0.0,Unknown State,41.0,,1,0.5079937826799641,1,0.5499054194696398,2,0.6796919942802294,0.2599703433821081,0.0603376623376623,0.6796919942802294
d856c988fefab786,2024-04-30,TO NALLACHERUVUPALLI  96.300 KM.,Ongoing,General,Unknown Agency,,0,1841.92,10.0,10.0,1831.92,1000.0,,1,,,,False,False,0,0,,,,1,0.0,,3,18.0,0.0,Unknown State,36.0,,1,0.4996829760383164,0,0.2868577771511912,2,0.4887949827949829,0.4103292818292818,0.1008757353757353,0.4887949827949829
d898ddc6253bc5d8,2024-04-30,AIRPORT PHASE 01,Ongoing,General,Unknown Agency,,0,412.24,10.0,6.0,406.24,1000.0,,1,,,,False,False,0,0,,,,1,0.0,,2,1.0,0.0,Unknown State,95.0,,1,0.4670907698844694,0,0.4764040155076118,2,0.6479218298041826,0.295666332033979,0.0564118381618381,0.6479218298041826
d8e01eee46150db8,2024-04-30,EN,Ongoing,General,Unknown Agency,,0,1666.0,10.0,5.0,1661.0,1000.0,,1,,,,False,False,0,0,,,,1,0.0,,3,5.0,0.0,Unknown State,28.0,,1,0.5185038522290586,0,0.2966548745756031,2,0.4504727200903671,0.4030272366522367,0.1465000432573961,0.4504727200903671
d8fb2cecd744998a,2024-04-30,DELHI VADODARA GREENFIELD ALIGNMENT SECTION OF  NH 148N PACKAGE 30,Ongoing,General,Unknown Agency,,0,2024.0,10.0,150.0,1874.0,1000.0,,1,,,,False,False,0,0,,,,1,0.0,,3,2.0,0.0,Unknown State,55.0,,1,0.4999390089550553,0,0.2820056468116033,0,0.4874613025863026,0.4874613025863026,0.2387082084582084,0.2738304889554889
d93a14ea68f0b3e6,2024-04-30,UKNI DEEP OC,Ongoing,General,Unknown Agency,,0,3.5,-0.9513888888888888,72.0,-68.5,-95.13888888888889,,1,,,,False,False,0,0,,,,1,0.0,,1,11.0,0.0,Unknown State,103.0,,1,0.4685732419209034,1,0.8909377067087857,2,0.9490944749694752,0.0167321428571428,0.0341733821733821,0.9490944749694752
d9b2a4d5db993ddb,2024-04-30,BYPASS (26.616 KMS) STARTING FROM NH,Ongoing,General,Unknown Agency,,0,1909.98,10.0,3.0,1906.98,1000.0,,1,,,,False,False,0,0,,,,1,0.0,,3,21.0,0.0,Unknown State,46.0,,1,0.4930629490008732,0,0.2879577052604651,2,0.5705020812520814,0.3280710678210679,0.1014268509268509,0.5705020812520814
d9c2c88eba2a034e,2024-04-30,UPGRADATION OF REWA-SIRMOUR ROAD TO 2L + PS,Ongoing,General,Unknown Agency,,0,10.0,-0.8,50.0,-40.0,-80.0,,1,,,,False,False,0,0,,,,1,0.0,,1,-16.0,0.0,Unknown State,74.0,,1,0.4687380236907577,1,0.8854095515566358,2,0.9497517621267622,0.0156363636363636,0.0346118742368742,0.9497517621267622
d9e47a85eef31355,2024-04-30,SAIDPUR SEWER NETWORK  PATNA,Ongoing,General,Unknown Agency,,0,12.0,-0.9892857142857144,1120.0,-1108.0,-98.92857142857144,,1,,,,False,False,0,0,,,,1,0.0,,1,-39.0,0.0,Unknown State,73.0,,1,0.4748751742932088,1,0.8777896472906133,2,0.9323549367299367,0.0239458874458874,0.0436991758241758,0.9323549367299367
d9ff00e72b41d3ad,2024-04-30,KM 117.56 TO KM 163.59 (PACKAGE,Ongoing,General,Unknown Agency,,0,246.6,-0.8780415430267062,2022.0,-1775.4,-87.80415430267063,,1,,,,False,False,0,0,,,,1,0.0,,2,35.0,0.0,Unknown State,37.0,,1,0.4772204186470691,1,0.7736494761486928,2,0.6824640767729003,0.1364808524808525,0.1810550707462472,0.6824640767729003
da0b6710c324ca24,2024-04-30,NH440 RAYACHOTY TOVEMPALLI 2LPS,Ongoing,General,Unknown Agency,,0,278.97,10.0,3.0,275.97,1000.0,,1,,,,False,False,0,0,,,,1,0.0,,2,1.0,0.0,Unknown State,50.0,,1,0.5040740169737886,1,0.6043336849629093,2,0.5681002053502056,0.387862665112665,0.0440371295371295,0.5681002053502056
da3d6c1d07d652bb,2024-04-30,NADIKUDE-SRI KALAHASTI,Ongoing,General,Unknown Agency,,0,1144.19,-0.4140412151504599,1952.68,-808.49,-41.40412151504599,,1,,,,False,False,0,0,,,,1,0.0,,3,37.0,0.0,Unknown State,50.0,,1,0.4840846892966102,1,0.5100401862284004,2,0.5528562377165318,0.2089866652954888,0.2381570969879793,0.5528562377165318
da4aaebd2b6c9192,2024-04-30,RASULPUR TO    MIRZACHAUKI (DESIGN CH,Ongoing,General,Unknown Agency,,0,1474.77,10.0,2.0,1472.77,1000.0,,1,,,,False,False,0,0,,,,1,0.0,,3,4.0,0.0,Unknown State,42.0,,1,0.5126035508807124,0,0.3152526561217953,2,0.536016925884573,0.3121312004988475,0.1518518736165794,0.536016925884573
da4b171f6ce34dbf,2024-04-30,FROM,Ongoing,General,Unknown Agency,,0,12.0,0.5,8.0,4.0,50.0,,1,,,,False,False,0,0,,,,1,0.0,,1,-4.0,0.0,Unknown State,16.0,,1,0.5376296275296653,1,0.8593777217119638,2,0.922429256201315,0.0460389977669389,0.031531746031746,0.922429256201315
da6860e2b799e11f,2024-04-30,TO 4  LANE WITH PAVED SHOULDER FRO,Ongoing,General,Unknown Agency,,0,1.0,-0.991130820399113,112.75,-111.75,-99.1130820399113,,1,,,,False,False,0,0,,,,1,0.0,,1,3.0,0.0,Unknown State,18.0,,1,0.5372072079470155,1,0.8994495909042809,2,0.9332366106116106,0.0299372294372294,0.0368261599511599,0.9332366106116106
da884910a90a90ef,2024-04-30,DAMAN BLOCK,Ongoing,General,Unknown Agency,,0,823.27,10.0,15.0,808.27,1000.0,,1,,,,False,False,0,0,,,,1,0.0,,2,22.0,0.0,Unknown State,35.0,,1,0.4841977181141491,0,0.4526894800790326,0,0.5206963223974092,0.5206963223974092,0.0892289745278875,0.3900747030747031
daa2b14fbd83fea4,2024-04-30,AGRA FORT-BANDIKUI,Ongoing,General,Unknown Agency,,0,268.0,10.0,3.0,265.0,1000.0,,1,,,,False,False,0,0,,,,1,0.0,,2,25.0,0.0,Unknown State,2.0,,1,0.4892134227009532,1,0.6193528243237988,2,0.5993524526299295,0.3719812414537646,0.0286663059163059,0.5993524526299295
dadb90987e838794,2024-04-30,FROM DESIGN CHAINAGE 397+750 (,Ongoing,General,Unknown Agency,,0,993.77,10.0,8.0,985.77,1000.0,,1,,,,False,False,0,0,,,,1,0.0,,2,12.0,0.0,Unknown State,20.0,,1,0.5277792699591111,0,0.4332240570884131,0,0.4884355921855921,0.4884355921855921,0.1142382478632478,0.39732615995116
daf43105557954cf,2024-04-30,KULDA EXPANSION OCP- 15 MTY,Ongoing,General,Unknown Agency,,0,8.0,-0.6363636363636364,22.0,-14.0,-63.63636363636363,,1,,,,False,False,0,0,,,,1,0.0,,1,23.0,0.0,Unknown State,199.0,,0,0.4434832141301543,1,0.889368330504559,2,0.943140651015651,0.0216765873015872,0.0351827616827616,0.943140651015651
daf633bb6ecfaad8,2024-04-30,KOCHI METRO RAIL PROJECT,Ongoing,General,Unknown Agency,,0,1128.0,10.0,10.0,1118.0,1000.0,,1,,,,False,False,0,0,,,,1,0.0,,3,-43.0,0.0,Unknown State,47.0,,1,0.5068751376721641,0,0.301052013659878,0,0.63865886160623,0.63865886160623,0.1229217449217448,0.238419393472025
db19bf99838b197b,2024-04-30,EXPN.OCP(SECL)(15-50)MTY,Ongoing,General,SECL,,0,484.51,10.0,10.0,474.51,1000.0,,1,,,,False,False,0,0,,,,1,0.0,,2,11.0,0.0,Unknown State,53.0,,1,0.4895560345189173,0,0.452957688297151,2,0.4736337869646693,0.4569484779925956,0.069417735042735,0.4736337869646693
db42d95d0201a9bd,2024-04-30,BONDAMUNDA  RANCHI DOUBLING,Ongoing,General,Unknown Agency,,0,39.1,-0.7952879581151833,191.0,-151.9,-79.52879581151832,,1,,,,False,False,0,0,,,,1,0.0,,1,26.0,0.0,Unknown State,98.0,,0,0.4381654400416527,1,0.886342718450541,2,0.8526316551095964,0.0515431839402427,0.0958251609501609,0.8526316551095964
db7ab8643c40b221,2024-04-30,(DUDP) IN TAPTI DAMAN BLOCK,Ongoing,General,DUDP,,0,823.27,10.0,12.0,811.27,1000.0,,1,,,,False,False,0,0,,,,1,0.0,,2,22.0,0.0,Unknown State,122.0,,0,0.438062384997081,0,0.4744884714737645,2,0.5006892315201139,0.4418194126135303,0.0574913558663558,0.5006892315201139
dbb1adf154ed3740,2024-04-30,BAGALKOT-KUDACHI NL,Ongoing,General,Unknown Agency,,0,298.0,2.3195945193271696,89.77,208.23,231.95945193271697,,0,,,,False,False,0,0,,,,1,0.0,,2,35.0,0.0,Unknown State,54.0,,1,0.4655370954098765,1,0.6223084612294412,2,0.6107453469732882,0.3285099647084941,0.0607446883182177,0.6107453469732882
dbbe43dd0f49b51d,2024-04-30,(PHASE-I) (AJ/SR-PACKAGE-2),Ongoing,General,PHASE-I,,0,11.0,-0.842857142857143,70.0,-59.0,-84.28571428571429,,1,,,,False,False,0,0,,,,1,0.0,,1,-6.0,0.0,Unknown State,47.0,,1,0.5126746459248882,1,0.8898799513677902,2,0.9353243700743704,0.0387046287046287,0.0259710012210012,0.9353243700743704
dbc9f6eb9a894d1a,2024-04-30,JALALPUR (SHAMLI DISTRICT) TO RANIPUR,Ongoing,General,SHAMLI DISTRICT,,0,830.28,10.0,3.0,827.28,1000.0,,1,,,,False,False,0,0,,,,1,0.0,,2,13.0,0.0,Unknown State,26.0,,1,0.5124716158034446,0,0.4752670014544221,2,0.6369030928222105,0.2687218475968476,0.0943750595809419,0.6369030928222105
dbd92c036d3e6bf5,2024-04-30,BAKHTIYARPUR RAJAULI PKG-III FROM KM 101.630 TO KM 152.520 NH20,Ongoing,General,Unknown Agency,,0,7.0,-0.7348484848484849,26.4,-19.4,-73.48484848484848,,1,,,,False,False,0,0,,,,1,0.0,,1,2.0,0.0,Unknown State,44.0,,1,0.518888218686904,1,0.8924959076116018,2,0.9623365384615384,0.0216071428571428,0.0160563186813186,0.9623365384615384
dbf1104be75a431b,2024-04-30,TO KM 71.000 SECTION OF NE-7 (BA,Ongoing,General,Unknown Agency,,0,210.37,-0.8958564356435644,2020.0,-1809.63,-89.58564356435645,,1,,,,False,False,0,0,,,,1,0.0,,2,1.0,0.0,Unknown State,23.0,,1,0.5294144814721743,1,0.7650980822997837,2,0.6549701540289777,0.1473585164835164,0.1976713294875059,0.6549701540289777
dc1cc1ca938e8030,2024-04-30,(ECR),Ongoing,General,Indian Railways (ECR),,0,1.0,0.1627906976744186,0.86,0.14,16.27906976744186,,1,,,,False,False,0,0,,,,1,0.0,,1,32.0,0.0,Unknown State,23.0,,1,0.4940434185594244,1,0.8640025442247784,2,0.8985384754134753,0.0928589604839605,0.0086025641025641,0.8985384754134753
dc6c4ad399ca4b09,2024-04-30,(UMBRELLA WORK PB#57/2019-20/NR),Ongoing,General,Unknown Agency,,0,203.0,10.0,1.0,202.0,1000.0,,1,,,,False,False,0,0,,,,1,0.0,,2,5.0,0.0,Unknown State,161.0,,1,0.4635012563449884,1,0.635199936606064,2,0.6724625790875792,0.2759702658452659,0.051567155067155,0.6724625790875792
dc7fae66771a199d,2024-04-30,SIX-LANING OF BARWA ADDA-PANAGARH,Ongoing,General,Unknown Agency,,0,230.0,0.0341726618705035,222.4,7.599999999999994,3.417266187050357,,1,,,,False,False,0,0,,,,1,0.0,,2,2.0,0.0,Unknown State,27.0,,1,0.5122829246726333,1,0.6535932458765111,2,0.7045217511246922,0.2135723492194079,0.0819058996558996,0.7045217511246922
dc837c1d5f4c883f,2024-04-30,IMPHAL - KHONGSANG PKG-3,Ongoing,General,Unknown Agency,,0,261.13,-0.8707277227722772,2020.0,-1758.87,-87.07277227722771,,1,,,,False,False,0,0,,,,1,0.0,,2,4.0,0.0,Unknown State,26.0,,1,0.5261612809672132,1,0.7782664413752471,2,0.6487721020809257,0.1724349955599955,0.1787929023590788,0.6487721020809257
dc904b2f769dc768,2024-04-30,(KM 40 TO KM 219.945) OF NH-104,Ongoing,General,Unknown Agency,,0,298.0,10.0,6.0,292.0,1000.0,,1,,,,False,False,0,0,,,,1,0.0,,2,1.0,0.0,Unknown State,35.0,,1,0.5085050358794018,1,0.5798742524066746,2,0.6116922024054378,0.345037401324166,0.0432703962703962,0.6116922024054378
dc9461d19e4aff05,2024-04-30,WIDENING and STRENTHENING FROM KM132.895 TO KM 190.15 NH-80,Ongoing,General,Unknown Agency,,0,2024.0,10.0,150.0,1874.0,1000.0,,1,,,,False,False,0,0,,,,1,0.0,,3,7.0,0.0,Unknown State,44.0,,1,0.5118788997685814,0,0.2820056468116033,1,0.3882943184266713,0.3290462731712732,0.3882943184266713,0.2826594084020554
dcbe66ee62b23fcb,2024-04-30,SECTION) OF NH 200 (NEW NH  5,Ongoing,General,Unknown Agency,,0,1754.84,10.0,3.0,1751.84,1000.0,,1,,,,False,False,0,0,,,,1,0.0,,3,9.0,0.0,Unknown State,46.0,,1,0.5128143563286699,0,0.2936897924878795,2,0.5812331973581973,0.2867237345987345,0.132043068043068,0.5812331973581973
dd44591c0abc13dd,2024-04-30,JANGHAI-PHAPHAMAU - DOUBLING WITH ELECTRIFICATION (46.79 KM),Ongoing,General,Unknown Agency,,0,5.0,-0.991638795986622,598.0,-593.0,-99.1638795986622,,1,,,,False,False,0,0,,,,1,0.0,,1,11.0,0.0,Unknown State,82.0,,1,0.4701911168473903,1,0.8901063279080544,2,0.928988233988234,0.0236666666666666,0.0473450993450993,0.928988233988234
dd5bb56f6b7bd4ce,2024-04-30,JN. WITH MOGA JALANDHAR ROAD N,Ongoing,General,Unknown Agency,,0,524.84,10.0,2.0,522.84,1000.0,,1,,,,False,False,0,0,,,,1,0.0,,2,7.0,0.0,Unknown State,33.0,,1,0.511339012451791,0,0.4400958719263226,2,0.5511199258258083,0.2816857211416035,0.1671943530325883,0.5511199258258083
dd68ff4b71d6ccc8,2024-04-30,BARANAGAR AND KAMARAHATI,Ongoing,General,Unknown Agency,,0,164.93,10.0,10.0,154.93,1000.0,,1,,,,False,False,0,0,,,,1,0.0,,2,-5.0,0.0,Unknown State,73.0,,1,0.4681433447764339,1,0.66772880773714,2,0.7055119161883867,0.2587929554106024,0.0356951284010107,0.7055119161883867
dd8b0f5c061ed1ee,2024-04-30,(PACKAGE – OD-4),Ongoing,General,Unknown Agency,,0,894.0,10.0,4.0,890.0,1000.0,,1,,,,False,False,0,0,,,,1,0.0,,2,4.0,0.0,Unknown State,8.0,,1,0.5284223589007874,0,0.4324157287314466,2,0.5125253553635908,0.3786763138821962,0.108798330754213,0.5125253553635908
ddbd67bd5db18819,2024-04-30,FOR RCC DRAINS ON URBAN,Ongoing,General,Unknown Agency,,0,4.0,0.0,4.0,0.0,0.0,,1,,,,False,False,0,0,,,,1,0.0,,1,4.0,0.0,Unknown State,43.0,,1,0.5225901047878471,1,0.8801422091447161,2,0.9242619047619048,0.0527619047619047,0.0229761904761904,0.9242619047619048
ddbfc33f3cce648f,2024-04-30,KM. 454+500) SECTION OF NEW NH-6,Ongoing,General,Unknown Agency,,0,2.0,1.0,1.0,1.0,100.0,,1,,,,False,False,0,0,,,,1,0.0,,1,10.0,0.0,Unknown State,38.0,,1,0.5217597022864607,1,0.8695964893283363,2,0.9503271867021869,0.0207533993783993,0.0289194139194139,0.9503271867021869
ddc4c1094191871d,2024-04-30,HIGHWAY 03  DESIGN KM 0.00 ENDING AT  K,Ongoing,General,Unknown Agency,,0,1227.57,10.0,1.0,1226.57,1000.0,,1,,,,False,False,0,0,,,,1,0.0,,3,9.0,0.0,Unknown State,36.0,,1,0.5114136985296696,0,0.297919322788462,2,0.5536753663003663,0.2947055583305583,0.1516190753690753,0.5536753663003663
dddd2a0eb4b98880,2024-04-30,INTERCEPTION AND DIVERSION WITH STP AT RISHIKESH,Ongoing,General,Unknown Agency,,0,967.23,10.0,3.0,964.23,1000.0,,1,,,,False,False,0,0,,,,1,0.0,,2,-26.0,0.0,Unknown State,47.0,,1,0.5084151103819732,0,0.4295876934520494,0,0.5113588976812661,0.5113588976812661,0.0940821955821955,0.3945589067365385
dde7acf928f7d1a1,2024-04-30,MERANGKONG-TAMLU-MON ROAD FROM EXISTING KM 20.456 TO,Ongoing,General,Unknown Agency,,0,9.0,0.125,8.0,1.0,12.5,,0,,,,False,True,0,0,,,,1,0.0,,1,-4.0,0.0,Unknown State,39.0,,1,0.5212433582991223,1,0.8226354507851446,2,0.7683769882078703,0.180108313255372,0.0515146985367573,0.7683769882078703
ddf95960427f8216,2024-04-30,FROM SOLAR ENERGY ZONES IN RAJASTHA,Ongoing,General,Unknown Agency,,0,576.42,10.0,5.0,571.42,1000.0,,1,,,,False,False,0,0,,,,1,0.0,,2,3.0,0.0,Unknown State,38.0,,1,0.5101801088564712,0,0.4385072058024004,2,0.5078591131091132,0.3645622016872017,0.1275786852036851,0.5078591131091132
de1c64626c93e36c,2024-04-30,PETLAD-BHADRAN (22.5 KM),Ongoing,General,Unknown Agency,,0,166.33,10.0,6.0,160.33,1000.0,,1,,,,False,False,0,0,,,,1,0.0,,2,20.0,0.0,Unknown State,150.0,,0,0.4475956125601087,1,0.6670569940436428,2,0.679967501796449,0.2863658315368841,0.0336666666666666,0.679967501796449
de4697aa96e95ed3,2024-04-30,RAMMAM-III HEPP (3X40 MW),Ongoing,General,Unknown Agency,,0,6.0,-0.9996094161943856,15361.62,-15355.62,-99.96094161943856,,1,,,,False,False,0,0,,,,1,0.0,,1,59.0,0.0,Unknown State,117.0,,0,0.4361270145670428,1,0.7321928332531827,2,0.8623320600967659,0.0704718614718614,0.0671960784313725,0.8623320600967659
de6116263f48d6b9,2024-04-30,(NE-05) FROM JUSSUR KHERI ON KMP,Ongoing,General,Unknown Agency,,0,11.0,-0.975389847193324,446.97,-435.97,-97.5389847193324,,1,,,,False,False,0,0,,,,1,0.0,,1,0.0,0.0,Unknown State,41.0,,1,0.5154914326313332,1,0.8864364938440212,2,0.9156562881562884,0.0227953296703296,0.0615483821733821,0.9156562881562884
deb31c5167f59206,2024-04-30,AAI AT SAFDARJUNG AIRPOR,Ongoing,General,Unknown Agency,,0,10.0,-0.6296296296296297,27.0,-17.0,-62.96296296296296,,1,,,,False,False,0,0,48.0,,,1,0.0,,1,0.0,120.0,Unknown State,174.0,,0,0.4204999868044677,1,0.8716286769715862,2,0.9360325507825508,0.0303250915750915,0.0336423576423576,0.9360325507825508
df338d582cdc4149,2024-04-30,BUS STAND,Ongoing,General,Unknown Agency,,0,303.0,10.0,2.0,301.0,1000.0,,1,,,,False,False,0,0,,,,1,0.0,,2,-17.0,0.0,Unknown State,21.0,,1,0.5241558316462167,1,0.5781605832535568,2,0.5931696555078909,0.351444369356134,0.0553859751359751,0.5931696555078909
dfa4fc4b2b772940,2024-04-30,(EXISTING CHAINAGES) OF MANGALOR,Ongoing,General,EXISTING CHAINAGES,,0,624.43,10.0,2.0,622.43,1000.0,,1,,,,False,False,0,0,,,,1,0.0,,2,11.0,0.0,Unknown State,37.0,,1,0.5055853950626674,0,0.4713452022633118,2,0.6051774018465195,0.2997068487068487,0.0951157494466317,0.6051774018465195
e007c9c520480caf,2024-04-30,RD AND 4TH LINE - SARAGBUNDIA AND MADWARANI,Ongoing,General,Unknown Agency,,0,9.0,0.5,6.0,3.0,50.0,,1,,,,False,False,0,0,,,,1,0.0,,1,29.0,0.0,Unknown State,0.0,,1,0.504868050038383,1,0.8513531083127258,2,0.9428206654456652,0.0487712148962148,0.0084081196581196,0.9428206654456652
e02453ae507c23fb,2024-04-30,FROM DESIGN CH. 2.900 TO DESIGN CH.,Ongoing,General,Unknown Agency,,0,1181.34,10.0,12.0,1169.34,1000.0,,1,,,,False,False,0,0,,,,1,0.0,,3,11.0,0.0,Unknown State,39.0,,1,0.5112592950273811,0,0.2899450800843359,0,0.5382379115272335,0.5382379115272335,0.1054452166191296,0.3563168718536365
e03c5326f9fa1952,2024-04-30,DAKSHINESHWAR (MTP),Ongoing,General,Indian Railways (MTP),,0,1177.96,10.0,5.0,1172.96,1000.0,,1,,,,False,False,0,0,,,,1,0.0,,3,20.0,0.0,Unknown State,91.0,,1,0.4564623797659641,0,0.3429613464124172,2,0.5508509962259962,0.386726037851038,0.0624229659229659,0.5508509962259962
e057d4bfd7c5bcf0,2024-04-30,(DESIGN,Ongoing,General,Unknown Agency,,0,754.54,10.0,3.0,751.54,1000.0,,0,,,,False,False,0,0,,,,1,0.0,,2,8.0,0.0,Unknown State,93.0,,1,0.4721897068111145,0,0.4694254622862287,2,0.494671203796204,0.3673757908757908,0.1379530053280053,0.494671203796204
e0828f100da78085,2024-04-30,KHAVDA RE PARK,Ongoing,General,Unknown Agency,,0,2.0,1.0,1.0,1.0,100.0,,1,,,,False,False,0,0,,,,1,0.0,,1,8.0,0.0,Unknown State,21.0,,1,0.5391230417161694,1,0.8695964893283363,2,0.9108726412476412,0.058389763014763,0.0307375957375957,0.9108726412476412
e0ac865aa16ad7c6,2024-04-30,SECTION (PACKAGE II),Ongoing,General,PACKAGE II,,0,3.0,-0.5714285714285714,7.0,-4.0,-57.14285714285714,,0,,,,False,True,0,0,,,,1,0.0,,1,21.0,0.0,Unknown State,58.0,,1,0.4748921261190734,1,0.8657486078264633,2,0.8160962232212231,0.1404841408591408,0.0434196359196359,0.8160962232212231
e0d72effa593db6e,2024-04-30,(RAIL VIKAS NIGAM LTD.),Ongoing,General,RAIL VIKAS NIGAM LTD.,,0,3.0,-0.990228013029316,307.0,-304.0,-99.0228013029316,,1,,,,False,False,1,0,,,,1,0.0,,1,-97.0,0.0,Unknown State,-108.0,,1,0.5986183046425552,1,0.8695946527015722,2,0.9257434142654728,0.0472617749897161,0.0269948107448107,0.9257434142654728
e0ec858be98d2083,2024-04-30,KANPUR METRO RAIL PROJECT,Ongoing,General,Unknown Agency,,0,24948.65,10.0,7.0,24941.65,1000.0,,1,,,,False,False,0,0,,,,1,0.0,,3,26.0,0.0,Unknown State,83.0,,0,0.4458407427599982,0,0.2938822144175934,0,0.459844331107489,0.459844331107489,0.1123954882836461,0.4277601806088648
e10983d36742a523,2024-04-30,OF  NH-25 ON EPC MODE IN THE,Ongoing,General,Unknown Agency,,0,309.48,10.0,21.0,288.48,1000.0,,1,,,,False,False,0,0,,,,1,0.0,,2,8.0,0.0,Unknown State,15.0,,1,0.5255765263706321,1,0.558207050014528,2,0.6385890571846455,0.2888715100259219,0.0725394327894328,0.6385890571846455
e12b3824fbfa18ee,2024-04-30,"(THAKURGUNG), NEFR",Ongoing,General,THAKURGUNG,,0,4329.53,10.0,3.0,4326.53,1000.0,,1,,,,False,False,0,0,,,,1,0.0,,3,8.0,0.0,NEFR -,81.0,,1,0.4668404212692693,0,0.3450646617881807,1,0.4626695249195249,0.2530572319837025,0.4626695249195249,0.2842732430967724
e143057e467e4353,2024-04-30,WITH OFFSITE AND,Ongoing,General,Unknown Agency,,0,60.0,-0.4,100.0,-40.0,-40.0,,0,,,,False,False,0,0,,,,1,0.0,,1,18.0,0.0,Unknown State,79.0,,1,0.4545948058896767,1,0.8864550711350965,2,0.82392340992341,0.0988454323454323,0.0772311577311577,0.82392340992341
e165a7bfd364147c,2024-04-30,MUMBAI,Ongoing,General,Unknown Agency,,0,676.0,10.0,1.0,675.0,1000.0,,1,,,,False,False,0,0,,,,1,0.0,,2,-2.0,0.0,Unknown State,73.0,,1,0.4679841312998217,0,0.4592786497891732,0,0.4468270618270616,0.4468270618270616,0.12047379009879,0.4326991480741481
e183f9377266e104,2024-04-30,TO KM 254.430 OF VADODARA MU,Ongoing,General,Unknown Agency,,0,6.0,-0.9970326409495548,2022.0,-2016.0,-99.70326409495549,,1,,,,False,False,0,0,,,,1,0.0,,1,2.0,0.0,Unknown State,0.0,,1,0.5353450534536967,1,0.869140261400196,2,0.8701623270520331,0.03432215007215,0.095515522875817,0.8701623270520331
e1b73a167f741cf9,2024-04-30,(DESIGN,Ongoing,General,Unknown Agency,,0,2.0,1.0,1.0,1.0,100.0,,1,,,,False,False,0,0,,,,1,0.0,,1,8.0,0.0,Unknown State,108.0,,1,0.4714412565807193,1,0.8695964893283363,2,0.9108726412476412,0.058389763014763,0.0307375957375957,0.9108726412476412
e1bd6e0fc7fbaa38,2024-04-30,KIRANDUL - JAGDALPUR DOUBLING,Ongoing,General,Unknown Agency,,0,3.0,-0.9702970297029704,101.0,-98.0,-97.02970297029702,,1,,,,False,False,0,0,,,,1,0.0,,1,-1.0,0.0,Unknown State,48.0,,1,0.5171737027698863,1,0.8951683019489082,2,0.952930097680098,0.0180215201465201,0.0290483821733821,0.952930097680098
e2abd8389e575aaa,2024-04-30,Unnamed Project,Ongoing,General,Unknown Agency,,0,526.26,-0.0361538461538461,546.0,-19.74000000000001,-3.6153846153846168,,1,,,,False,False,0,0,,,,1,0.0,,2,2.0,0.0,Unknown State,59.0,,1,0.4918096363336852,1,0.5372192789939463,2,0.6760960126474832,0.1793619982958218,0.1445419890566948,0.6760960126474832
e2b14c9d7bd60533,2024-04-30,SECTION (PACKAGE III),Ongoing,General,PACKAGE III,,0,568.92,10.0,9.0,559.92,1000.0,,0,,,,False,True,0,0,,,,1,0.0,,2,0.0,0.0,Unknown State,91.0,,1,0.4597682021811891,0,0.4574872583002242,2,0.482912383883746,0.4534348412595317,0.0636527748567222,0.482912383883746
e2dd811092253b23,2024-04-30,VIZIANAGARAM -SAMABALPUR 3RD LINE,Ongoing,General,Unknown Agency,,0,3.0,-0.9985119047619048,2016.0,-2013.0,-99.85119047619048,,1,,,,False,False,0,0,,,,1,0.0,,1,32.0,0.0,Unknown State,9.0,,1,0.4973876896855428,1,0.8577543090866796,2,0.901458267222973,0.0339170829170829,0.0646246498599439,0.901458267222973
e3a8a72ae058203b,2024-04-30,PAVED SHOULDERS FROM KM. 86/160 TO,Ongoing,General,Unknown Agency,,0,179.19,-0.9113798219584568,2022.0,-1842.81,-91.1379821958457,,1,,,,False,False,0,0,,,,1,0.0,,2,8.0,0.0,Unknown State,0.0,,1,0.5357369911762095,1,0.7731927365739791,2,0.7112959989357047,0.0824718157659334,0.2062321852983617,0.7112959989357047
e3d2aa156f30f489,2024-04-30,ROAD),Ongoing,General,Unknown Agency,,0,999.0,10.0,1.0,998.0,1000.0,,1,,,,False,False,0,0,,,,1,0.0,,2,3.0,0.0,Unknown State,78.0,,1,0.4712751370545602,0,0.4090925014651401,2,0.4393832278832278,0.4059741924741925,0.1546425796425795,0.4393832278832278
e42faf523870f7c7,2024-04-30,BRIDGE SECTION OF NH-53,Ongoing,General,Unknown Agency,,0,536.03,10.0,3.0,533.03,1000.0,,1,,,,False,False,0,0,,,,1,0.0,,2,2.0,0.0,Unknown State,21.0,,1,0.5241558316462167,0,0.4416725089847817,2,0.5773793208425563,0.3421780621339445,0.0804426170234993,0.5773793208425563
e435e1f2bc7755f6,2024-04-30,TURAVUR-AMBALAPUZHA DOUBLING,Ongoing,General,Unknown Agency,,0,4.0,-0.6363636363636364,11.0,-7.0,-63.63636363636363,,1,,,,False,False,0,0,,,,1,0.0,,1,11.0,0.0,Unknown State,215.0,,1,0.4642290071280446,1,0.8999184810840458,2,0.9393906510156512,0.0141488095238095,0.0464605394605394,0.9393906510156512
e47746ed991dc548,2024-04-30,CGD PROJECT AT JAMMU DISTRICTS,Ongoing,General,Unknown Agency,,0,609.0,10.0,3.0,606.0,1000.0,,1,,,,False,False,0,0,,,,1,0.0,,2,95.0,0.0,Unknown State,120.0,,0,0.435220556469196,0,0.4205931506486784,2,0.4970554249671896,0.4656933124065477,0.0372512626262626,0.4970554249671896
e47c1449811ecef4,2024-04-30,TO KM 139.000) [INDORE - EDLABAD PKG IV],Ongoing,General,Unknown Agency,,0,326.79,10.0,8.0,318.79,1000.0,,1,,,,False,False,0,0,,,,1,0.0,,2,1.0,0.0,Unknown State,21.0,,1,0.5237356473464029,1,0.5490107892771372,2,0.641944963533199,0.3024787238904886,0.0555763125763125,0.641944963533199
e48260fbe92da6a6,2024-04-30,NOKH PLOT-1 SOLAR PV PROJECT 245MW,Ongoing,General,Unknown Agency,,0,937.8,10.0,11.0,926.8,1000.0,,1,,,,False,False,0,0,,,,1,0.0,,2,5.0,0.0,Unknown State,34.0,,1,0.5121802308594989,0,0.4401776334933513,0,0.5323412248805472,0.5323412248805472,0.098261291067557,0.3693974840518957
e491c99342727ff0,2024-04-30,INTERNATIONAL AIRPORT (NMIA),Ongoing,General,NMIA,,0,281.35,10.0,6.0,275.35,1000.0,,1,,,,False,False,0,0,,,,1,0.0,,2,16.0,0.0,Unknown State,98.0,,1,0.4528634102345747,1,0.616680780921832,2,0.6120507743890098,0.3421339575457222,0.045815268065268,0.6120507743890098
e4b269b45d677088,2024-04-30,KM. 139.813 PKG  IV,Ongoing,General,Unknown Agency,,0,594.75,10.0,2.0,592.75,1000.0,,1,,,,False,False,0,0,,,,1,0.0,,2,-7.0,0.0,Unknown State,55.0,,1,0.498959635534741,0,0.4340165135902194,0,0.468281458737341,0.468281458737341,0.1197843169901993,0.4119342242724597
e4bc07d48095267c,2024-04-30,.800 TO KM 421.100 (PKG 2),Ongoing,General,Unknown Agency,,0,13.27,-0.9829690568168694,779.17,-765.9,-98.29690568168694,,1,,,,False,False,0,0,,,,1,0.0,,1,3.0,0.0,Unknown State,20.0,,1,0.5343999945032685,1,0.8828708256412563,2,0.9006659035409037,0.0461190476190476,0.0532150488400488,0.9006659035409037
e4cf2b9bc84c1526,2024-04-30,"STN. THOMAS, MTP",Ongoing,General,Unknown Agency,,0,12.0,3.0,3.0,9.0,300.0,,1,,,,False,False,0,0,,,,1,0.0,,1,5.0,0.0,MTP -,54.0,,1,0.506681770941662,1,0.8966329753345075,2,0.9386739094239094,0.0221876456876456,0.0391384448884448,0.9386739094239094
e4f8d3accb0c5c0e,2024-04-30,"MPS AT BKS MARG, NEW DELHI",Ongoing,General,Unknown Agency,,0,1180.0,10.0,10.0,1170.0,1000.0,,1,,,,False,False,0,0,,,,1,0.0,,3,13.0,0.0,NEW DELHI -,103.0,,1,0.4672708430398201,0,0.3154912194858656,2,0.3870098512598512,0.2366267066267066,0.3763634421134421,0.3870098512598512
e51d79a1ed20e080,2024-04-30,BALARAM EXPANSION OCP,Ongoing,General,Unknown Agency,,0,1210.12,10.0,4.0,1206.12,1000.0,,1,,,,False,False,0,0,,,,1,0.0,,3,59.0,0.0,Unknown State,107.0,,0,0.4442621496743572,0,0.2993215412422698,2,0.5019162308279956,0.4329007299889653,0.0651830391830392,0.5019162308279956
e55264720a660983,2024-04-30,BALIKUDA FROM KM 277/500 TO 318/970 OF,Ongoing,General,Unknown Agency,,0,189.31,10.0,10.0,179.31,1000.0,,1,,,,False,False,0,0,,,,1,0.0,,2,14.0,0.0,Unknown State,32.0,,1,0.5095687924734836,1,0.6539463247307922,2,0.7436973859473859,0.2139295981795982,0.0423730158730158,0.7436973859473859
e58b0b95b0445121,2024-04-30,.00] [KM 134.98-172.95 OF NH-63],Ongoing,General,Unknown Agency,,0,223.35,10.0,11.0,212.35,1000.0,,1,,,,False,False,0,0,,,,1,0.0,,2,-4.0,0.0,Unknown State,25.0,,1,0.5149851464308826,1,0.6188090260497011,2,0.7048409319438731,0.2441338114499879,0.0510252566061389,0.7048409319438731
e5abe2e96d16a148,2024-04-30,GUWAHATI (176 KM),Ongoing,General,Unknown Agency,,0,414.84,10.0,4.0,410.84,1000.0,,1,,,,False,False,0,0,,,,1,0.0,,2,23.0,0.0,Unknown State,179.0,,0,0.4416115699703504,0,0.4545757315936939,2,0.5656707070878898,0.3849721084299257,0.0493571844821844,0.5656707070878898
e5d00248e895cd32,2024-04-30,AHMEDABAD METRO RAIL PROJECT PHASE II,Ongoing,General,Unknown Agency,,0,34953.45,10.0,45.0,34908.45,1000.0,,1,,,,False,False,0,0,,,,1,0.0,,3,8.0,0.0,Unknown State,113.0,,1,0.4664058604225859,0,0.2913761296053766,0,0.4071122904872906,0.4071122904872906,0.2670299284049283,0.3258577811077811
e5ea3be2dccd8c1d,2024-04-30,AND DHARAMSHAL,Ongoing,General,Unknown Agency,,0,8.0,-0.9896907216494846,776.0,-768.0,-98.96907216494846,,1,,,,False,False,0,0,,,,1,0.0,,1,7.0,0.0,Unknown State,39.0,,1,0.5179452994259588,1,0.8867085662095323,2,0.9336182706182704,0.0141648351648351,0.0522168942168942,0.9336182706182704
e639fd3c69ef636a,2024-04-30,JHANSI BINA DOUBLING,Ongoing,General,Unknown Agency,,0,2024.0,10.0,150.0,1874.0,1000.0,,1,,,,False,False,0,0,,,,1,0.0,,3,-4.0,0.0,Unknown State,87.0,,1,0.4698892807139373,0,0.2820056468116033,0,0.5243583222333222,0.5243583222333222,0.2072953296703296,0.2683463480963481
e64c529bcff3c256,2024-04-30,SECTION FROM KM126/510 TO KM135/740 OF NH214(NH21,Ongoing,General,Unknown Agency,,0,8.0,1.0,4.0,4.0,100.0,,1,,,,False,False,0,0,,,,1,0.0,,1,-18.0,0.0,Unknown State,74.0,,1,0.4710602418989422,1,0.8620107930011754,2,0.9410323565323564,0.0341025641025641,0.0248650793650793,0.9410323565323564
e66f4aa9a2ca88d0,2024-04-30,UPGRADATION OF FOUR LANE ACCESS,Ongoing,General,Unknown Agency,,0,956.14,10.0,1.0,955.14,1000.0,,1,,,,False,False,0,0,,,,1,0.0,,2,19.0,0.0,Unknown State,34.0,,1,0.4943122983638946,0,0.4263443897269235,2,0.5224572094572095,0.396208152958153,0.0813346375846375,0.5224572094572095
e679d4da1cd013a9,2024-04-30,EPC BASIS FROM DESIGN KM 106.200 TO KM 120.,Ongoing,General,Unknown Agency,,0,1.0,-0.998217468805704,561.0,-560.0,-99.8217468805704,,1,,,,False,False,0,0,,,,1,0.0,,1,-7.0,0.0,Unknown State,92.0,,1,0.4680674794766084,1,0.8731112087356745,2,0.9321944028194032,0.0238961038961038,0.0439094932844932,0.9321944028194032
e67f75fa3421be56,2024-04-30,EPR ROHINI KARKATA OCP,Ongoing,General,Unknown Agency,,0,713.35,10.0,11.0,702.35,1000.0,,1,,,,False,False,0,0,,,,1,0.0,,2,47.0,0.0,Unknown State,88.0,,0,0.4397748727250404,0,0.4631570640178305,2,0.5029543871161518,0.4456371234264457,0.0514084894574025,0.5029543871161518
e6ff20ef9204206d,2024-04-30,T    (NATIONAL HIGHWAYS AUTHORITY OF INDIA),Ongoing,General,NATIONAL HIGHWAYS AUTHORITY OF INDIA,,0,1047.0,10.0,23.0,1024.0,1000.0,,1,,,,False,False,0,0,,,,1,0.0,,3,-25.0,0.0,Unknown State,22.0,,1,0.5181579629402122,0,0.3480759747367897,0,0.5604396134910841,0.5604396134910841,0.1115723998223997,0.3279879866865162
e7408c1cc41df9d5,2024-04-30,HIMMATNAGAR-KHEDBRAHMA (54.83 KM),Ongoing,General,Unknown Agency,,0,12.0,-0.5,24.0,-12.0,-50.0,,1,,,,False,False,0,0,,,,1,0.0,,1,10.0,0.0,Unknown State,2.0,,1,0.5377043126612281,1,0.8782923615123108,2,0.9475110306360304,0.0258228021978022,0.0266661671661671,0.9475110306360304
e815aa142a3bf20b,2024-04-30,REACTOR AT KURUKSHETRA,Ongoing,General,Unknown Agency,,0,235.53,10.0,2.0,233.53,1000.0,,1,,,,False,False,0,0,,,,1,0.0,,2,-4.0,0.0,Unknown State,82.0,,1,0.4676878871952926,1,0.6360080392142735,2,0.6613150876900877,0.2851764624264624,0.0535084498834498,0.6613150876900877
e86938b258982fea,2024-04-30,PART J,Ongoing,General,Unknown Agency,,0,1167.55,10.0,3.0,1164.55,1000.0,,1,,,,False,False,0,0,,,,1,0.0,,3,11.0,0.0,Unknown State,24.0,,1,0.5251158345613316,0,0.2993215412422698,2,0.5534099568731922,0.3219817723126546,0.1246082708141531,0.5534099568731922
e87d645352c5d4ac,2024-04-30,(CH. 359.170 TO CH. 388.420) [JUNCTION WITH S,Ongoing,General,Unknown Agency,,0,323.51,10.0,8.0,315.51,1000.0,,1,,,,False,False,0,0,,,,1,0.0,,2,-4.0,0.0,Unknown State,52.0,,1,0.4994800950380947,1,0.5556774559438038,2,0.5988515291897646,0.3421554915672563,0.0589929792429792,0.5988515291897646
e87eaad3a76fff58,2024-04-30,KHAVDA DHOLAVIRA MAUVANA,Ongoing,General,Unknown Agency,,0,303.9,-0.0873873873873874,333.0,-29.100000000000023,-8.738738738738745,,0,,,,False,False,0,0,,,,1,0.0,,2,1.0,0.0,Unknown State,98.0,,1,0.4649847299106037,1,0.5865637758062349,2,0.6513863032392446,0.2017711993888464,0.1468424973719091,0.6513863032392446
e88f770489bec7a0,2024-04-30,LOGISTIC,Ongoing,General,Unknown Agency,,0,198.77,10.0,7.0,191.77,1000.0,,1,,,,False,False,0,0,,,,1,0.0,,2,2.0,0.0,Unknown State,35.0,,1,0.5087482371692834,1,0.6460979036055007,2,0.7211344844096391,0.2397444987503036,0.039121016840057,0.7211344844096391
e891c17511537d48,2024-04-30,(BHARAT PETROLEUM CORPORATION LIMITED),Ongoing,General,BHARAT PETROLEUM CORPORATION LIMITED,,0,9.0,-0.9975754310344828,3712.0,-3703.0,-99.75754310344828,,1,,,,False,False,1,0,,,,1,0.0,,1,-20.0,0.0,Unknown State,-1.0,,1,0.5922942668623102,1,0.7793250821095979,2,0.7905605832076418,0.1413580675860087,0.0680813492063492,0.7905605832076418
e8df36d783f063fa,2024-04-30,UPGRADATION OF JABALPUR AIRPORT,Ongoing,General,Unknown Agency,,0,255.68,10.0,6.0,249.68,1000.0,,1,,,,False,False,0,0,,,,1,0.0,,2,1.0,0.0,Unknown State,83.0,,1,0.4686232297008336,1,0.6341969675843699,2,0.68149747311512,0.2835016527590057,0.0350008741258741,0.68149747311512
e8f258c96845d840,2024-04-30,DAYAPAR WIND- III (HYBRID TRANCHE-V),Ongoing,General,HYBRID TRANCHE-V,,0,2598.92,10.0,6.0,2592.92,1000.0,,1,,,,False,False,0,0,,,,1,0.0,,3,13.0,0.0,Unknown State,35.0,,1,0.5098164197982016,0,0.3052872233008993,0,0.4386121509209745,0.4386121509209745,0.1964745254745254,0.3649133236045001
e93455ca1343bc15,2024-04-30,DHAR (NL),Ongoing,General,Indian Railways (NL),,0,495.18,10.0,4.0,491.18,1000.0,,1,,,,False,False,0,0,,,,1,0.0,,2,46.0,0.0,Unknown State,130.0,,0,0.426464567776235,0,0.4873871058328011,2,0.5252639443889445,0.4229203990453991,0.0518156565656565,0.5252639443889445
e93ca6bb685dc6aa,2024-04-30,.0,Ongoing,General,Unknown Agency,,0,10.5,4.25,2.0,8.5,425.0,,1,,,,False,False,0,0,,,,1,0.0,,1,5.0,0.0,Unknown State,48.0,,1,0.5218909141502641,1,0.8541260303837539,2,0.8468849118717539,0.1115608923240502,0.0415541958041958,0.8468849118717539
e93ee45d6a0863cb,2024-04-30,"DURG CHHATTISGARH, STAGE I PHASE I.",Ongoing,General,Unknown Agency,,0,171.86,10.0,9.0,162.86,1000.0,,1,,,,False,False,0,0,,,,1,0.0,,2,-21.0,0.0,STAGE I PHASE I. -,118.0,,1,0.4608396144151202,1,0.7099523908348554,2,0.7941197666712373,0.1544606765783236,0.0514195567504391,0.7941197666712373
e95feb200106fab2,2024-04-30,ROAD (NH-,Ongoing,General,Unknown Agency,,0,7.0,-0.3,10.0,-3.0,-30.0,,1,,,,False,False,0,0,,,,1,0.0,,1,7.0,0.0,Unknown State,1.0,,1,0.5398352884622579,1,0.8790631193099584,2,0.9105519480519476,0.0499642857142857,0.0394837662337662,0.9105519480519476
e96bc391652b79c0,2024-04-30,IV WIND SOLAR HYBRID),Ongoing,General,Unknown Agency,,0,2.0,1.0,1.0,1.0,100.0,,1,,,,False,False,0,0,,,,1,0.0,,1,2.0,0.0,Unknown State,19.0,,1,0.5369173807835765,1,0.8695964893283363,2,0.8908769702519702,0.0871395132645132,0.0219835164835164,0.8908769702519702
e982d22151e0b546,2024-04-30,) FROM KM. 0.00 TO KM.7.30,Ongoing,General,Unknown Agency,,0,4.0,-0.8333333333333335,24.0,-20.0,-83.33333333333334,,1,,,,False,False,0,0,,,,1,0.0,,1,0.0,0.0,Unknown State,0.0,,1,0.5352793882439928,1,0.9020239643427074,2,0.9593249389499392,0.009301282051282,0.0313737789987789,0.9593249389499392
e995a59114fea265,2024-04-30,LALITPUR - BIRARI WITH FLYOVER AT LALITPUR,Ongoing,General,Unknown Agency,,0,48.0,-0.8167938931297711,262.0,-214.0,-81.67938931297711,,1,,,,False,False,0,0,,,,1,0.0,,1,8.0,0.0,Unknown State,68.0,,1,0.4758572426958119,1,0.8842873627473696,2,0.867303982781924,0.0258885330355918,0.1068074841824841,0.867303982781924
e9a1dc6cb6533348,2024-04-30,RECHARLA VI,Ongoing,General,Unknown Agency,,0,11.0,-0.6333333333333333,30.0,-19.0,-63.33333333333333,,1,,,,False,False,0,0,,,,1,0.0,,1,5.0,0.0,Unknown State,58.0,,1,0.501615116270393,1,0.8871590281789775,2,0.8903762210012209,0.0744107142857142,0.0352130647130647,0.8903762210012209
e9e1cfebaf597f3d,2024-04-30,".070 TO 260.800, END OF HARDOI DIS",Ongoing,General,Unknown Agency,,0,1.0,-0.9995059288537548,2024.0,-2023.0,-99.95059288537549,,1,,,,False,False,0,0,,,,1,0.0,,1,6.0,0.0,END OF HARDOI DIS -,34.0,,1,0.5220198546974983,1,0.895282214944352,2,0.8537269568666627,0.0567474747474747,0.0895255683858624,0.8537269568666627
e9e4391ae6ef1156,2024-04-30,Central Sector Projects(GAS AUTHORITY OF INDIA LIMITED),Ongoing,General,GAS AUTHORITY OF INDIA LIMITED,,0,291.95,-0.855541810984661,2021.0,-1729.05,-85.5541810984661,,1,,,,False,False,0,0,,,,1,0.0,,2,-21.0,0.0,Unknown State,16.0,,1,0.5248522978592957,1,0.7439272218929932,2,0.6915319810908046,0.1968259102009102,0.1116421087082851,0.6915319810908046
e9e776b56c2b0e53,2024-04-30,REFORMING UN,Ongoing,General,Unknown Agency,,0,827.0,10.0,1.0,826.0,1000.0,,1,,,,False,False,0,0,,,,1,0.0,,2,10.0,0.0,Unknown State,37.0,,1,0.5101049229535769,0,0.4625760979550424,2,0.6049828643578644,0.2681289821289822,0.1268881535131535,0.6049828643578644
ea00f060a3f9b4c4,2024-04-30,PROJECT,Ongoing,General,Unknown Agency,,0,2.0,-0.9971345842783236,697.979,-695.979,-99.71345842783236,,1,,,,False,False,0,0,,,,1,0.0,,1,17.0,0.0,Unknown State,129.0,,1,0.4550002091246966,1,0.8735938682954141,2,0.9442252469752472,0.0211082251082251,0.0346665279165279,0.9442252469752472
ea39de1d130d463f,2024-04-30,ANAND VIHAR-TILAK BRIDGE 3RD AND 4TH LINE,Ongoing,General,Unknown Agency,,0,1339.48,10.0,4.0,1335.48,1000.0,,1,,,,False,False,0,0,,,,1,0.0,,3,-7.0,0.0,Unknown State,185.0,,1,0.4626146756031566,0,0.3026548745756032,0,0.5216693486252311,0.5216693486252311,0.1214902360711184,0.3568404153036505
ea6cf7eece8bd58c,2024-04-30,DOUBLING BETWEEN CHURU-RATANGARH (42.81 KM),Ongoing,General,Unknown Agency,,0,3.0,-0.625,8.0,-5.0,-62.5,,1,,,,False,False,0,0,,,,1,0.0,,1,21.0,0.0,Unknown State,10.0,,1,0.5127964300804373,1,0.9043169602192898,2,0.9241525557775558,0.0423313492063492,0.033516095016095,0.9241525557775558
ea78bac2c9b02145,2024-04-30,BORDER-GOOTY SECTION FROM KM 368.920 TO KM 424.225 O,Ongoing,General,Unknown Agency,,0,59.0,-0.9986475176561984,43623.49,-43564.49,-99.86475176561986,,1,,,,False,False,0,0,,,,1,0.0,,1,-14.0,0.0,Unknown State,123.0,,1,0.4619815516626263,1,0.7623085457378767,2,0.7971041629938689,0.1062590187590187,0.0966368182471123,0.7971041629938689
eac03a0330905e71,2024-04-30,UNIT-3 and 4,Ongoing,General,Unknown Agency,,0,9.0,0.125,8.0,1.0,12.5,,1,,,,False,False,0,0,48.0,,,1,0.0,,1,31.0,120.0,Unknown State,278.0,,0,0.4007551980059926,1,0.8375605182401852,2,0.887679834054834,0.1000853174603174,0.0122348484848484,0.887679834054834
eae4888e5c672d75,2024-04-30,-LANING OF DERGAON TOWN,Ongoing,General,Unknown Agency,,0,88.7,0.2671428571428572,70.0,18.700000000000003,26.71428571428572,,1,,,,False,False,0,0,,,,1,0.0,,1,-1.0,0.0,Unknown State,43.0,,1,0.5123153027819053,1,0.8442616151958514,2,0.788073593073593,0.1652655122655122,0.0466608946608946,0.788073593073593
eaf718ee355555e2,2024-04-30,"BARAMULLA   (NL),NR",Ongoing,General,Indian Railways (NL),,0,950.0,10.0,7.0,943.0,1000.0,,1,,,,False,False,0,0,,,,1,0.0,,2,4.0,0.0,NR -,49.0,,1,0.4915628208814588,0,0.4688291552644712,2,0.436439189078895,0.3692503387135741,0.194310472207531,0.436439189078895
eb08d14b26305f76,2024-04-30,LANE WITH PAVED SHOULDERS CONFIG,Ongoing,General,Unknown Agency,,0,244.54,10.0,7.0,237.54,1000.0,,1,,,,False,False,0,0,,,,1,0.0,,2,-53.0,0.0,Unknown State,6.0,,1,0.5235044632305023,1,0.6374503516121112,2,0.648015207015207,0.3089060384060384,0.0430787545787545,0.648015207015207
eb0e8ff76ff84ce7,2024-04-30,KM 77.95 TO KM 117.56 (PACKAGE,Ongoing,General,Unknown Agency,,0,840.93,10.0,12.0,828.93,1000.0,,1,,,,False,False,0,0,,,,1,0.0,,2,35.0,0.0,Unknown State,63.0,,1,0.456596784350603,0,0.4521221041925078,0,0.5130910942921811,0.5130910942921811,0.0519437638235592,0.4349651418842595
eb1bd4838e87b300,2024-04-30,TADUBI SECTION OF NH-102A FROM,Ongoing,General,Unknown Agency,,0,3.0,2.0,1.0,2.0,200.0,,1,,,,False,False,0,0,,,,1,0.0,,1,8.0,0.0,Unknown State,45.0,,1,0.5221361554804494,1,0.8614886177933346,2,0.8771555527805526,0.0935393911643911,0.029305056055056,0.8771555527805526
eb2ca3d8f7b9fad9,2024-04-30,BHUJ SOLAR 300MW (TRANCHE-IV WIND SOLAR HYBRID),Ongoing,General,TRANCHE-IV WIND SOLAR HYBRID,,0,1530.49,10.0,6.0,1524.49,1000.0,,1,,,,False,False,0,0,,,,1,0.0,,3,2.0,0.0,Unknown State,24.0,,1,0.5180585896447076,0,0.3145000396860322,2,0.4511128601790365,0.4440711780050017,0.1048159618159618,0.4511128601790365
eb40874a72ba10df,2024-04-30,DCWS IN STREAMS 1 AND,Ongoing,General,Unknown Agency,,0,5.0,-0.9397590361445785,83.0,-78.0,-93.97590361445783,,1,,,,False,False,0,0,,,,1,0.0,,1,17.0,0.0,Unknown State,129.0,,1,0.4556796575487019,1,0.8926524511062263,2,0.9346234737484737,0.0374650488400488,0.0279114774114774,0.9346234737484737
eb977f3460a62a55,2024-04-30,(EXISTING KM 96+450) TO CH. 134+,Ongoing,General,Unknown Agency,,0,48.0,3.0,12.0,36.0,300.0,,1,,,,False,False,0,0,,,,1,0.0,,1,8.0,0.0,Unknown State,0.0,,1,0.5356251863621323,1,0.8640812477851317,2,0.8683811517429938,0.0827687539069118,0.0488500943500943,0.8683811517429938
ebb59fd562168869,2024-04-30,TO KM 454.240),Ongoing,General,Unknown Agency,,0,477.86,10.0,8.0,469.86,1000.0,,1,,,,False,False,0,0,,,,1,0.0,,2,4.0,0.0,Unknown State,36.0,,1,0.5109188281519775,0,0.4379899511512805,0,0.4671894633144632,0.4671894633144632,0.0995268204018204,0.4332837162837163
ebb8d2922296d570,2024-04-30,OF NAKAREKAL – MALLAMPALLY SECTION OF NH-365,Ongoing,General,Unknown Agency,,0,380.76,10.0,2.0,378.76,1000.0,,1,,,,False,False,0,0,,,,1,0.0,,2,-9.0,0.0,Unknown State,77.0,,1,0.4671548315338379,1,0.5047258049054,2,0.5679110766684297,0.3795889233315702,0.0525,0.5679110766684297
ebca035a1ba754af,2024-04-30,KIRANDUL COMPLEX,Ongoing,General,Unknown Agency,,0,2.0,1.0,1.0,1.0,100.0,,1,,,,False,False,0,0,,,,1,0.0,,1,21.0,0.0,Unknown State,54.0,,1,0.4850991661120563,1,0.8695964893283363,2,0.8559709791842142,0.1399905592773239,0.0040384615384615,0.8559709791842142
ebd3fa119505174e,2024-04-30,FROM KM. 54.370 TO KM. 101.400 (BI,Ongoing,General,Unknown Agency,,0,12.0,-0.8230088495575221,67.8,-55.8,-82.30088495575221,,1,,,,False,False,0,0,,,,1,0.0,,1,1.0,0.0,Unknown State,41.0,,1,0.518610377457334,1,0.8763218490903567,2,0.933134768009768,0.0266978021978021,0.0401674297924297,0.933134768009768
ebe735c960b20f77,2024-04-30,TO KM 279.000 (KIM TO ANKLESHWAR,Ongoing,General,Unknown Agency,,0,504.09,10.0,0.65,503.44,1000.0,,1,,,,False,False,0,0,,,,1,0.0,,2,5.0,0.0,Unknown State,48.0,,1,0.5086091309637738,0,0.4332271850576358,2,0.528696870939518,0.3556100288600289,0.1156931002004531,0.528696870939518
ebf0d4ec2cd571db,2024-04-30,DWARKA SECTOR 21),Ongoing,General,Unknown Agency,,0,10.0,0.6666666666666665,6.0,4.0,66.66666666666666,,1,,,,False,False,0,0,,,,1,0.0,,1,2.0,0.0,Unknown State,0.0,,1,0.5379194819012383,1,0.857455156560248,2,0.9269833638583636,0.0460682234432234,0.0269484126984127,0.9269833638583636
ec379495fef014df,2024-04-30,WALAJAJHPET) FROM KM 156.000 TO KM 1,Ongoing,General,Unknown Agency,,0,593.0,10.0,2.0,591.0,1000.0,,1,,,,False,False,0,0,,,,1,0.0,,2,4.0,0.0,Unknown State,42.0,,1,0.5103104387847117,0,0.4340165135902194,2,0.4811371463503817,0.3855759697818521,0.1332868838677662,0.4811371463503817
ec3ef58112fc7233,2024-04-30,SHIRUR TO KHARDA,Ongoing,General,Unknown Agency,,0,181.0,10.0,12.0,169.0,1000.0,,1,,,,False,False,0,0,,,,1,0.0,,2,-4.0,0.0,Unknown State,0.0,,1,0.5234059353879381,1,0.6482775660780267,2,0.6717456685471391,0.2865207415133886,0.0417335899394723,0.6717456685471391
ec548d692df3a281,2024-04-30,BASUNDHARA (WEST) OC EXTN(7.00 MTY),Ongoing,General,WEST,,0,811.61,10.0,8.0,803.61,1000.0,,1,,,,False,False,0,0,,,,1,0.0,,2,35.0,0.0,Unknown State,91.0,,0,0.4338532575042501,0,0.467051186056628,2,0.5575673966556319,0.385813329644212,0.056619273700156,0.5575673966556319
ec99b8a7fddc4c08,2024-04-30,BARAMATI - LONAND,Ongoing,General,Unknown Agency,,0,2271.5,10.0,2.0,2269.5,1000.0,,1,,,,False,False,0,0,,,,1,0.0,,3,23.0,0.0,Unknown State,349.0,,1,0.4505391241449231,0,0.2858775207049624,0,0.5169267413872677,0.5169267413872677,0.1253439754689754,0.3577292831437569
ecf5da82915d508a,2024-04-30,PARADIP REFINERY,Ongoing,General,Unknown Agency,,0,462.3,10.0,8.0,454.3,1000.0,,1,,,,False,False,0,0,,,,1,0.0,,2,8.0,0.0,Unknown State,39.0,,1,0.5097866294732496,0,0.4379899511512805,2,0.4965699300699302,0.3816922521922523,0.1217378177378177,0.4965699300699302
ecf91834c9797b3c,2024-04-30,CORNER (PKG-II),Ongoing,General,NHAI (Contract),,0,61.78,1.1761183515322295,28.39,33.39,117.61183515322296,,1,,,,False,False,0,0,,,,1,0.0,,1,3.0,0.0,Unknown State,27.0,,1,0.5119240326413197,1,0.8609046095465474,2,0.8332600455100453,0.151522311022311,0.0152176434676434,0.8332600455100453
ed0f545a142465cb,2024-04-30,CHHAL OC SEAM -III (6.00 MTY),Ongoing,General,Unknown Agency,,0,35.0,-0.3518518518518518,54.0,-19.0,-35.18518518518518,,1,,,,False,False,0,0,,,,1,0.0,,1,11.0,0.0,Unknown State,177.0,,1,0.4603141414894207,1,0.8871811944740555,2,0.8521970390720389,0.0925489926739926,0.0552539682539682,0.8521970390720389
ed4dc0dab73f4a27,2024-04-30,GANDHAMARDAN IRON ORE MINES TO GOALDIH STATION,Ongoing,General,Unknown Agency,,0,48.44,3.036666666666667,12.0,36.44,303.6666666666667,,1,,,,False,False,0,0,,,,1,0.0,,1,41.0,0.0,Unknown State,213.0,,0,0.430185280695543,1,0.8640812477851317,2,0.8862707621326038,0.0874473253354832,0.0262819125319125,0.8862707621326038
ed59940e324c759e,2024-04-30,NLC TALABIRA THERMAL POWER PROJECT (PHASE-1: 3 X 800 MW),Ongoing,General,Unknown Agency,,0,1693.81,10.0,5.0,1688.81,1000.0,,1,,,,False,False,0,0,,,,1,0.0,,3,61.0,0.0,Unknown State,96.0,,0,0.4486747824284819,0,0.2949319308526594,2,0.5569329779697428,0.3674671219303572,0.0755999000999001,0.5569329779697428
ed6afcd5f90163f3,2024-04-30,CONSTRUCTION OF 726 Nos RESIDENTIAL QUARTERS CHENNAI,Ongoing,General,Unknown Agency,,0,2024.0,10.0,150.0,1874.0,1000.0,,1,,,,False,False,0,0,,,,1,0.0,,3,-17.0,0.0,Unknown State,60.0,,1,0.4925746769144412,0,0.2820056468116033,0,0.5200560689310688,0.5200560689310688,0.2042355006105005,0.2757084304584304
ed8d504faedbec2a,2024-04-30,IMPHAL – MOREH PACKAGE- 3,Ongoing,General,Unknown Agency,,0,54.0,10.0,1.0,53.0,1000.0,,1,,,,False,False,0,0,,,,1,0.0,,1,0.0,0.0,Unknown State,43.0,,1,0.51766623208255,1,0.8336710329783746,2,0.8437697678138855,0.1160025432084255,0.0402276889776889,0.8437697678138855
ed9bd49186fa6afe,2024-04-30,LAYING OF NATURAL GAS PIPELINE FROM HAZARIBAGH TO RANCHI,Ongoing,General,Unknown Agency,,0,656.0,10.0,6.0,650.0,1000.0,,1,,,,False,False,0,0,,,,1,0.0,,2,22.0,0.0,Unknown State,44.0,,1,0.4849257210255349,0,0.4377917796394317,0,0.4712014652014652,0.4712014652014652,0.065963578088578,0.4628349567099567
edc11405a982b53f,2024-04-30,I AND D AND STP WORKS AT BURDWAN  WEST BENGAL,Ongoing,General,Unknown Agency,,0,384.96,10.0,1.0,383.96,1000.0,,1,,,,False,False,0,0,,,,1,0.0,,2,8.0,0.0,Unknown State,71.0,,1,0.4704609766784846,1,0.5110380220999701,2,0.5938992453624806,0.3335666637284284,0.0725340909090909,0.5938992453624806
edca23449304c3fc,2024-04-30,NH 503A PACKAGE I,Ongoing,General,Unknown Agency,,0,6.0,-0.3333333333333332,9.0,-3.0,-33.33333333333333,,1,,,,False,False,0,0,,,,1,0.0,,1,2.0,0.0,Unknown State,21.0,,1,0.5376296275296653,1,0.8948981786488546,2,0.8987828282828281,0.0767539682539682,0.0244632034632034,0.8987828282828281
eddeeac32af2486a,2024-04-30,UNDER NH(O) (PKG 1) IN THE STATE O,Ongoing,General,O,,0,2155.95,10.0,11.0,2144.95,1000.0,,1,,,,False,False,0,0,,,,1,0.0,,3,10.0,0.0,Unknown State,39.0,,1,0.5082685382270665,0,0.3048391079095465,0,0.4069928535516772,0.4069928535516772,0.2148547563547563,0.3781523900935664
edf996d4df4e329e,2024-04-30,KM 244.930 TO 299.775 (MADANAPALLI PUNGANURU,Ongoing,General,Unknown Agency,,0,345.89,10.0,2.0,343.89,1000.0,,1,,,,False,False,0,0,,,,1,0.0,,2,-26.0,0.0,Unknown State,12.0,,1,0.5233915918688612,1,0.5446631748886325,2,0.5843706146364815,0.3675318717660048,0.0480975135975136,0.5843706146364815
ee02b2525cd07aee,2024-04-30,REBUILDING OF COKE OVEN BATTERY NO.6 OF BOKARO STEEL PLANT,Ongoing,General,Unknown Agency,,0,2024.0,10.0,150.0,1874.0,1000.0,,1,,,,False,False,0,0,,,,1,0.0,,3,31.0,0.0,Unknown State,36.0,,1,0.4829676868413676,0,0.2820056468116033,0,0.4073722527472527,0.4073722527472527,0.1912832306582306,0.4013445165945167
ee38b778f9cd1a01,2024-04-30,T,Ongoing,General,Unknown Agency,,0,625.64,10.0,9.0,616.64,1000.0,,1,,,,False,False,0,0,,,,1,0.0,,2,8.0,0.0,Unknown State,39.0,,1,0.5101067754869925,0,0.4299632082108603,2,0.5004758530942741,0.3537205922732238,0.1458035546325019,0.5004758530942741
ee7f13df52e01f73,2024-04-30,BORDER-KUNDAPUR SECTION,Ongoing,General,Unknown Agency,,0,1269.96,10.0,2.0,1267.96,1000.0,,1,,,,False,False,0,0,,,,1,0.0,,3,8.0,0.0,Unknown State,46.0,,1,0.5114146778454034,0,0.297919322788462,2,0.5529828423210776,0.2641500346059169,0.1828671230730054,0.5529828423210776
ee855a9c6555cc87,2024-04-30,(NEAR GMC) TO KM 530/850 JOINING NEW ZUIAR,Ongoing,General,NEAR GMC,,0,2.0,1.0,1.0,1.0,100.0,,1,,,,False,False,0,0,,,,1,0.0,,1,-4.0,0.0,Unknown State,107.0,,1,0.4607138385267109,1,0.820396313979013,2,0.7802475073945662,0.2157689761219172,0.0039835164835164,0.7802475073945662
ee98357ddf64aaab,2024-04-30,KARTALI (EAST) OCP (2.50 MTY),Ongoing,General,EAST,,0,4595.45,6.504858491336369,612.33,3983.12,650.485849133637,,1,,,,False,False,0,0,,,,1,0.0,,3,23.0,0.0,Unknown State,36.0,,1,0.4815345073546679,0,0.3113505615346234,0,0.4911587579087579,0.4911587579087579,0.1933191808191808,0.3155220612720613
eec2841c01314559,2024-04-30,PROJECT,Ongoing,General,Unknown Agency,,0,3.0,-0.9680851063829788,94.0,-91.0,-96.80851063829788,,0,,,,False,False,0,0,,,,1,0.0,,1,2.0,0.0,Unknown State,87.0,,1,0.4684367366443045,1,0.8918349686155749,2,0.8601480602730603,0.1108047785547785,0.0290471611721611,0.8601480602730603
eeea6ec70fa9866c,2024-04-30,SEWERAGE SYSTEM WITH SEWER NETWORK  PATNA BEUR,Ongoing,General,Unknown Agency,,0,2024.0,10.0,150.0,1874.0,1000.0,,1,,,,False,False,0,0,,,,1,0.0,,3,-46.0,0.0,Unknown State,66.0,,1,0.4845536619754574,0,0.2820056468116033,0,0.5168790449746331,0.5168790449746331,0.1955478075845722,0.2875731474407945
eefa68190502dbc0,2024-04-30,SUBHADRA OCP,Ongoing,General,Unknown Agency,,0,1375.38,0.0,1375.38,0.0,0.0,,1,,,,False,False,0,0,,,,1,0.0,,3,59.0,0.0,Unknown State,96.0,,0,0.4473014823496412,0,0.4287371719091747,2,0.5657046703296704,0.3936278305028304,0.0406674991674991,0.5657046703296704
ef3453552128a44d,2024-04-30,ROAD PKG-7,Ongoing,General,Unknown Agency,,0,429.52,10.0,16.0,413.52,1000.0,,1,,,,False,False,0,0,,,,1,0.0,,2,18.0,0.0,Unknown State,38.0,,1,0.4932495449462979,0,0.4658560236037751,2,0.573941711066711,0.3450398490398491,0.0810184398934399,0.573941711066711
ef3fc8014419b6ba,2024-04-30,SEWERAGE SYSTEM WITH SEWER NETWORK AT BARRACKPORE,Ongoing,General,Unknown Agency,,0,114.0,1.5333333333333334,45.0,69.0,153.33333333333334,,1,,,,False,False,0,0,,,,1,0.0,,1,-48.0,0.0,Unknown State,47.0,,1,0.5114992540962914,1,0.8486433910883981,2,0.8160036491286491,0.1435508241758241,0.0404455266955266,0.8160036491286491
ef4c08a87621cbe8,2024-04-30,VADODA,Ongoing,General,Unknown Agency,,0,421.0,10.0,6.0,415.0,1000.0,,1,,,,False,False,0,0,,,,1,0.0,,2,2.0,0.0,Unknown State,47.0,,1,0.507372837200674,0,0.4610238085167708,2,0.5780999237690415,0.3584435743994568,0.0634565018315018,0.5780999237690415
ef6b151f05fbea07,2024-04-30,"OF TECHNOLOGY, DHARWAD (PHASE 1A)",Ongoing,General,Unknown Agency,,0,655.34,10.0,2.0,653.34,1000.0,,1,,,,False,False,0,0,,,,1,0.0,,2,-13.0,0.0,DHARWAD (PHASE 1A) -,49.0,,1,0.5051889137584045,0,0.478465101627561,2,0.5136327006327007,0.2912604756354756,0.1951068237318237,0.5136327006327007
ef6e6e7d691d92be,2024-04-30,NH-66(OLD NH-17) FROM DESIGN CH,Ongoing,General,Unknown Agency,,0,646.42,10.0,21.0,625.42,1000.0,,1,,,,False,False,0,0,,,,1,0.0,,2,3.0,0.0,Unknown State,0.0,,1,0.5266078135456075,0,0.4455839030818601,0,0.4529794909832095,0.4529794909832095,0.1433120690649294,0.4037084399518609
efbc92b2b8b7b902,2024-04-30,RAJPURA-BHATINDA (172.64 KM),Ongoing,General,Unknown Agency,,0,176.22,10.0,3.0,173.22,1000.0,,1,,,,False,False,0,0,,,,1,0.0,,2,-1.0,0.0,Unknown State,24.0,,1,0.5178170452672178,1,0.6642965991669046,2,0.6838957823222529,0.2801880880557351,0.0359161296220119,0.6838957823222529
efc0d9dbaef6c941,2024-04-30,.670) / 4-LANING FROM (,Ongoing,General,Unknown Agency,,0,10.0,0.1111111111111111,9.0,1.0,11.11111111111111,,1,,,,False,False,0,0,,,,1,0.0,,1,18.0,0.0,Unknown State,115.0,,1,0.4569817380056833,1,0.8503447626075412,2,0.9393762210012208,0.0452071123321123,0.0154166666666666,0.9393762210012208
efc6af207b0a862d,2024-04-30,SEWERAGE SCHEME AT PAHARI ZONE V  PATNA,Ongoing,General,Unknown Agency,,0,225.77,10.0,12.0,213.77,1000.0,,1,,,,False,False,0,0,,,,1,0.0,,2,-36.0,0.0,Unknown State,76.0,,1,0.4674307156149502,1,0.6168311727654525,2,0.6168911341926049,0.3322427001103471,0.050866165697048,0.6168911341926049
efe37c226a6d0e83,2024-04-30,AGRA METRO RAIL PROJECT,Ongoing,General,Unknown Agency,,0,1128.0,10.0,10.0,1118.0,1000.0,,1,,,,False,False,0,0,,,,1,0.0,,3,20.0,0.0,Unknown State,110.0,,1,0.4546870105421425,0,0.301052013659878,0,0.5673084693084691,0.5673084693084691,0.0610769785769785,0.3716145521145521
f021fa9fef844f1a,2024-04-30,.217) OF NH-83 IN THE STA,Ongoing,General,Unknown Agency,,0,5.0,0.25,4.0,1.0,25.0,,1,,,,False,False,0,0,,,,1,0.0,,1,1.0,0.0,Unknown State,37.0,,1,0.5203844438552543,1,0.8544543546397877,2,0.932471755368814,0.0445520541549953,0.0229761904761904,0.932471755368814
f02f6ae53bc6d7cb,2024-04-30,EPC MOD,Ongoing,General,Unknown Agency,,0,199.16,10.0,3.0,196.16,1000.0,,1,,,,False,False,0,0,,,,1,0.0,,2,4.0,0.0,Unknown State,77.0,,1,0.4712527714288562,1,0.635133376904132,2,0.671498707175178,0.28736538298303,0.0411359098417922,0.671498707175178
f039c293ff604578,2024-04-30,WARDHA - NAGPUR - 4TH LINE (76 KM),Ongoing,General,Unknown Agency,,0,1219.08,10.0,35.16,1183.9199999999998,1000.0,,1,,,,False,False,0,0,,,,1,0.0,,3,11.0,0.0,Unknown State,36.0,,1,0.5108585135760653,0,0.2871791226375274,0,0.4798113462624331,0.4798113462624331,0.1463948225687356,0.3737938311688312
f049b31cf9679a99,2024-04-30,NIMACH BADI SADRI NEW LINE PROJECT,Ongoing,General,Unknown Agency,,0,202.5,10.0,5.0,197.5,1000.0,,1,,,,False,False,0,0,,,,1,0.0,,2,23.0,0.0,Unknown State,46.0,,1,0.4833608476281632,1,0.6416242193949744,2,0.6853836134625608,0.2956163865374391,0.019,0.6853836134625608
f05aa83f6d079e4e,2024-04-30,PAVED SHOULDERS FROM KM 489.845 (NEW KM.58.125) AN,Ongoing,General,Unknown Agency,,0,2024.0,10.0,150.0,1874.0,1000.0,,1,,,,False,False,0,0,,,,1,0.0,,3,-17.0,0.0,Unknown State,56.0,,1,0.4999390089550553,0,0.2820056468116033,0,0.5200560689310688,0.5200560689310688,0.2042355006105005,0.2757084304584304
f06db2ded99771fc,2024-04-30,LPS OF KOYYURU TO CHAPRATHIPALEM SECTION OF NH 516E,Ongoing,General,Unknown Agency,,0,3.0,-0.9820359281437124,167.0,-164.0,-98.20359281437123,,1,,,,False,False,0,0,,,,1,0.0,,1,3.0,0.0,Unknown State,40.0,,1,0.5198282857122355,1,0.890656701440133,2,0.9215419857919858,0.0293717532467532,0.0490862609612609,0.9215419857919858
f07290288b242b2f,2024-04-30,PRODUCING GREEN HYDROGEN,Ongoing,General,Unknown Agency,,0,10.0,1.5,4.0,6.0,150.0,,1,,,,False,False,1,0,,,,1,0.0,,1,2.0,0.0,Unknown State,-10.0,,1,0.6111226472143627,1,0.859021221502267,2,0.8683074337942758,0.0917441535073113,0.0399484126984127,0.8683074337942758
f09d0dff26e35e7f,2024-04-30,KM 37+900 TO KM 55+100 AND CHINCH,Ongoing,General,Unknown Agency,,0,150.11,10.0,2.0,148.11,1000.0,,1,,,,False,False,0,0,,,,1,0.0,,2,5.0,0.0,Unknown State,43.0,,1,0.5109478835920582,1,0.6889483051681065,2,0.850989617408735,0.1073133296442119,0.0416970529470529,0.850989617408735
f0b598a7a4a0993e,2024-04-30,4L OF INDORA CHOWK TO PACHPAOLI AND AGRASEN CHOWK - ASHOKA CHOWK,Ongoing,General,Unknown Agency,,0,2.0,1.0,1.0,1.0,100.0,,1,,,,False,False,0,0,,,,1,0.0,,1,26.0,0.0,Unknown State,39.0,,1,0.4891571331927689,1,0.8695964893283363,2,0.915859868073103,0.080101670388435,0.0040384615384615,0.915859868073103
f0b63e6b2a6aef62,2024-04-30,"CGD PROJECT AT ARWAL, JEHANABAD, BHOJPUR AND BUXAR DISTRICTS",Ongoing,General,Unknown Agency,,0,260.12,10.0,4.0,256.12,1000.0,,1,,,,False,False,0,0,,,,1,0.0,,2,64.0,0.0,BHOJPUR AND BUXAR DISTRICTS -,88.0,,0,0.4360324945411226,1,0.64030761963549,2,0.563654415029415,0.3253563797313798,0.1109892052392052,0.563654415029415
f185feb06ac7cf42,2024-04-30,SHOULDER FROM DESIGN KM 153.00,Ongoing,General,Unknown Agency,,0,536.0,10.0,3.0,533.0,1000.0,,1,,,,False,False,0,0,,,,1,0.0,,2,10.0,0.0,Unknown State,35.0,,1,0.5109625592578024,0,0.4416725089847817,2,0.6761195528327881,0.230495619576502,0.0933848275907099,0.6761195528327881
f1a1b25305d38be1,2024-04-30,NORTH EAST GAS GRID,Ongoing,General,Unknown Agency,,0,163.0,10.0,6.0,157.0,1000.0,,1,,,,False,False,0,0,,,,1,0.0,,2,11.0,0.0,Unknown State,69.0,,1,0.4789446559995562,1,0.6670569940436428,2,0.727486901986902,0.2208345265845265,0.0516785714285714,0.727486901986902
f1a5009568c7d8d6,2024-04-30,NH-27 OF U.P BORDER - DEWAPUR -,Ongoing,General,Unknown Agency,,0,1322.13,10.0,11.0,1311.13,1000.0,,1,,,,False,False,0,0,,,,1,0.0,,3,20.0,0.0,Unknown State,37.0,,1,0.4931572433448877,0,0.2945378402653314,0,0.4850170719803071,0.4850170719803071,0.0674652569652569,0.4475176710544359
f1df8a1755e427c7,2024-04-30,REPLACEMENT AND EXTENSION OF JETTY PIPELINES AT KOCHI REFINERY,Ongoing,General,Unknown Agency,,0,678.0,10.0,11.0,667.0,1000.0,,1,,,,False,False,0,0,,,,1,0.0,,2,23.0,0.0,Unknown State,160.0,,0,0.441986665063007,0,0.4559202219125673,2,0.4808705360257218,0.4641388373557912,0.054990626618487,0.4808705360257218
f1e78bc5d810aa62,2024-04-30,DELHI,Ongoing,General,Unknown Agency,,0,2.0,1.0,1.0,1.0,100.0,,1,,,,False,False,0,0,,,,1,0.0,,1,2.0,0.0,Unknown State,128.0,,1,0.4671284394303313,1,0.8695964893283363,2,0.8908769702519702,0.0871395132645132,0.0219835164835164,0.8908769702519702
f200a74706370285,2024-04-30,MAHABUBNAGAR – CHINCHOLI SECTION FROM,Ongoing,General,Unknown Agency,,0,2.0,1.0,1.0,1.0,100.0,,1,,,,False,False,0,0,,,,1,0.0,,1,9.0,0.0,Unknown State,36.0,,1,0.5228919009651884,1,0.8695964893283363,2,0.9503271867021869,0.0207533993783993,0.0289194139194139,0.9503271867021869
f20645e51f9830f9,2024-04-30,DAYAPAR WIND ENERGY PROJECT 200MW,Ongoing,General,Unknown Agency,,0,3.0,-0.9690721649484536,97.0,-94.0,-96.90721649484536,,1,,,,False,False,0,0,,,,1,0.0,,1,11.0,0.0,Unknown State,241.0,,1,0.4621966432914333,1,0.8951683019489082,2,0.9269278083028084,0.0400654761904762,0.0330067155067155,0.9269278083028084
f23694374a3050d1,2024-04-30,PKG SEC-III,Ongoing,General,Unknown Agency,,0,992.89,10.0,2.0,990.89,1000.0,,1,,,,False,False,0,0,,,,1,0.0,,2,19.0,0.0,Unknown State,45.0,,1,0.4939368244856398,0,0.4088906381111028,2,0.528139776889777,0.3601359751359751,0.1117242479742479,0.528139776889777
f2549bcc03426686,2024-04-30,EXISTING LEVEL CROSSING GATE N,Ongoing,General,Unknown Agency,,0,319.96,6.80390243902439,41.0,278.96,680.390243902439,,1,,,,False,False,0,0,,,,1,0.0,,2,2.0,0.0,Unknown State,26.0,,1,0.5129737263656713,1,0.5598466553071547,2,0.6566250693750694,0.2353409368409368,0.1080339937839938,0.6566250693750694
f29178cff05665c9,2024-04-30,(PACKAGE-I) OF NH-327E.,Ongoing,General,PACKAGE-I,,0,510.97,10.0,3.0,507.97,1000.0,,1,,,,False,False,0,0,,,,1,0.0,,2,1.0,0.0,Unknown State,50.0,,1,0.4990538789886124,0,0.4761909506691966,2,0.5939046982429336,0.3659376358935183,0.0401576658635482,0.5939046982429336
f29ecaf921b447fb,2024-04-30,JIRIBAM TO IMPHAL (TUPUI)(NL)(NEFR),Ongoing,General,TUPUI,,0,414.84,-0.7937145698657385,2011.0,-1596.16,-79.37145698657385,,1,,,,False,False,0,0,,,,1,0.0,,2,32.0,0.0,Unknown State,81.0,,0,0.4478158771413227,1,0.7072813990005735,2,0.7671745476745477,0.1390411671661671,0.0937842851592851,0.7671745476745477
f2a4ab407d54841f,2024-04-30,HYDERABAD ON NH-202 IN THE STATE OF TELANGANA,Ongoing,General,Unknown Agency,,0,193.19,10.0,1.0,192.19,1000.0,,1,,,,False,False,0,0,,,,1,0.0,,2,-10.0,0.0,Unknown State,53.0,,1,0.4986323413840744,1,0.6577397433411517,2,0.6405943060207765,0.3087251620928091,0.0506805318864142,0.6405943060207765
f2c5c7db3d2b7f5f,2024-04-30,(EXCLUDING 2.45 KM. OF NH-74,Ongoing,General,Unknown Agency,,0,2156.22,10.0,9.0,2147.22,1000.0,,1,,,,False,False,0,0,,,,1,0.0,,3,2.0,0.0,Unknown State,45.0,,1,0.5095543353209625,0,0.2861798110494963,0,0.4875477039300568,0.4875477039300568,0.1823134961443784,0.3301387999255646
f2f93ff5190f668a,2024-04-30,KM. 7.090 TO KM. 53.585 (DESIGN CH FROM KM. 6.,Ongoing,General,Unknown Agency,,0,12.0,-0.5714285714285714,28.0,-16.0,-57.14285714285714,,1,,,,False,False,0,0,,,,1,0.0,,1,-2.0,0.0,Unknown State,62.0,,1,0.4881245492407868,1,0.8782923615123108,2,0.9177377622377624,0.0556794039294039,0.0265828338328338,0.9177377622377624
f3038b882fbd8458,2024-04-30,- N/04027/06001/AP,Ongoing,General,Unknown Agency,,0,11.0,-0.8472222222222221,72.0,-61.0,-84.72222222222221,,1,,,,False,False,0,0,,,,1,0.0,,1,-3.0,0.0,Unknown State,50.0,,1,0.5151812273022081,1,0.8871349148598032,2,0.9434544483294488,0.0249495504495504,0.0315960012210012,0.9434544483294488
f333be6c7e9796ce,2024-04-30,CH.68.,Ongoing,General,Unknown Agency,,0,16.0,7.0,2.0,14.0,700.0,,1,,,,False,False,0,0,,,,1,0.0,,1,1.0,0.0,Unknown State,78.0,,1,0.469567161320688,1,0.8370829763033224,2,0.8318296991106588,0.1108780098470501,0.057292291042291,0.8318296991106588
f346329fda86e3ab,2024-04-30,KUMARGHAT-KAILASHAHAR SECTION,Ongoing,General,Unknown Agency,,0,5.0,-0.7727272727272727,22.0,-17.0,-77.27272727272727,,1,,,,False,False,0,0,,,,1,0.0,,1,1.0,0.0,Unknown State,0.0,,1,0.5352793882439928,1,0.8988882374285226,2,0.9571698717948718,0.0217738095238095,0.0210563186813186,0.9571698717948718
f361929ffe805fb2,2024-04-30,Gauge conversion of Raipur(Kendri)-Dhamtari and Abhanpur-Rajim branch (67.20 km),Ongoing,General,KENDRI,,0,12.0,0.0,12.0,0.0,0.0,,1,,,,False,False,1,0,,,,1,0.0,,1,6.0,0.0,Unknown State,-14.0,,1,0.6049896714633515,1,0.8703372102647262,2,0.9405352441675972,0.0427312393488864,0.0167335164835164,0.9405352441675972
f364f5f35b4d7328,2024-04-30,CHENNAI METRO RAIL LTD (PHASE 1),Ongoing,General,Unknown Agency,,0,364.0,1.022222222222222,180.0,184.0,102.2222222222222,,1,,,,False,False,1,0,,,,1,0.0,,2,-100.0,0.0,Unknown State,-41.0,,1,0.5977050083989122,1,0.5635208573443375,2,0.7831339493839491,0.1512277722277722,0.0656382783882783,0.7831339493839491
f3a62e4bc0f7ad1a,2024-04-30,PART B1,Ongoing,General,Unknown Agency,,0,10.0,-0.9732620320855616,374.0,-364.0,-97.32620320855617,,1,,,,False,False,0,0,,,,1,0.0,,1,12.0,0.0,Unknown State,18.0,,1,0.5332495474240821,1,0.8905771459091508,2,0.9231172022422024,0.0244821428571428,0.0524006549006549,0.9231172022422024
f3a7fa82c07d94df,2024-04-30,"(POTTERU), KM 444/237 (KONGURUKONDA)",Ongoing,General,POTTERU,,0,196.94,10.0,3.0,193.94,1000.0,,1,,,,False,False,0,0,,,,1,0.0,,2,7.0,0.0,KM 444/237 (KONGURUKONDA) -,44.0,,1,0.5018274783259853,1,0.7147054477781241,2,0.7664882176646881,0.0828045092162739,0.1507072731190378,0.7664882176646881
f3b34aa9d017def5,2024-04-30,.878,Ongoing,General,Unknown Agency,,0,2377.88,10.0,46.45,2331.4300000000003,1000.0,,1,,,,False,False,0,0,,,,1,0.0,,3,8.0,0.0,Unknown State,8.0,,1,0.5333701120415902,0,0.2825732179899253,0,0.4513702686202687,0.4513702686202687,0.2921053252303252,0.2565244061494061
f3ebd6d3eb9e18d6,2024-04-30,OF BIHAR ON EPC MODE CONNECTING,Ongoing,General,Unknown Agency,,0,225.17,10.0,10.0,215.17,1000.0,,1,,,,False,False,0,0,,,,1,0.0,,2,15.0,0.0,Unknown State,33.0,,1,0.5050579350887595,1,0.6251032092396166,2,0.7535323981573983,0.2198426018426018,0.0266249999999999,0.7535323981573983
f3f7209d72b169a0,2024-04-30,SIRKA OCP,Ongoing,General,Unknown Agency,,0,2.0,-0.3333333333333332,3.0,-1.0,-33.33333333333333,,1,,,,False,False,0,0,,,,1,0.0,,1,11.0,0.0,Unknown State,111.0,,1,0.4703480683053309,1,0.8975676666100485,2,0.9218840187590186,0.0542003968253968,0.0239155844155844,0.9218840187590186
f42fbcabf5b31da4,2024-04-30,WARDHA-BALHARSHAH - 3RD LINE (132 KM),Ongoing,General,Unknown Agency,,0,2056.27,10.0,81.27,1975.0,1000.0,,1,,,,False,False,0,0,,,,1,0.0,,3,11.0,0.0,Unknown State,24.0,,1,0.5249567576665607,0,0.2847259694130752,0,0.3606366827616828,0.3606366827616828,0.3121805278055277,0.3271827894327895
f4e41a6458315b02,2024-04-30,ARARIA-SUPAUL (NL),Ongoing,General,Indian Railways (NL),,0,528.65,10.0,4.0,524.65,1000.0,,1,,,,False,False,0,0,,,,1,0.0,,2,9.0,0.0,Unknown State,261.0,,1,0.4500036936143771,0,0.489255792701488,2,0.5816132184808657,0.3301447457770986,0.0882420357420357,0.5816132184808657
f4e6b948a656a912,2024-04-30,BARASGAON TO RAHATEE,Ongoing,General,Unknown Agency,,0,12.0,-0.3684210526315789,19.0,-7.0,-36.84210526315789,,1,,,,False,False,0,0,,,,1,0.0,,1,-4.0,0.0,Unknown State,0.0,,1,0.5368162189407485,1,0.8795492269583671,2,0.886488344988345,0.0798817848817848,0.0336298701298701,0.886488344988345
f4f1963b4c41cc6a,2024-04-30,HASSAN (ALUR) - BELUR (32 KM) (UMBRELLA WORK PB#23/2018-19/NR),Ongoing,General,ALUR,,0,2841.84,0.4117436661698958,2013.0,828.8400000000001,41.17436661698958,,1,,,,False,False,0,0,,,,1,0.0,,3,44.0,0.0,Unknown State,108.0,,0,0.4448221072850732,0,0.3765172167512499,0,0.4904034299034299,0.4904034299034299,0.1224818514818514,0.3871147186147186
f529a4c009fbd3ca,2024-04-30,LANE INDORE-DEWAS SECTION OF N,Ongoing,General,Unknown Agency,,0,843.48,10.0,12.0,831.48,1000.0,,1,,,,False,False,0,0,,,,1,0.0,,2,3.0,0.0,Unknown State,43.0,,1,0.5099551490283054,0,0.4521221041925078,0,0.5421944133587356,0.5421944133587356,0.0802763577002707,0.3775292289409935
f53942690c7837a0,2024-04-30,CENTRAL SECTOR FOR NORTHERN REGION,Ongoing,General,Unknown Agency,,0,1381.84,10.0,9.0,1372.84,1000.0,,1,,,,False,False,0,0,,,,1,0.0,,3,0.0,0.0,Unknown State,115.0,,1,0.4641015306665243,0,0.2948882797996626,0,0.5701055349878879,0.5701055349878879,0.105470963676846,0.3244235013352659
f55b8d2345874118,2024-04-30,(NATIONAL HIGHWAYS AUTHORITY OF INDIA),Ongoing,General,NATIONAL HIGHWAYS AUTHORITY OF INDIA,,0,847.0,10.0,24.0,823.0,1000.0,,1,,,,False,False,1,0,,,,1,0.0,,2,-47.0,0.0,Unknown State,-22.0,,1,0.5893484381390027,0,0.4694884714737645,2,0.6278522311022311,0.2838359418359418,0.088311827061827,0.6278522311022311
f570186cd0aae9bb,2024-04-30,RANITAL) TO KANGRA BYPASS SECTION OF,Ongoing,General,Unknown Agency,,0,1479.22,10.0,6.0,1473.22,1000.0,,1,,,,False,False,0,0,,,,1,0.0,,3,8.0,0.0,Unknown State,54.0,,1,0.5037923603762539,0,0.2999882079089365,2,0.4771217254967256,0.3908474442224443,0.1320308302808302,0.4771217254967256
f57c75dc68285fe3,2024-04-30,DAKHA TO,Ongoing,General,Unknown Agency,,0,7.0,-0.9889415481832544,633.0,-626.0,-98.89415481832545,,1,,,,False,False,0,0,,,,1,0.0,,1,3.0,0.0,Unknown State,43.0,,1,0.5179452994259588,1,0.8867085662095323,2,0.9423166971916972,0.0108571428571428,0.0468261599511599,0.9423166971916972
f59fc0d3d8ccdd39,2024-04-30,PUNE RAIGARH DISTRICT BORDER TO MANGAON,Ongoing,General,Unknown Agency,,0,2024.0,10.0,150.0,1874.0,1000.0,,1,,,,False,False,0,0,,,,1,0.0,,3,-4.0,0.0,Unknown State,69.0,,1,0.4771952495551718,0,0.2820056468116033,0,0.5243583222333222,0.5243583222333222,0.2072953296703296,0.2683463480963481
f5d8c0fd0416da5f,2024-04-30,VITA TO NAGAJ,Ongoing,General,Unknown Agency,,0,211.34,10.0,1.0,210.34,1000.0,,1,,,,False,False,0,0,,,,1,0.0,,2,-4.0,0.0,Unknown State,83.0,,1,0.4669311623948197,1,0.6340750320726665,2,0.630235900537371,0.3049109485285956,0.0648531509340332,0.630235900537371
f61d4660c0a4f276,2024-04-30,CH. (KM 13+500 TO 17+00) AND RAJ,Ongoing,General,Unknown Agency,,0,282.07,10.0,3.0,279.07,1000.0,,1,,,,False,False,0,0,,,,1,0.0,,2,2.0,0.0,Unknown State,27.0,,1,0.513702698159542,1,0.5917189443471138,2,0.5634624125874129,0.3941671245421244,0.0423704628704628,0.5634624125874129
f6257084b40a971f,2024-04-30,SAMLAYA-TIMBA ROAD (53.53 KM),Ongoing,General,Unknown Agency,,0,349.93,10.0,6.72,343.21,1000.0,,1,,,,False,False,1,0,,,,1,0.0,,2,18.0,0.0,Unknown State,-53.0,,1,0.5838349722067353,1,0.524767308144087,2,0.7600383187074362,0.1706963355272178,0.0692653457653457,0.7600383187074362
f635162d71d30e6f,2024-04-30,BYPASSED SECTION FROM WAKHARI TO LORD VITT,Ongoing,General,Unknown Agency,,0,1088.64,10.0,2.0,1086.64,1000.0,,1,,,,False,False,0,0,,,,1,0.0,,3,18.0,0.0,Unknown State,32.0,,1,0.4976301057491318,0,0.3150606207512416,2,0.5686550949050949,0.3390162615162615,0.0923286435786436,0.5686550949050949
f63a85a9b5b15d9d,2024-04-30,WITH ALLIED FACILITIES AT GUJARAT,Ongoing,General,Unknown Agency,,0,427.1,10.0,6.0,421.1,1000.0,,1,,,,False,False,0,0,,,,1,0.0,,2,16.0,0.0,Unknown State,74.0,,1,0.4623218581159032,0,0.4615629306541753,2,0.5175168303918304,0.4211576201576201,0.0613255494505494,0.5175168303918304
f69224479d4db75f,2024-04-30,.000 TO KM. 47.800 (DESIGN,Ongoing,General,Unknown Agency,,0,18.0,2.6,5.0,13.0,260.0,,1,,,,False,False,0,0,,,,1,0.0,,1,1.0,0.0,Unknown State,0.0,,1,0.5348776726242538,1,0.8579816266050032,2,0.8798801527419947,0.095005517143675,0.0251143301143301,0.8798801527419947
f6af2b920e697c4a,2024-04-30,MURAIDIH UG TURN-KEY PROJECT,Ongoing,General,Unknown Agency,,0,341.22,0.1219544273830271,304.13,37.09000000000003,12.19544273830271,,1,,,,False,False,0,0,,,,1,0.0,,2,21.0,0.0,Unknown State,106.0,,0,0.4445066157239765,1,0.5908186046254764,2,0.6677324399456751,0.2954691835941835,0.0367983764601411,0.6677324399456751
f73bc93b74e54f16,2024-04-30,ROAD) TO TW,Ongoing,General,Unknown Agency,,0,3.0,-0.9935344827586208,464.0,-461.0,-99.35344827586206,,1,,,,False,False,0,0,,,,1,0.0,,1,2.0,0.0,Unknown State,39.0,,1,0.5148957159527021,1,0.8941155444979162,2,0.943233363858364,0.0128571428571428,0.0439094932844932,0.943233363858364
f74a9d3bc0fb4607,2024-04-30,DOUBLING BETWEEN JAUNPUR JN-ZAFFARABAD (6.28 KM),Ongoing,General,Unknown Agency,,0,3.0,-0.4,5.0,-2.0,-40.0,,1,,,,False,False,0,0,,,,1,0.0,,1,32.0,0.0,Unknown State,21.0,,1,0.5028806272520214,1,0.9005364626232926,2,0.9386336857586856,0.030214799089799,0.0311515151515151,0.9386336857586856
f74f7dc89f279e5c,2024-04-30,KHELLANI-KHANABAL PKG-4,Ongoing,General,Unknown Agency,,0,10.0,4.0,2.0,8.0,400.0,,1,,,,False,False,0,0,,,,1,0.0,,1,9.0,0.0,Unknown State,51.0,,1,0.5147525311740858,1,0.8541260303837539,2,0.8568134833003254,0.1031249948881528,0.0400615218115218,0.8568134833003254
f75a98da07a38a34,2024-04-30,EXISTING 2 LANE/INTERMEDIATE LANE TO 2LANE WITH PAVED S,Ongoing,General,Unknown Agency,,0,214.0,10.0,3.0,211.0,1000.0,,0,,,,False,True,1,0,,,,1,0.0,,2,-53.0,0.0,Unknown State,-52.0,,1,0.5939157453408415,1,0.6239134494524332,2,0.683674866799867,0.2626371406371406,0.0536879925629925,0.683674866799867
f775b0130b3f1655,2024-04-30,TO JODM,Ongoing,General,Unknown Agency,,0,656.98,10.0,12.0,644.98,1000.0,,1,,,,False,False,0,0,,,,1,0.0,,2,1.0,0.0,Unknown State,77.0,,1,0.4674188908511594,0,0.4395343089915981,0,0.5599385515305054,0.5599385515305054,0.0897142640921245,0.35034718437737
f7a4e92dd0efbbd3,2024-04-30,.000 TO 452.800),Ongoing,General,Unknown Agency,,0,1894.96,1.117368374005542,894.96,1000.0,111.7368374005542,,1,,,,False,False,0,0,,,,1,0.0,,3,3.0,0.0,Unknown State,9.0,,1,0.5404311348971313,0,0.3694352733813547,2,0.4663432539682539,0.3302923049173051,0.203364441114441,0.4663432539682539
f7ad414e1b5e8a5d,2024-04-30,EASTERN REGION STRENTHENING SCHEME XVII( PART B),Ongoing,General,PART B,,0,173.94,10.0,11.0,162.94,1000.0,,1,,,,False,False,0,0,,,,1,0.0,,2,-8.0,0.0,Unknown State,57.0,,1,0.4890125064839182,1,0.677356848296664,2,0.7111293714455479,0.2679419836699248,0.0209286448845272,0.7111293714455479
f7e91982178d75ef,2024-04-30,AND KM. 52.00 TO KM. 71.00 (EX,Ongoing,General,Unknown Agency,,0,566.15,10.0,3.0,563.15,1000.0,,1,,,,False,False,0,0,,,,1,0.0,,2,7.0,0.0,Unknown State,44.0,,1,0.5103104387847117,0,0.4346882725344104,2,0.636391723472606,0.196817769648652,0.166790506878742,0.636391723472606
f800231a92db03da,2024-04-30,LENGTH ON GOHA-KHEL,Ongoing,General,Unknown Agency,,0,10.0,0.4285714285714285,7.0,3.0,42.85714285714285,,1,,,,False,False,0,0,,,,1,0.0,,1,3.0,0.0,Unknown State,0.0,,1,0.5398352884622579,1,0.8534959654555828,2,0.9160799755799754,0.0554239926739926,0.0284960317460317,0.9160799755799754
f80f90c6185b9493,2024-04-30,SONENAGAR BYE PASS LINE FROM CHIRALAPOTHU TO BAGHA BISHUNPUR,Ongoing,General,Unknown Agency,,0,4.0,-0.8333333333333335,24.0,-20.0,-83.33333333333334,,1,,,,False,False,0,0,,,,1,0.0,,1,14.0,0.0,Unknown State,278.0,,1,0.4619208585416262,1,0.9020239643427074,2,0.9439362859362862,0.0059285714285714,0.0501351426351426,0.9439362859362862
f84e686142a4cf06,2024-04-30,.300 TO 129.300) INCLUDING BATH,Ongoing,General,Unknown Agency,,0,882.18,10.0,1.0,881.18,1000.0,,1,,,,False,False,0,0,,,,1,0.0,,2,10.0,0.0,Unknown State,37.0,,1,0.510182567081626,0,0.4343693947032905,2,0.5674921883671884,0.3002863247863248,0.1322214868464868,0.5674921883671884
f86f8410dc172f96,2024-04-30,WADI TO ASOLA,Ongoing,General,Unknown Agency,,0,161.0,10.0,12.0,149.0,1000.0,,1,,,,False,False,0,0,,,,1,0.0,,2,-4.0,0.0,Unknown State,0.0,,1,0.5237108233845287,1,0.6630454479856909,2,0.6753597211611917,0.2871269686196156,0.0375133102191925,0.6753597211611917
f8937f1ad86db743,2024-04-30,QUADRUPLING,Ongoing,General,Unknown Agency,,0,4.0,-0.9921259842519686,508.0,-504.0,-99.21259842519686,,0,,,,False,False,0,0,,,,1,0.0,,1,20.0,0.0,Unknown State,92.0,,1,0.4518223326886056,1,0.8941155444979162,2,0.8624266150516149,0.1063212481962481,0.0312521367521367,0.8624266150516149
f8befd852f7e225c,2024-04-30,TAMENGLONG - MAHUR PKG-2,Ongoing,General,Unknown Agency,,0,10.5,4.25,2.0,8.5,425.0,,1,,,,False,False,0,0,,,,1,0.0,,1,5.0,0.0,Unknown State,48.0,,1,0.5218909141502641,1,0.8541260303837539,2,0.8468849118717539,0.1115608923240502,0.0415541958041958,0.8468849118717539
f8eb415861dc2da7,2024-04-30,KM 0/0) TO KM 79/800 (DESIGN KM,Ongoing,General,Unknown Agency,,0,274.06,10.0,2.0,272.06,1000.0,,1,,,,False,False,0,0,,,,1,0.0,,2,18.0,0.0,Unknown State,32.0,,1,0.495664695544759,1,0.6116239945917529,2,0.5685237956487957,0.4021710095460094,0.0293051948051948,0.5685237956487957
f8f68473cf01f61b,2024-04-30,PARADIP SECTION OF NH 53 FROM KM.,Ongoing,General,Unknown Agency,,0,381.8,10.0,12.0,369.8,1000.0,,1,,,,False,False,0,0,,,,1,0.0,,2,20.0,0.0,Unknown State,36.0,,1,0.4851512628562314,1,0.5057015360802485,2,0.5752489095871449,0.3856633864501511,0.0390877039627039,0.5752489095871449
f91246402b853e0d,2024-04-30,NEW LINE FROM DIMAPUR TO ZUBZA(KOHIMA) NATIONAL PROJECT (NEFR),Ongoing,General,KOHIMA,,0,2.0,1.0,1.0,1.0,100.0,,0,,,,False,True,0,0,,,,1,0.0,,1,23.0,0.0,Unknown State,179.0,,0,0.4341207988955319,1,0.8367404637899334,2,0.8408948461669047,0.1363268071797483,0.0227783466533466,0.8408948461669047
f94143da3a1d9f72,2024-04-30,"YERPEDU MANDAL, CHITTOOR DISTRIC",Ongoing,General,Unknown Agency,,0,500.0,-0.0079365079365079,504.0,-4.0,-0.7936507936507936,,1,,,,False,False,0,0,,,,1,0.0,,2,1.0,0.0,CHITTOOR DISTRIC -,50.0,,1,0.5001181438666878,0,0.4694883757536376,2,0.7012846761082053,0.1753663640281287,0.1233489598636657,0.7012846761082053
f96194e4ea0572be,2024-04-30,SECTION(KM 253.7000 TO 320.580),Ongoing,General,Unknown Agency,,0,1182.87,10.0,87.0,1095.87,1000.0,,1,,,,False,False,0,0,,,,1,0.0,,3,6.0,0.0,Unknown State,39.0,,1,0.5113579069917998,0,0.303465448230242,0,0.4650995441756311,0.4650995441756311,0.1597193052755712,0.3751811505487976
f9ad9b0efd43a20b,2024-04-30,SECTION) FROM KM 356.450 TO KM 353.800 OF,Ongoing,General,Unknown Agency,,0,469.95,10.0,5.0,464.95,1000.0,,1,,,,False,False,0,0,,,,1,0.0,,2,8.0,0.0,Unknown State,31.0,,1,0.5120923867723539,0,0.4466507665885665,2,0.5463650793650796,0.3310660728160728,0.1225688478188478,0.5463650793650796
f9fff7ed7d439293,2024-04-30,PURAM FROM KM 43.800 TO KM 61.380 O,Ongoing,General,Unknown Agency,,0,827.39,10.0,3.0,824.39,1000.0,,1,,,,False,False,0,0,,,,1,0.0,,2,18.0,0.0,Unknown State,31.0,,1,0.4972179186227451,0,0.4591527350135015,2,0.6255595654345655,0.3138358447108447,0.0606045898545898,0.6255595654345655
fa170bb386cfbc56,2024-04-30,TO 183.783 (YESEMYONG TO UNGER) ON MOKOKCHUN,Ongoing,General,YESEMYONG TO UNGER,,0,237.51,10.0,3.0,234.51,1000.0,,0,,,,False,True,0,0,,,,1,0.0,,2,-14.0,0.0,Unknown State,47.0,,1,0.5031876695618679,1,0.6189567211581146,2,0.6192335270938213,0.3312563996461054,0.0495100732600732,0.6192335270938213
fa46ba01a41cfc86,2024-04-30,UKHRUL TOLOI TADUBI PKG-2,Ongoing,General,Unknown Agency,,0,12.0,-0.994074074074074,2025.0,-2013.0,-99.4074074074074,,1,,,,False,False,0,0,,,,1,0.0,,1,22.0,0.0,Unknown State,2.0,,1,0.5097167884631335,1,0.879465718236126,2,0.8998428826075885,0.0249610389610389,0.0751960784313725,0.8998428826075885
fa52aaa6dd019fb2,2024-04-30,STPS,Ongoing,General,Unknown Agency,,0,206.05,10.0,1.0,205.05,1000.0,,1,,,,False,False,0,0,,,,1,0.0,,2,-7.0,0.0,Unknown State,56.0,,1,0.4986323413840744,1,0.635199936606064,2,0.6307359005373709,0.3044109485285956,0.0648531509340332,0.6307359005373709
facaeec0a811cc7c,2024-04-30,L+PS OF THIKRI ANJAD SECTION OF NH-347B,Ongoing,General,Unknown Agency,,0,133.0,10.0,7.0,126.0,1000.0,,1,,,,False,False,0,0,,,,1,0.0,,1,-7.0,0.0,Unknown State,79.0,,1,0.468506313926568,1,0.820600374796726,2,0.8440983420174595,0.1211505757314581,0.0347510822510822,0.8440983420174595
fb2bf250191b1e2e,2024-04-30,POLAVARAM IRRIGATION PROJECT,Ongoing,General,Unknown Agency,,0,2.0,1.0,1.0,1.0,100.0,,1,,,,False,False,0,0,,,,1,0.0,,1,-1.0,0.0,Unknown State,72.0,,1,0.4709282981101315,1,0.8695964893283363,2,0.8694720467441056,0.1085444367723779,0.0219835164835164,0.8694720467441056
fb3ca4b47e4cd16a,2024-04-30,AUTHORITY OF INDIA LIMITED),Ongoing,General,Unknown Agency,,0,3712.0,10.0,18.0,3694.0,1000.0,,1,,,,False,False,1,0,,,,1,0.0,,3,-38.0,0.0,Unknown State,-19.0,,1,0.6064309005312113,0,0.2892208051363286,2,0.4821456182706183,0.2765427489177489,0.2413116328116327,0.4821456182706183
fb6c3a9302b43234,2024-04-30,TO KM 51+735 (PACKAGE B) ON EPC,Ongoing,General,PACKAGE B,,0,450.65,-0.7767954432887566,2019.0,-1568.35,-77.67954432887566,,1,,,,False,False,0,0,,,,1,0.0,,2,35.0,0.0,Unknown State,0.0,,1,0.4822350462557205,1,0.6974616241345495,2,0.7210232022879081,0.1521587717837718,0.12681802592832,0.7210232022879081
fb7346af3453d3d4,2024-04-30,L MEDINIPUR TO BALLUPUR FROM KM. 458.65 TO KM. 487.65 OF NH-07(PKG-2),Ongoing,General,Unknown Agency,,0,5.0,-0.975,200.0,-195.0,-97.5,,1,,,,False,False,0,0,,,,1,0.0,,1,10.0,0.0,Unknown State,30.0,,1,0.5214677354457777,1,0.8842939861412475,2,0.9124465673215676,0.0205416666666666,0.067011766011766,0.9124465673215676
fb95f4dc0177b69b,2024-04-30,JAMMU AND KASHMIR,Ongoing,General,Unknown Agency,,0,156869.94,10.0,54.94,156815.0,1000.0,,1,,,,False,False,0,0,,,,1,0.0,,3,1.0,0.0,Unknown State,62.0,,1,0.4834906434939961,0,0.2913761296053766,0,0.5138745421245422,0.5138745421245422,0.2110304417804417,0.275095016095016
fba29e6dcf8e490b,2024-04-30,MEHSANA-PALANPUR (65.1 KM),Ongoing,General,Unknown Agency,,0,318.24,10.0,4.0,314.24,1000.0,,1,,,,False,False,0,0,,,,1,0.0,,2,8.0,0.0,Unknown State,200.0,,1,0.4640277299279536,1,0.5725142140248975,2,0.6892359364491718,0.2534071704439352,0.0573568931068931,0.6892359364491718
fc150195220cfc4b,2024-04-30,+881),Ongoing,General,Unknown Agency,,0,199.141,0.4589084249084248,136.5,62.64099999999999,45.89084249084248,,1,,,,False,False,0,0,,,,1,0.0,,2,3.0,0.0,Unknown State,78.0,,1,0.4694404376622084,1,0.6756576197674476,2,0.76188085688821,0.1767963645831292,0.0613227785286608,0.76188085688821
fc34559d97d269e1,2024-04-30,TO KARNATAKA/TAMIL NADU BORDER F,Ongoing,General,Unknown Agency,,0,2.0,1.0,1.0,1.0,100.0,,1,,,,False,False,0,0,,,,1,0.0,,1,13.0,0.0,Unknown State,41.0,,1,0.5212060763070835,1,0.8695964893283363,2,0.9512930957930956,0.0197874902874902,0.0289194139194139,0.9512930957930956
fcd9399c5b2a5ad7,2024-04-30,(NSPL) FOR TRANSPORTATION OF ADDIT,Ongoing,General,NSPL,,0,2329.45,10.0,2.0,2327.45,1000.0,,1,,,,False,False,0,0,,,,1,0.0,,3,8.0,0.0,Unknown State,10.0,,1,0.5280706091495033,0,0.3093198812128189,2,0.4041736604898369,0.3917501656839893,0.2040761738261738,0.4041736604898369
fcfdccb4c91085d7,2024-04-30,LOT-I-KM 40.00 TO KM 65.400 AND K,Ongoing,General,Unknown Agency,,0,170.34,10.0,8.0,162.34,1000.0,,1,,,,False,False,0,0,,,,1,0.0,,2,1.0,0.0,Unknown State,21.0,,1,0.5242687030078578,1,0.6680229253841989,2,0.7396756968521673,0.2263791747468217,0.0339451284010107,0.7396756968521673
fd029a6fa42161f0,2024-04-30,PIPELINE UPTO COIMBATORE (IRUGUR),Ongoing,General,IRUGUR,,0,9028.0,10.0,12.0,9016.0,1000.0,,1,,,,False,False,0,0,,,,1,0.0,,3,9.0,0.0,Unknown State,37.0,,1,0.508211406698665,0,0.3087970735998908,0,0.4241321448159685,0.4241321448159685,0.1954242701742701,0.3804435850097613
fd16265b4435b5fa,2024-04-30,TO KM 56.00 OF NH-218 BIJAPURA-HUBLI SECTION U,Ongoing,General,Unknown Agency,,0,191.6,10.0,9.0,182.6,1000.0,,1,,,,False,False,0,0,,,,1,0.0,,2,-22.0,0.0,Unknown State,57.0,,1,0.4959675898855199,1,0.6582858969233056,2,0.7144393637408344,0.2453750261176732,0.0401856101414924,0.7144393637408344
fd1c812c502ae196,2024-04-30,RATLE HE PROJECT,Ongoing,General,Unknown Agency,,0,1677.12,10.0,5.0,1672.12,1000.0,,1,,,,False,False,0,0,,,,1,0.0,,3,32.0,0.0,Unknown State,55.0,,1,0.4775838643415437,0,0.2949319308526594,2,0.612137099012099,0.3096366272616273,0.0782262737262737,0.612137099012099
fd2a4fe461a92a01,2024-04-30,BONJEMEHARI EXPANSION OCP,Ongoing,General,Unknown Agency,,0,2.0,1.0,1.0,1.0,100.0,,1,,,,False,False,0,0,,,,1,0.0,,1,23.0,0.0,Unknown State,64.0,,1,0.4698572851214611,1,0.8695964893283363,2,0.8615265347397697,0.1344350037217684,0.0040384615384615,0.8615265347397697
fd6f296348ab8116,2024-04-30,PORT TO MADURAVOYAL IN CHENNAI DIS,Ongoing,General,Unknown Agency,,0,1382.0,10.0,3.0,1379.0,1000.0,,1,,,,False,False,0,0,,,,1,0.0,,3,25.0,0.0,Unknown State,38.0,,1,0.4831080858066768,0,0.3026548745756032,2,0.6428387307137308,0.295437937062937,0.0617233322233322,0.6428387307137308
fd71446aee4f15dc,2024-04-30,SAGAULI VALMIKINAGAR DOUBLING 109.7 KM,Ongoing,General,Unknown Agency,,0,3.0,-0.978102189781022,137.0,-134.0,-97.8102189781022,,1,,,,False,False,0,0,,,,1,0.0,,1,2.0,0.0,Unknown State,112.0,,1,0.4658147718129574,1,0.8951683019489082,2,0.9568742368742368,0.0090773809523809,0.0340483821733821,0.9568742368742368
fd7c0ce3160624a4,2024-04-30,KM 14.900 TO KM 70.00 (DESIGN CH.14.900 TO 69,Ongoing,General,Unknown Agency,,0,3.0,-0.5714285714285714,7.0,-4.0,-57.14285714285714,,1,,,,False,False,0,0,,,,1,0.0,,1,-17.0,0.0,Unknown State,80.0,,1,0.4701746708487379,1,0.9033510288787336,2,0.9540188977688976,0.0223982683982684,0.0235828338328338,0.9540188977688976
fdb6143bd65654ce,2024-04-30,MLD  PHASE II STP  114 MLD AND  PHASE III S,Ongoing,General,Unknown Agency,,0,3.0,-0.7,10.0,-7.0,-70.0,,1,,,,False,False,0,0,,,,1,0.0,,1,-7.0,0.0,Unknown State,78.0,,1,0.4701746708487379,1,0.8985886938500033,2,0.9764355228105228,0.0063030303030303,0.0172614468864468,0.9764355228105228
fdc38cc7f0dd76d5,2024-04-30,KARGIL-ZANSKR PACKAGE-3,Ongoing,General,Unknown Agency,,0,439.56,10.0,0.31,439.25,1000.0,,1,,,,False,False,0,0,,,,1,0.0,,2,7.0,0.0,Unknown State,30.0,,1,0.5114659919001213,0,0.4551734424602886,2,0.4619472733149204,0.3925985680985681,0.1454541585865115,0.4619472733149204
fde28144cba45dd5,2024-04-30,TWO LANE WITH PAVED SHOULDERS FRO,Ongoing,General,Unknown Agency,,0,529.44,10.0,12.0,517.44,1000.0,,1,,,,False,False,0,0,,,,1,0.0,,2,8.0,0.0,Unknown State,48.0,,1,0.5080829038445136,0,0.4569297388007052,2,0.514292147910569,0.3956388268164584,0.0900690252729726,0.514292147910569
fdf6d1343c59549b,2024-04-30,EPR TAPIN SOUTH OCP,Ongoing,General,Unknown Agency,,0,304.13,10.0,12.0,292.13,1000.0,,1,,,,False,False,0,0,,,,1,0.0,,2,11.0,0.0,Unknown State,111.0,,1,0.4658559037997322,1,0.5659391175250764,2,0.6633399549796608,0.2794933783536725,0.0571666666666666,0.6633399549796608
fe13655b4cc2db5b,2024-04-30,DRAMANDGANJ SECTION) OF NATIONAL,Ongoing,General,Unknown Agency,,0,185.09,10.0,3.0,182.09,1000.0,,1,,,,False,False,0,0,,,,1,0.0,,2,1.0,0.0,Unknown State,38.0,,1,0.5080362227903692,1,0.6621704961514011,2,0.6913716120480826,0.2727122583299053,0.0359161296220119,0.6913716120480826
fe49b4aa7a2523e7,2024-04-30,KHAWDA 1255MW SOLAR PROJECT (KHAWDA SOLAR PARK),Ongoing,General,KHAWDA SOLAR PARK,,0,1352.71,10.0,3.0,1349.71,1000.0,,1,,,,False,False,0,0,,,,1,0.0,,3,5.0,0.0,Unknown State,30.0,,1,0.5097355180761302,0,0.3228333730193655,2,0.5224289019803725,0.3727407567922275,0.1048303412274,0.5224289019803725
fe49e4fd69c73250,2024-04-30,-LANNING OF END OF PANDOH BYPASS TAKOLI IN H.P,Ongoing,General,Unknown Agency,,0,12.0,-0.6129032258064516,31.0,-19.0,-61.29032258064516,,1,,,,False,False,0,0,,,,1,0.0,,1,8.0,0.0,Unknown State,108.0,,1,0.4695454117935234,1,0.8782923615123108,2,0.8561372932622934,0.1013466117216117,0.042516095016095,0.8561372932622934
fea4cd8c3286c0e8,2024-04-30,/400 UNDER HYBRID ANNUITY MODE,Ongoing,General,Unknown Agency,,0,225.81,10.0,1.0,224.81,1000.0,,1,,,,False,False,0,0,,,,1,0.0,,2,-4.0,0.0,Unknown State,107.0,,1,0.463984518240118,1,0.6290422272484616,2,0.6442951909201908,0.2930271950271951,0.062677614052614,0.6442951909201908
febcb641ace9054a,2024-04-30,CONFIGURATION OF BIRPUR - BIHPUR,Ongoing,General,Unknown Agency,,0,317.19,10.0,3.0,314.19,1000.0,,0,,,,False,False,0,0,,,,1,0.0,,2,4.0,0.0,Unknown State,41.0,,1,0.5102068137730633,1,0.5738671552013682,2,0.5646209958342312,0.3827753161870809,0.0526036879786879,0.5646209958342312
fed203a9383d6e6b,2024-04-30,STATE BORDER GREENFIELD SECTION OF N,Ongoing,General,Unknown Agency,,0,210.05,10.0,12.0,198.05,1000.0,,1,,,,False,False,0,0,,,,1,0.0,,2,14.0,0.0,Unknown State,42.0,,1,0.5080288526298627,1,0.6193276635094813,2,0.776578280379751,0.1659237037472331,0.0574980158730158,0.776578280379751
fee03525e0554cf6,2024-04-30,HIMAYATNAGAR TO PHULSAWANGI,Ongoing,General,Unknown Agency,,0,9.0,1.25,4.0,5.0,125.0,,1,,,,False,False,0,0,,,,1,0.0,,1,-4.0,0.0,Unknown State,75.0,,1,0.4710602418989422,1,0.8616083453071649,2,0.932450360097419,0.0426845605375017,0.0248650793650793,0.932450360097419
ff1c5747747c686b,2024-04-30,(EASTERN RAILWAYS),Ongoing,General,EASTERN RAILWAYS,,0,2024.0,10.0,150.0,1874.0,1000.0,,1,,,,False,False,0,0,,,,1,0.0,,3,,0.0,Unknown State,,,1,0.5265342713502412,0,0.3014349105155793,2,0.3429599020260785,0.3200225028239735,0.337017595149948,0.3429599020260785
ff8541ee698b0b66,2024-04-30,LBERKHEDI TO GODPEHRA NH-44,Ongoing,General,Unknown Agency,,0,89.09,1.7070799149194775,32.91,56.18000000000001,170.70799149194778,,1,,,,False,False,0,0,,,,1,0.0,,1,7.0,0.0,Unknown State,32.0,,1,0.5156531623932259,1,0.8583569098350976,2,0.848248001998002,0.0984551282051282,0.0532968697968697,0.848248001998002
ff8ca76843a523d8,2024-04-30,OF EXISTING 4 LANE ROAD AT GROUND LE,Ongoing,General,Unknown Agency,,0,825.94,10.0,2.0,823.94,1000.0,,1,,,,False,False,0,0,,,,1,0.0,,2,21.0,0.0,Unknown State,83.0,,1,0.4504767432142901,0,0.4625760979550424,2,0.6108862665112664,0.3321745892995894,0.0569391441891441,0.6108862665112664
ffc47974322dde6f,2024-04-30,DHULE (BORVIHIR)-NARDANA  (UMBRELLA WORK),Ongoing,General,BORVIHIR,,0,836.12,10.0,2.0,834.12,1000.0,,1,,,,False,False,0,0,,,,1,0.0,,2,32.0,0.0,Unknown State,46.0,,1,0.4704446467128412,0,0.4813134646999145,2,0.6586457766090119,0.2830980449289273,0.0582561784620608,0.6586457766090119
