project_id,project_name,department,project_type,location,budget,expenditure,planned_duration_days,time_elapsed_days,completion_percentage,total_milestones,completed_milestones,delayed_milestones,pending_milestones,risk_score,delay_level
PRJ-1001,Infrastructure Project - Delhi NCR #1,Ministry of Electronics & IT,Infrastructure,Delhi NCR,2598.01,1020.4,681,235,33.62,39,13,0,26,4.16,LOW
PRJ-1002,Infrastructure Project - Hyderabad #2,Ministry of Road Transport & Highways,Infrastructure,Hyderabad,821.99,77.7,1412,182,10.51,39,4,3,32,6.57,MEDIUM
PRJ-1003,Water & Sanitation Project - Delhi NCR #3,Ministry of Power,Water & Sanitation,Delhi NCR,2658.24,2263.95,506,439,87.79,14,12,0,2,2.14,LOW
PRJ-1004,Infrastructure Project - Ahmedabad #4,Ministry of Road Transport & Highways,Infrastructure,Ahmedabad,347.54,393.11,884,675,93.98,34,31,0,3,2.25,LOW
PRJ-1005,Infrastructure Project - Jaipur #5,Ministry of Urban Development,Infrastructure,Jaipur,1033.19,784.9,1467,1144,61.72,17,10,2,5,2.81,MEDIUM
PRJ-1006,Water & Sanitation Project - Chennai #6,Ministry of Railways,Water & Sanitation,Chennai,3448.42,2702.3,656,690,79.15,34,26,2,6,2.57,HIGH
PRJ-1007,Energy & Power Project - Hyderabad #7,Ministry of Power,Energy & Power,Hyderabad,2348.91,2640.22,1617,1827,100.0,15,15,0,0,0.49,LOW
PRJ-1008,Urban Infrastructure Project - Chennai #8,Ministry of Urban Development,Urban Infrastructure,Chennai,3463.44,2811.38,1490,1276,89.22,25,22,0,3,2.09,LOW
PRJ-1009,Water & Sanitation Project - Delhi NCR #9,Ministry of Railways,Water & Sanitation,Delhi NCR,2819.61,736.32,1001,394,28.84,25,7,2,16,5.36,MEDIUM
PRJ-1010,Urban Infrastructure Project - Bengaluru #10,Ministry of Electronics & IT,Urban Infrastructure,Bengaluru,934.43,904.52,685,629,90.51,32,28,0,4,1.27,LOW
PRJ-1011,Transportation Project - Jaipur #11,Ministry of Railways,Transportation,Jaipur,1732.37,164.97,1727,262,11.14,15,1,2,12,6.09,MEDIUM
PRJ-1012,Urban Infrastructure Project - Ahmedabad #12,Ministry of Road Transport & Highways,Urban Infrastructure,Ahmedabad,2089.65,1343.7,1138,776,50.02,5,2,0,3,2.73,MEDIUM
PRJ-1013,Water & Sanitation Project - Chennai #13,Ministry of Health & Family Welfare,Water & Sanitation,Chennai,2692.41,555.24,876,195,20.27,34,6,0,28,5.43,LOW
PRJ-1014,Energy & Power Project - Jaipur #14,Ministry of Electronics & IT,Energy & Power,Jaipur,2669.25,1225.58,1219,1345,37.17,24,8,12,4,8.96,HIGH
PRJ-1015,Transportation Project - Kolkata #15,Ministry of Railways,Transportation,Kolkata,2671.16,1410.9,1284,1475,41.88,5,2,2,1,4.68,HIGH
PRJ-1016,Energy & Power Project - Chennai #16,Ministry of Road Transport & Highways,Energy & Power,Chennai,845.69,764.0,673,717,70.94,10,7,1,2,3.49,HIGH
PRJ-1017,Healthcare Facility Project - Bengaluru #17,Ministry of Water Resources,Healthcare Facility,Bengaluru,458.09,241.28,1153,1316,59.68,38,22,9,7,6.46,HIGH
PRJ-1018,Healthcare Facility Project - Guwahati #18,Ministry of Railways,Healthcare Facility,Guwahati,2417.64,1289.65,1640,726,41.11,28,11,2,15,4.78,LOW
PRJ-1019,Transportation Project - Hyderabad #19,Ministry of Road Transport & Highways,Transportation,Hyderabad,233.45,99.08,223,166,46.38,19,8,3,8,5.3,HIGH
PRJ-1020,Transportation Project - Mumbai #20,Ministry of Road Transport & Highways,Transportation,Mumbai,3169.92,256.94,856,152,8.82,36,3,4,29,6.42,MEDIUM
PRJ-1021,Healthcare Facility Project - Pune #21,Ministry of Health & Family Welfare,Healthcare Facility,Pune,858.06,768.14,1148,1134,100.0,11,11,0,0,0.71,LOW
PRJ-1022,Urban Infrastructure Project - Guwahati #22,Ministry of Urban Development,Urban Infrastructure,Guwahati,199.06,134.15,1518,1795,79.36,30,23,2,5,3.43,HIGH
PRJ-1023,Transportation Project - Hyderabad #23,Ministry of Road Transport & Highways,Transportation,Hyderabad,673.83,132.37,1098,279,22.03,34,7,2,25,6.55,MEDIUM
PRJ-1024,Water & Sanitation Project - Jaipur #24,Ministry of Urban Development,Water & Sanitation,Jaipur,351.7,211.53,1515,1816,49.38,10,4,4,2,5.83,HIGH
PRJ-1025,Urban Infrastructure Project - Pune #25,Ministry of Railways,Urban Infrastructure,Pune,1689.94,1064.47,1001,1093,71.39,5,3,0,2,1.96,HIGH
PRJ-1026,Water & Sanitation Project - Pune #26,Ministry of Water Resources,Water & Sanitation,Pune,1005.52,1145.29,1606,1851,87.77,40,35,1,4,1.98,MEDIUM
PRJ-1027,Energy & Power Project - Hyderabad #27,Ministry of Railways,Energy & Power,Hyderabad,3390.8,1439.53,1366,1242,51.12,25,12,5,8,5.61,HIGH
PRJ-1028,Water & Sanitation Project - Jaipur #28,Ministry of Health & Family Welfare,Water & Sanitation,Jaipur,559.44,88.52,1220,229,17.72,9,1,1,7,4.98,LOW
PRJ-1029,Healthcare Facility Project - Hyderabad #29,Ministry of Road Transport & Highways,Healthcare Facility,Hyderabad,2030.43,1115.79,261,203,54.43,38,20,5,13,4.8,MEDIUM
PRJ-1030,Digital Governance Project - Kolkata #30,Ministry of Electronics & IT,Digital Governance,Kolkata,843.01,179.08,990,241,18.92,34,6,3,25,6.76,MEDIUM
PRJ-1031,Infrastructure Project - Pune #31,Ministry of Road Transport & Highways,Infrastructure,Pune,2177.85,1274.71,1333,1593,69.96,18,12,2,4,2.57,HIGH
PRJ-1032,Infrastructure Project - Hyderabad #32,Ministry of Power,Infrastructure,Hyderabad,1299.65,1051.08,503,292,75.47,24,18,0,6,3.2,LOW
PRJ-1033,Healthcare Facility Project - Delhi NCR #33,Ministry of Electronics & IT,Healthcare Facility,Delhi NCR,2340.84,961.89,1315,564,36.31,13,4,1,8,5.36,LOW
PRJ-1034,Healthcare Facility Project - Bengaluru #34,Ministry of Electronics & IT,Healthcare Facility,Bengaluru,960.5,181.11,1418,470,19.41,21,4,4,13,6.13,MEDIUM
PRJ-1035,Infrastructure Project - Mumbai #35,Ministry of Water Resources,Infrastructure,Mumbai,2223.65,334.72,746,110,15.57,13,2,1,10,5.15,LOW
PRJ-1036,Urban Infrastructure Project - Jaipur #36,Ministry of Electronics & IT,Urban Infrastructure,Jaipur,2472.78,124.07,1328,146,5.99,14,0,2,12,7.17,MEDIUM
PRJ-1037,Healthcare Facility Project - Bengaluru #37,Ministry of Health & Family Welfare,Healthcare Facility,Bengaluru,1509.96,745.05,265,116,39.49,7,2,1,4,3.85,LOW
PRJ-1038,Digital Governance Project - Mumbai #38,Ministry of Railways,Digital Governance,Mumbai,1244.34,449.52,1326,1422,36.01,14,5,7,2,6.47,HIGH
PRJ-1039,Water & Sanitation Project - Bengaluru #39,Ministry of Railways,Water & Sanitation,Bengaluru,3086.14,596.4,230,68,15.31,31,4,8,19,9.16,MEDIUM
PRJ-1040,Transportation Project - Chennai #40,Ministry of Water Resources,Transportation,Chennai,565.6,137.31,1616,353,19.64,35,6,1,28,6.05,MEDIUM
PRJ-1041,Energy & Power Project - Chennai #41,Ministry of Urban Development,Energy & Power,Chennai,2873.67,1159.93,646,223,35.72,30,10,1,19,5.34,LOW
PRJ-1042,Energy & Power Project - Kolkata #42,Ministry of Water Resources,Energy & Power,Kolkata,2248.77,2077.2,998,845,75.6,26,19,1,6,1.85,LOW
PRJ-1043,Transportation Project - Lucknow #43,Ministry of Power,Transportation,Lucknow,3369.24,428.5,723,102,11.58,27,3,4,20,6.65,MEDIUM
PRJ-1044,Healthcare Facility Project - Mumbai #44,Ministry of Health & Family Welfare,Healthcare Facility,Mumbai,1354.33,266.47,1360,420,23.93,32,7,1,24,6.05,MEDIUM
PRJ-1045,Digital Governance Project - Guwahati #45,Ministry of Health & Family Welfare,Digital Governance,Guwahati,3291.52,1300.17,1689,1414,40.22,9,3,3,3,6.03,HIGH
PRJ-1046,Energy & Power Project - Patna #46,Ministry of Health & Family Welfare,Energy & Power,Patna,2969.57,2096.18,1654,1802,67.0,31,20,4,7,4.64,HIGH
PRJ-1047,Transportation Project - Hyderabad #47,Ministry of Health & Family Welfare,Transportation,Hyderabad,1477.36,1146.79,956,807,62.03,24,14,3,7,4.77,MEDIUM
PRJ-1048,Energy & Power Project - Hyderabad #48,Ministry of Power,Energy & Power,Hyderabad,1510.31,1240.1,1367,1048,85.43,33,28,0,5,1.16,LOW
PRJ-1049,Water & Sanitation Project - Guwahati #49,Ministry of Urban Development,Water & Sanitation,Guwahati,602.22,262.03,353,145,38.44,26,9,0,17,4.98,LOW
PRJ-1050,Digital Governance Project - Chennai #50,Ministry of Railways,Digital Governance,Chennai,794.0,69.73,587,153,10.67,35,3,8,24,9.2,MEDIUM
PRJ-1051,Urban Infrastructure Project - Patna #51,Ministry of Urban Development,Urban Infrastructure,Patna,2019.09,1703.76,1651,1429,80.58,20,16,0,4,2.35,LOW
PRJ-1052,Water & Sanitation Project - Mumbai #52,Ministry of Water Resources,Water & Sanitation,Mumbai,2726.69,770.02,628,184,22.08,38,8,4,26,6.61,MEDIUM
PRJ-1053,Infrastructure Project - Pune #53,Ministry of Water Resources,Infrastructure,Pune,475.35,349.12,1131,943,56.76,25,14,5,6,5.94,HIGH
PRJ-1054,Water & Sanitation Project - Guwahati #54,Ministry of Health & Family Welfare,Water & Sanitation,Guwahati,3123.15,3354.06,1053,1067,100.0,15,15,0,0,0.95,LOW
PRJ-1055,Water & Sanitation Project - Hyderabad #55,Ministry of Power,Water & Sanitation,Hyderabad,2941.12,3119.5,747,703,100.0,20,20,0,0,0.15,LOW
PRJ-1056,Transportation Project - Chennai #56,Ministry of Power,Transportation,Chennai,1182.11,210.9,1286,242,20.38,29,5,2,22,6.19,MEDIUM
PRJ-1057,Urban Infrastructure Project - Ahmedabad #57,Ministry of Road Transport & Highways,Urban Infrastructure,Ahmedabad,1164.78,375.45,1134,632,35.68,31,11,5,15,6.76,MEDIUM
PRJ-1058,Infrastructure Project - Lucknow #58,Ministry of Electronics & IT,Infrastructure,Lucknow,1337.53,981.12,192,218,77.27,29,22,2,5,3.84,HIGH
PRJ-1059,Healthcare Facility Project - Guwahati #59,Ministry of Urban Development,Healthcare Facility,Guwahati,2573.87,2506.82,1415,1538,93.28,22,20,0,2,0.39,LOW
PRJ-1060,Digital Governance Project - Patna #60,Ministry of Power,Digital Governance,Patna,2795.52,889.45,1663,468,30.78,13,4,1,8,4.93,LOW
PRJ-1061,Healthcare Facility Project - Lucknow #61,Ministry of Urban Development,Healthcare Facility,Lucknow,2323.87,1187.27,351,283,58.87,34,20,3,11,3.78,MEDIUM
PRJ-1062,Transportation Project - Pune #62,Ministry of Power,Transportation,Pune,1150.69,868.41,1738,1855,80.36,31,24,1,6,1.55,MEDIUM
PRJ-1063,Digital Governance Project - Jaipur #63,Ministry of Road Transport & Highways,Digital Governance,Jaipur,191.78,31.74,896,310,19.84,7,1,1,5,6.31,MEDIUM
PRJ-1064,Water & Sanitation Project - Delhi NCR #64,Ministry of Railways,Water & Sanitation,Delhi NCR,2178.46,324.07,668,159,13.11,18,2,3,13,6.06,MEDIUM
PRJ-1065,Transportation Project - Lucknow #65,Ministry of Power,Transportation,Lucknow,2129.29,2373.03,1711,1523,93.74,15,14,0,1,0.53,LOW
PRJ-1066,Energy & Power Project - Lucknow #66,Ministry of Road Transport & Highways,Energy & Power,Lucknow,2373.94,1750.93,948,508,63.72,9,5,0,4,3.48,LOW
PRJ-1067,Infrastructure Project - Guwahati #67,Ministry of Railways,Infrastructure,Guwahati,2705.96,1472.81,1581,1202,63.25,7,4,0,3,2.69,MEDIUM
PRJ-1068,Infrastructure Project - Jaipur #68,Ministry of Power,Infrastructure,Jaipur,2269.93,2723.92,205,212,100.0,11,11,0,0,0.72,LOW
PRJ-1069,Urban Infrastructure Project - Guwahati #69,Ministry of Water Resources,Urban Infrastructure,Guwahati,543.94,594.19,540,489,85.16,22,18,0,4,2.58,LOW
PRJ-1070,Urban Infrastructure Project - Pune #70,Ministry of Water Resources,Urban Infrastructure,Pune,1530.15,761.09,1677,1260,51.75,20,10,3,7,3.79,MEDIUM
PRJ-1071,Transportation Project - Pune #71,Ministry of Urban Development,Transportation,Pune,1998.78,791.07,1548,800,48.6,25,12,0,13,2.99,LOW
PRJ-1072,Energy & Power Project - Kolkata #72,Ministry of Water Resources,Energy & Power,Kolkata,986.01,925.01,1400,1219,100.0,5,5,0,0,0.38,LOW
PRJ-1073,Digital Governance Project - Ahmedabad #73,Ministry of Railways,Digital Governance,Ahmedabad,1715.14,545.51,1732,631,30.64,36,11,3,22,4.7,LOW
PRJ-1074,Transportation Project - Ahmedabad #74,Ministry of Power,Transportation,Ahmedabad,2424.34,2386.79,807,670,100.0,40,40,0,0,0.85,LOW
PRJ-1075,Healthcare Facility Project - Kolkata #75,Ministry of Electronics & IT,Healthcare Facility,Kolkata,1237.82,88.92,1109,441,7.76,12,0,5,7,7.24,HIGH
PRJ-1076,Healthcare Facility Project - Guwahati #76,Ministry of Electronics & IT,Healthcare Facility,Guwahati,656.17,592.44,623,568,96.23,38,36,0,2,2.15,LOW
PRJ-1077,Transportation Project - Chennai #77,Ministry of Water Resources,Transportation,Chennai,803.92,348.92,547,236,37.61,13,4,0,9,5.07,LOW
PRJ-1078,Energy & Power Project - Guwahati #78,Ministry of Health & Family Welfare,Energy & Power,Guwahati,3304.87,2678.35,1486,1568,77.52,5,3,0,2,2.06,HIGH
PRJ-1079,Energy & Power Project - Bengaluru #79,Ministry of Urban Development,Energy & Power,Bengaluru,3379.59,3064.7,697,791,87.29,9,7,0,2,0.78,MEDIUM
PRJ-1080,Digital Governance Project - Delhi NCR #80,Ministry of Electronics & IT,Digital Governance,Delhi NCR,539.53,160.52,1332,1523,35.31,20,7,8,5,7.96,HIGH
PRJ-1081,Healthcare Facility Project - Lucknow #81,Ministry of Health & Family Welfare,Healthcare Facility,Lucknow,797.65,412.39,1250,648,41.22,24,9,4,11,6.52,MEDIUM
PRJ-1082,Healthcare Facility Project - Lucknow #82,Ministry of Power,Healthcare Facility,Lucknow,220.2,51.04,1695,354,19.62,18,3,0,15,4.18,LOW
PRJ-1083,Transportation Project - Jaipur #83,Ministry of Railways,Transportation,Jaipur,271.98,207.28,185,101,66.58,35,23,0,12,2.13,LOW
PRJ-1084,Energy & Power Project - Guwahati #84,Ministry of Electronics & IT,Energy & Power,Guwahati,3010.03,2340.65,325,278,61.62,17,10,2,5,3.81,MEDIUM
PRJ-1085,Transportation Project - Chennai #85,Ministry of Electronics & IT,Transportation,Chennai,2894.94,364.68,326,53,10.53,23,2,3,18,6.61,MEDIUM
PRJ-1086,Digital Governance Project - Ahmedabad #86,Ministry of Power,Digital Governance,Ahmedabad,3299.94,1689.53,1204,835,50.25,7,3,1,3,4.36,MEDIUM
PRJ-1087,Energy & Power Project - Delhi NCR #87,Ministry of Health & Family Welfare,Energy & Power,Delhi NCR,328.73,357.53,1560,1590,100.0,6,6,0,0,1.34,LOW
PRJ-1088,Healthcare Facility Project - Delhi NCR #88,Ministry of Power,Healthcare Facility,Delhi NCR,2673.25,1731.32,538,332,57.53,22,12,0,10,3.29,LOW
PRJ-1089,Water & Sanitation Project - Pune #89,Ministry of Electronics & IT,Water & Sanitation,Pune,3392.0,1135.15,1142,551,34.62,11,3,2,6,4.73,MEDIUM
PRJ-1090,Urban Infrastructure Project - Chennai #90,Ministry of Electronics & IT,Urban Infrastructure,Chennai,2322.42,2427.8,1000,994,97.24,34,33,0,1,0.64,LOW
PRJ-1091,Water & Sanitation Project - Ahmedabad #91,Ministry of Road Transport & Highways,Water & Sanitation,Ahmedabad,3028.54,2322.06,182,149,71.57,31,22,1,8,2.86,MEDIUM
PRJ-1092,Water & Sanitation Project - Pune #92,Ministry of Health & Family Welfare,Water & Sanitation,Pune,2192.68,350.23,1736,272,17.11,13,2,1,10,5.42,LOW
PRJ-1093,Urban Infrastructure Project - Mumbai #93,Ministry of Electronics & IT,Urban Infrastructure,Mumbai,110.75,52.85,1470,1131,51.89,15,7,2,6,3.23,HIGH
PRJ-1094,Infrastructure Project - Hyderabad #94,Ministry of Urban Development,Infrastructure,Hyderabad,3472.98,1390.08,412,250,46.61,14,6,1,7,4.5,MEDIUM
PRJ-1095,Digital Governance Project - Chennai #95,Ministry of Health & Family Welfare,Digital Governance,Chennai,1460.06,1012.18,1168,1376,75.2,40,30,2,8,2.42,HIGH
PRJ-1096,Healthcare Facility Project - Guwahati #96,Ministry of Health & Family Welfare,Healthcare Facility,Guwahati,3078.85,719.29,322,130,19.55,31,6,6,19,8.0,MEDIUM
PRJ-1097,Water & Sanitation Project - Delhi NCR #97,Ministry of Power,Water & Sanitation,Delhi NCR,997.11,1004.21,791,807,92.4,36,33,0,3,1.27,LOW
PRJ-1098,Energy & Power Project - Kolkata #98,Ministry of Urban Development,Energy & Power,Kolkata,1936.19,1155.16,1292,665,47.11,17,8,2,7,3.92,LOW
PRJ-1099,Transportation Project - Ahmedabad #99,Ministry of Urban Development,Transportation,Ahmedabad,162.33,107.65,1705,1057,52.77,29,15,2,12,4.49,LOW
PRJ-1100,Digital Governance Project - Bengaluru #100,Ministry of Water Resources,Digital Governance,Bengaluru,1738.7,415.26,255,60,18.62,26,4,4,18,7.42,MEDIUM
PRJ-1101,Infrastructure Project - Jaipur #101,Ministry of Urban Development,Infrastructure,Jaipur,3187.44,1416.2,211,188,44.21,14,6,3,5,5.55,HIGH
PRJ-1102,Energy & Power Project - Lucknow #102,Ministry of Power,Energy & Power,Lucknow,2427.54,327.95,1510,284,14.01,39,5,4,30,6.53,MEDIUM
PRJ-1103,Water & Sanitation Project - Pune #103,Ministry of Electronics & IT,Water & Sanitation,Pune,3054.62,1667.63,253,197,59.51,23,13,3,7,4.72,MEDIUM
PRJ-1104,Infrastructure Project - Patna #104,Ministry of Urban Development,Infrastructure,Patna,2466.58,1078.48,385,226,38.12,6,2,0,4,4.69,MEDIUM
PRJ-1105,Energy & Power Project - Kolkata #105,Ministry of Power,Energy & Power,Kolkata,1513.1,907.31,680,465,55.37,16,8,1,7,2.79,MEDIUM
PRJ-1106,Urban Infrastructure Project - Lucknow #106,Ministry of Water Resources,Urban Infrastructure,Lucknow,2394.14,1984.39,1199,1323,95.1,34,32,0,2,1.16,LOW
PRJ-1107,Infrastructure Project - Pune #107,Ministry of Electronics & IT,Infrastructure,Pune,3155.22,2405.41,1567,1098,91.09,27,24,0,3,1.04,LOW
PRJ-1108,Digital Governance Project - Chennai #108,Ministry of Urban Development,Digital Governance,Chennai,1604.36,452.79,798,254,28.44,35,9,1,25,4.74,LOW
PRJ-1109,Healthcare Facility Project - Chennai #109,Ministry of Power,Healthcare Facility,Chennai,3474.5,477.46,784,97,11.31,30,3,1,26,5.97,MEDIUM
PRJ-1110,Water & Sanitation Project - Guwahati #110,Ministry of Electronics & IT,Water & Sanitation,Guwahati,3407.87,3167.5,1421,1306,76.41,23,17,1,5,2.04,MEDIUM
PRJ-1111,Energy & Power Project - Hyderabad #111,Ministry of Water Resources,Energy & Power,Hyderabad,2231.8,365.64,1451,545,13.91,13,1,4,8,7.71,MEDIUM
PRJ-1112,Infrastructure Project - Chennai #112,Ministry of Electronics & IT,Infrastructure,Chennai,2762.25,1993.65,248,182,61.89,10,6,1,3,2.96,MEDIUM
PRJ-1113,Transportation Project - Hyderabad #113,Ministry of Urban Development,Transportation,Hyderabad,471.24,400.71,1284,1366,86.51,37,32,1,4,2.74,MEDIUM
PRJ-1114,Water & Sanitation Project - Pune #114,Ministry of Power,Water & Sanitation,Pune,3386.17,3282.41,784,722,100.0,12,12,0,0,0.15,LOW
PRJ-1115,Transportation Project - Patna #115,Ministry of Water Resources,Transportation,Patna,2537.52,2446.47,993,1155,80.19,28,22,1,5,2.18,MEDIUM
PRJ-1116,Healthcare Facility Project - Mumbai #116,Ministry of Power,Healthcare Facility,Mumbai,1597.2,1271.04,1557,1438,85.47,29,24,1,4,3.01,LOW
PRJ-1117,Digital Governance Project - Hyderabad #117,Ministry of Road Transport & Highways,Digital Governance,Hyderabad,1655.45,1505.13,1448,1553,84.13,19,15,1,3,2.46,MEDIUM
PRJ-1118,Digital Governance Project - Chennai #118,Ministry of Urban Development,Digital Governance,Chennai,2275.85,409.99,418,106,14.15,24,3,6,15,6.92,MEDIUM
PRJ-1119,Healthcare Facility Project - Bengaluru #119,Ministry of Railways,Healthcare Facility,Bengaluru,1366.37,1521.88,939,786,95.07,39,37,0,2,1.73,LOW
PRJ-1120,Urban Infrastructure Project - Patna #120,Ministry of Railways,Urban Infrastructure,Patna,355.59,363.9,1182,918,80.61,22,17,0,5,1.71,LOW
PRJ-1121,Urban Infrastructure Project - Hyderabad #121,Ministry of Urban Development,Urban Infrastructure,Hyderabad,2995.52,2946.6,383,451,100.0,27,27,0,0,0.55,LOW
PRJ-1122,Water & Sanitation Project - Pune #122,Ministry of Road Transport & Highways,Water & Sanitation,Pune,329.94,181.59,614,494,50.1,6,3,0,3,3.16,HIGH
PRJ-1123,Water & Sanitation Project - Lucknow #123,Ministry of Railways,Water & Sanitation,Lucknow,726.17,676.04,1747,1239,85.16,19,16,0,3,1.04,LOW
PRJ-1124,Infrastructure Project - Chennai #124,Ministry of Health & Family Welfare,Infrastructure,Chennai,3005.84,1606.68,476,564,49.95,16,7,4,5,5.84,HIGH
PRJ-1125,Infrastructure Project - Kolkata #125,Ministry of Railways,Infrastructure,Kolkata,2767.05,1663.64,667,498,74.42,21,15,0,6,2.76,LOW
PRJ-1126,Infrastructure Project - Guwahati #126,Ministry of Health & Family Welfare,Infrastructure,Guwahati,231.82,244.95,1098,1049,100.0,11,11,0,0,0.44,LOW
PRJ-1127,Infrastructure Project - Guwahati #127,Ministry of Health & Family Welfare,Infrastructure,Guwahati,2743.46,1144.48,1529,1029,40.54,6,2,1,3,4.33,HIGH
PRJ-1128,Urban Infrastructure Project - Patna #128,Ministry of Urban Development,Urban Infrastructure,Patna,386.79,229.27,1638,1802,70.84,10,7,1,2,2.15,HIGH
PRJ-1129,Energy & Power Project - Lucknow #129,Ministry of Railways,Energy & Power,Lucknow,2219.44,1699.03,1303,1151,77.29,38,29,1,8,2.55,MEDIUM
PRJ-1130,Infrastructure Project - Guwahati #130,Ministry of Urban Development,Infrastructure,Guwahati,409.31,286.38,1520,1240,59.07,18,10,2,6,4.62,MEDIUM
PRJ-1131,Energy & Power Project - Pune #131,Ministry of Urban Development,Energy & Power,Pune,1401.57,134.22,1674,342,9.45,21,1,3,17,6.03,MEDIUM
PRJ-1132,Infrastructure Project - Mumbai #132,Ministry of Urban Development,Infrastructure,Mumbai,2912.88,1696.45,370,212,49.68,28,13,3,12,4.83,LOW
PRJ-1133,Healthcare Facility Project - Jaipur #133,Ministry of Health & Family Welfare,Healthcare Facility,Jaipur,1160.46,462.3,430,237,32.21,32,10,8,14,8.03,MEDIUM
PRJ-1134,Healthcare Facility Project - Chennai #134,Ministry of Power,Healthcare Facility,Chennai,1237.25,691.8,1363,897,63.73,35,22,0,13,2.03,LOW
PRJ-1135,Healthcare Facility Project - Kolkata #135,Ministry of Water Resources,Healthcare Facility,Kolkata,410.95,224.11,750,548,45.31,40,18,10,12,8.37,HIGH
PRJ-1136,Digital Governance Project - Patna #136,Ministry of Health & Family Welfare,Digital Governance,Patna,1953.02,2343.62,1427,1601,100.0,22,22,0,0,0.55,LOW
PRJ-1137,Energy & Power Project - Kolkata #137,Ministry of Water Resources,Energy & Power,Kolkata,1235.07,875.18,551,582,65.42,30,19,3,8,4.41,HIGH
PRJ-1138,Infrastructure Project - Guwahati #138,Ministry of Road Transport & Highways,Infrastructure,Guwahati,1861.38,779.81,950,533,43.17,28,12,3,13,4.69,MEDIUM
PRJ-1139,Healthcare Facility Project - Mumbai #139,Ministry of Health & Family Welfare,Healthcare Facility,Mumbai,3092.86,986.73,498,136,28.77,10,2,0,8,4.89,LOW
PRJ-1140,Healthcare Facility Project - Pune #140,Ministry of Urban Development,Healthcare Facility,Pune,1455.5,628.48,621,577,50.39,32,16,7,9,6.64,HIGH
PRJ-1141,Urban Infrastructure Project - Jaipur #141,Ministry of Health & Family Welfare,Urban Infrastructure,Jaipur,2338.29,933.37,273,93,30.89,8,2,0,6,4.06,LOW
PRJ-1142,Water & Sanitation Project - Bengaluru #142,Ministry of Railways,Water & Sanitation,Bengaluru,2676.92,1164.38,772,355,54.11,32,17,0,15,3.05,LOW
PRJ-1143,Transportation Project - Jaipur #143,Ministry of Electronics & IT,Transportation,Jaipur,1959.95,724.26,1548,1527,44.2,7,3,2,2,4.51,HIGH
PRJ-1144,Water & Sanitation Project - Kolkata #144,Ministry of Road Transport & Highways,Water & Sanitation,Kolkata,2019.4,1103.34,1354,737,48.78,23,11,0,12,2.6,LOW
PRJ-1145,Transportation Project - Lucknow #145,Ministry of Power,Transportation,Lucknow,1615.74,1247.87,1592,1769,91.5,11,10,0,1,1.6,LOW
PRJ-1146,Infrastructure Project - Ahmedabad #146,Ministry of Health & Family Welfare,Infrastructure,Ahmedabad,3048.13,1458.04,1707,808,49.49,15,7,0,8,3.79,LOW
PRJ-1147,Healthcare Facility Project - Hyderabad #147,Ministry of Health & Family Welfare,Healthcare Facility,Hyderabad,3171.67,1066.16,895,435,26.28,14,3,2,9,4.78,MEDIUM
PRJ-1148,Transportation Project - Lucknow #148,Ministry of Railways,Transportation,Lucknow,543.52,206.03,1734,1423,42.66,36,15,10,11,7.99,HIGH
PRJ-1149,Urban Infrastructure Project - Patna #149,Ministry of Health & Family Welfare,Urban Infrastructure,Patna,3235.3,3310.04,1336,1078,79.11,25,19,1,5,2.7,LOW
PRJ-1150,Urban Infrastructure Project - Mumbai #150,Ministry of Railways,Urban Infrastructure,Mumbai,1646.53,616.88,1473,637,39.97,8,3,0,5,3.15,LOW
PRJ-1151,Urban Infrastructure Project - Delhi NCR #151,Ministry of Urban Development,Urban Infrastructure,Delhi NCR,208.55,43.12,767,141,16.78,10,1,1,8,5.58,MEDIUM
PRJ-1152,Healthcare Facility Project - Jaipur #152,Ministry of Urban Development,Healthcare Facility,Jaipur,3340.27,3206.29,1693,1837,93.66,17,15,0,2,1.27,LOW
PRJ-1153,Infrastructure Project - Pune #153,Ministry of Railways,Infrastructure,Pune,371.22,212.59,883,1042,68.0,16,10,1,5,3.42,HIGH
PRJ-1154,Healthcare Facility Project - Jaipur #154,Ministry of Urban Development,Healthcare Facility,Jaipur,2138.22,930.82,925,471,46.24,31,14,3,14,5.25,LOW
PRJ-1155,Water & Sanitation Project - Patna #155,Ministry of Road Transport & Highways,Water & Sanitation,Patna,2269.1,1043.72,314,145,42.63,29,12,1,16,4.72,LOW
PRJ-1156,Healthcare Facility Project - Bengaluru #156,Ministry of Electronics & IT,Healthcare Facility,Bengaluru,1173.43,822.47,1373,1139,55.7,24,13,5,6,5.61,HIGH
PRJ-1157,Transportation Project - Lucknow #157,Ministry of Urban Development,Transportation,Lucknow,2483.83,1401.24,353,155,57.08,26,14,0,12,3.49,LOW
PRJ-1158,Digital Governance Project - Patna #158,Ministry of Water Resources,Digital Governance,Patna,3194.44,2530.84,371,300,78.31,28,21,0,7,1.7,LOW
PRJ-1159,Energy & Power Project - Pune #159,Ministry of Railways,Energy & Power,Pune,680.1,95.73,461,124,14.85,11,1,2,8,6.14,MEDIUM
PRJ-1160,Healthcare Facility Project - Delhi NCR #160,Ministry of Electronics & IT,Healthcare Facility,Delhi NCR,2320.13,2014.43,1749,1363,79.03,14,11,0,3,2.71,LOW
PRJ-1161,Healthcare Facility Project - Bengaluru #161,Ministry of Water Resources,Healthcare Facility,Bengaluru,2526.93,959.47,269,148,33.36,20,6,5,9,6.55,MEDIUM
PRJ-1162,Digital Governance Project - Pune #162,Ministry of Water Resources,Digital Governance,Pune,826.67,457.96,669,294,46.0,35,16,3,16,4.29,LOW
PRJ-1163,Healthcare Facility Project - Pune #163,Ministry of Electronics & IT,Healthcare Facility,Pune,1621.26,1704.68,757,723,100.0,31,31,0,0,1.63,LOW
PRJ-1164,Healthcare Facility Project - Bengaluru #164,Ministry of Water Resources,Healthcare Facility,Bengaluru,3056.78,1961.04,286,230,51.86,40,20,9,11,7.43,HIGH
PRJ-1165,Water & Sanitation Project - Mumbai #165,Ministry of Health & Family Welfare,Water & Sanitation,Mumbai,1004.87,310.13,1742,481,30.12,37,11,0,26,4.37,LOW
PRJ-1166,Water & Sanitation Project - Pune #166,Ministry of Railways,Water & Sanitation,Pune,3097.36,1637.45,234,130,52.96,28,14,1,13,4.74,LOW
PRJ-1167,Transportation Project - Delhi NCR #167,Ministry of Power,Transportation,Delhi NCR,1122.21,1262.46,382,390,100.0,14,14,0,0,0.57,LOW
PRJ-1168,Urban Infrastructure Project - Guwahati #168,Ministry of Water Resources,Urban Infrastructure,Guwahati,2910.58,2981.31,1734,1519,100.0,5,5,0,0,0.04,LOW
PRJ-1169,Water & Sanitation Project - Bengaluru #169,Ministry of Railways,Water & Sanitation,Bengaluru,1925.33,1181.68,1669,1284,60.67,23,13,2,8,3.01,MEDIUM
PRJ-1170,Urban Infrastructure Project - Patna #170,Ministry of Railways,Urban Infrastructure,Patna,2780.71,377.41,1116,188,11.14,36,4,5,27,6.48,MEDIUM
PRJ-1171,Healthcare Facility Project - Hyderabad #171,Ministry of Health & Family Welfare,Healthcare Facility,Hyderabad,2517.72,998.99,776,443,35.83,20,7,4,9,5.18,MEDIUM
PRJ-1172,Infrastructure Project - Jaipur #172,Ministry of Electronics & IT,Infrastructure,Jaipur,3411.54,2362.62,318,365,64.6,37,23,6,8,4.95,HIGH
PRJ-1173,Infrastructure Project - Patna #173,Ministry of Urban Development,Infrastructure,Patna,1360.22,345.38,944,357,31.42,9,2,0,7,4.89,LOW
PRJ-1174,Infrastructure Project - Lucknow #174,Ministry of Electronics & IT,Infrastructure,Lucknow,2575.8,579.81,860,212,23.06,26,5,3,18,5.4,LOW
PRJ-1175,Digital Governance Project - Pune #175,Ministry of Water Resources,Digital Governance,Pune,3433.06,3024.25,1160,922,73.06,9,6,0,3,3.23,LOW
PRJ-1176,Energy & Power Project - Hyderabad #176,Ministry of Road Transport & Highways,Energy & Power,Hyderabad,162.88,156.01,588,631,100.0,24,24,0,0,1.98,LOW
PRJ-1177,Urban Infrastructure Project - Chennai #177,Ministry of Health & Family Welfare,Urban Infrastructure,Chennai,137.81,35.65,1504,466,26.44,8,2,1,5,4.74,LOW
PRJ-1178,Water & Sanitation Project - Kolkata #178,Ministry of Road Transport & Highways,Water & Sanitation,Kolkata,1534.96,1841.95,999,916,100.0,29,29,0,0,0.37,LOW
PRJ-1179,Urban Infrastructure Project - Kolkata #179,Ministry of Electronics & IT,Urban Infrastructure,Kolkata,3235.84,837.66,1243,488,30.77,32,9,2,21,5.47,LOW
PRJ-1180,Transportation Project - Jaipur #180,Ministry of Water Resources,Transportation,Jaipur,1035.24,284.73,390,73,24.33,24,5,0,19,5.22,LOW
PRJ-1181,Digital Governance Project - Pune #181,Ministry of Railways,Digital Governance,Pune,1236.9,1404.65,266,239,90.43,32,28,0,4,2.44,LOW
PRJ-1182,Infrastructure Project - Patna #182,Ministry of Road Transport & Highways,Infrastructure,Patna,2234.92,1107.35,924,613,42.17,15,6,3,6,4.38,MEDIUM
PRJ-1183,Digital Governance Project - Pune #183,Ministry of Health & Family Welfare,Digital Governance,Pune,131.45,30.63,317,113,20.76,28,5,5,18,7.1,MEDIUM
PRJ-1184,Transportation Project - Patna #184,Ministry of Health & Family Welfare,Transportation,Patna,1580.23,922.54,939,478,49.41,13,6,0,7,3.33,LOW
PRJ-1185,Energy & Power Project - Hyderabad #185,Ministry of Electronics & IT,Energy & Power,Hyderabad,3362.21,2537.85,233,211,71.92,29,20,3,6,2.84,MEDIUM
PRJ-1186,Energy & Power Project - Guwahati #186,Ministry of Water Resources,Energy & Power,Guwahati,1567.49,839.4,1433,593,42.56,36,15,0,21,3.14,LOW
PRJ-1187,Urban Infrastructure Project - Bengaluru #187,Ministry of Road Transport & Highways,Urban Infrastructure,Bengaluru,3146.39,3671.99,1091,1305,96.83,25,24,0,1,1.58,LOW
PRJ-1188,Healthcare Facility Project - Chennai #188,Ministry of Health & Family Welfare,Healthcare Facility,Chennai,3120.75,2894.58,502,443,73.4,16,11,1,4,2.75,MEDIUM
PRJ-1189,Transportation Project - Bengaluru #189,Ministry of Road Transport & Highways,Transportation,Bengaluru,836.21,73.85,1191,153,8.2,28,2,3,23,7.76,MEDIUM
PRJ-1190,Healthcare Facility Project - Mumbai #190,Ministry of Railways,Healthcare Facility,Mumbai,239.46,130.85,995,1193,47.13,38,17,12,9,8.26,HIGH
PRJ-1191,Infrastructure Project - Bengaluru #191,Ministry of Health & Family Welfare,Infrastructure,Bengaluru,3403.61,470.39,1495,271,13.38,38,5,3,30,7.29,MEDIUM
PRJ-1192,Healthcare Facility Project - Patna #192,Ministry of Water Resources,Healthcare Facility,Patna,2061.37,2094.99,1752,2037,100.0,8,8,0,0,1.04,LOW
PRJ-1193,Transportation Project - Bengaluru #193,Ministry of Power,Transportation,Bengaluru,1136.09,454.24,1632,567,31.39,38,11,5,22,7.12,MEDIUM
PRJ-1194,Transportation Project - Patna #194,Ministry of Power,Transportation,Patna,3347.67,406.73,742,176,12.77,39,4,4,31,7.24,MEDIUM
PRJ-1195,Healthcare Facility Project - Bengaluru #195,Ministry of Health & Family Welfare,Healthcare Facility,Bengaluru,607.49,533.9,1458,1301,79.71,7,5,0,2,1.07,LOW
PRJ-1196,Digital Governance Project - Lucknow #196,Ministry of Road Transport & Highways,Digital Governance,Lucknow,933.65,839.82,611,576,89.21,6,5,0,1,1.79,LOW
PRJ-1197,Digital Governance Project - Chennai #197,Ministry of Power,Digital Governance,Chennai,1695.48,597.99,1582,864,34.35,8,2,1,5,4.51,MEDIUM
PRJ-1198,Transportation Project - Kolkata #198,Ministry of Urban Development,Transportation,Kolkata,2127.24,1813.6,820,859,88.84,27,23,1,3,1.22,MEDIUM
PRJ-1199,Healthcare Facility Project - Jaipur #199,Ministry of Power,Healthcare Facility,Jaipur,380.58,187.99,675,413,52.9,20,10,1,9,2.86,LOW
PRJ-1200,Water & Sanitation Project - Lucknow #200,Ministry of Urban Development,Water & Sanitation,Lucknow,1469.29,1044.06,507,504,56.09,25,14,5,6,4.51,HIGH
PRJ-1201,Urban Infrastructure Project - Pune #201,Ministry of Health & Family Welfare,Urban Infrastructure,Pune,3077.97,460.65,1198,150,11.76,37,4,3,30,6.09,MEDIUM
PRJ-1202,Energy & Power Project - Delhi NCR #202,Ministry of Health & Family Welfare,Energy & Power,Delhi NCR,186.39,170.63,1193,903,74.95,35,26,0,9,1.27,LOW
PRJ-1203,Urban Infrastructure Project - Bengaluru #203,Ministry of Road Transport & Highways,Urban Infrastructure,Bengaluru,3089.77,1741.44,1669,838,56.27,7,3,0,4,3.33,LOW
PRJ-1204,Energy & Power Project - Jaipur #204,Ministry of Railways,Energy & Power,Jaipur,1017.22,875.7,971,635,72.82,22,16,0,6,2.61,LOW
PRJ-1205,Infrastructure Project - Bengaluru #205,Ministry of Health & Family Welfare,Infrastructure,Bengaluru,3413.04,1138.48,986,503,25.79,40,10,13,17,10.0,HIGH
PRJ-1206,Healthcare Facility Project - Jaipur #206,Ministry of Railways,Healthcare Facility,Jaipur,1410.84,112.24,262,39,9.16,26,2,5,19,7.58,MEDIUM
PRJ-1207,Healthcare Facility Project - Jaipur #207,Ministry of Railways,Healthcare Facility,Jaipur,497.84,218.58,1435,646,44.06,24,10,1,13,4.21,LOW
PRJ-1208,Healthcare Facility Project - Pune #208,Ministry of Health & Family Welfare,Healthcare Facility,Pune,2483.5,1221.14,793,493,60.83,26,15,1,10,4.32,LOW
PRJ-1209,Energy & Power Project - Guwahati #209,Ministry of Health & Family Welfare,Energy & Power,Guwahati,3053.63,399.11,1468,189,12.6,19,2,2,15,6.34,MEDIUM
PRJ-1210,Healthcare Facility Project - Patna #210,Ministry of Railways,Healthcare Facility,Patna,2526.93,2208.25,1766,1810,100.0,20,20,0,0,1.9,LOW
PRJ-1211,Transportation Project - Delhi NCR #211,Ministry of Road Transport & Highways,Transportation,Delhi NCR,1549.22,468.76,1037,276,26.42,31,8,2,21,5.7,MEDIUM
PRJ-1212,Water & Sanitation Project - Guwahati #212,Ministry of Urban Development,Water & Sanitation,Guwahati,2548.63,657.31,1625,409,28.54,25,7,2,16,5.33,LOW
PRJ-1213,Energy & Power Project - Bengaluru #213,Ministry of Urban Development,Energy & Power,Bengaluru,1614.23,817.22,1271,605,51.81,21,10,0,11,2.79,LOW
PRJ-1214,Energy & Power Project - Jaipur #214,Ministry of Railways,Energy & Power,Jaipur,1051.76,1163.86,789,748,96.02,36,34,0,2,0.9,LOW
PRJ-1215,Digital Governance Project - Chennai #215,Ministry of Water Resources,Digital Governance,Chennai,1014.38,653.66,1354,1143,65.1,30,19,3,8,4.85,MEDIUM
PRJ-1216,Transportation Project - Chennai #216,Ministry of Water Resources,Transportation,Chennai,156.81,38.35,1642,306,19.38,21,4,2,15,5.26,LOW
PRJ-1217,Healthcare Facility Project - Chennai #217,Ministry of Water Resources,Healthcare Facility,Chennai,3266.25,731.06,1605,640,26.19,20,5,2,13,5.83,MEDIUM
PRJ-1218,Transportation Project - Patna #218,Ministry of Health & Family Welfare,Transportation,Patna,822.6,416.99,385,213,43.75,11,4,1,6,3.49,MEDIUM
PRJ-1219,Transportation Project - Ahmedabad #219,Ministry of Health & Family Welfare,Transportation,Ahmedabad,2288.6,937.52,1154,721,45.53,23,10,3,10,5.22,MEDIUM
PRJ-1220,Infrastructure Project - Patna #220,Ministry of Water Resources,Infrastructure,Patna,2013.73,1958.92,1275,1163,79.4,7,5,0,2,1.38,MEDIUM
PRJ-1221,Transportation Project - Delhi NCR #221,Ministry of Water Resources,Transportation,Delhi NCR,3490.13,3117.23,993,959,100.0,23,23,0,0,0.02,LOW
PRJ-1222,Healthcare Facility Project - Mumbai #222,Ministry of Health & Family Welfare,Healthcare Facility,Mumbai,3250.31,664.81,866,357,15.8,39,6,11,22,10.0,HIGH
PRJ-1223,Water & Sanitation Project - Jaipur #223,Ministry of Railways,Water & Sanitation,Jaipur,1643.39,1586.43,574,568,100.0,34,34,0,0,1.44,LOW
PRJ-1224,Digital Governance Project - Kolkata #224,Ministry of Road Transport & Highways,Digital Governance,Kolkata,2769.78,933.48,1342,1129,37.59,30,11,11,8,8.55,HIGH
PRJ-1225,Urban Infrastructure Project - Patna #225,Ministry of Road Transport & Highways,Urban Infrastructure,Patna,342.89,198.29,467,291,45.61,5,2,0,3,3.19,MEDIUM
PRJ-1226,Energy & Power Project - Kolkata #226,Ministry of Water Resources,Energy & Power,Kolkata,1063.79,811.33,1660,1212,81.94,28,22,0,6,1.03,LOW
PRJ-1227,Urban Infrastructure Project - Chennai #227,Ministry of Road Transport & Highways,Urban Infrastructure,Chennai,567.41,399.95,1585,1034,56.5,24,13,2,9,4.25,LOW
PRJ-1228,Energy & Power Project - Lucknow #228,Ministry of Power,Energy & Power,Lucknow,780.76,290.97,453,283,36.27,28,10,6,12,6.68,HIGH
PRJ-1229,Water & Sanitation Project - Jaipur #229,Ministry of Urban Development,Water & Sanitation,Jaipur,2808.96,2015.78,627,588,62.94,10,6,1,3,3.31,HIGH
PRJ-1230,Infrastructure Project - Lucknow #230,Ministry of Power,Infrastructure,Lucknow,401.61,361.88,1301,1422,100.0,39,39,0,0,0.66,LOW
PRJ-1231,Urban Infrastructure Project - Mumbai #231,Ministry of Health & Family Welfare,Urban Infrastructure,Mumbai,2384.23,996.81,1648,1221,49.45,37,18,6,13,5.04,MEDIUM
PRJ-1232,Healthcare Facility Project - Ahmedabad #232,Ministry of Railways,Healthcare Facility,Ahmedabad,1604.23,1172.57,298,212,64.32,24,15,1,8,2.98,LOW
PRJ-1233,Infrastructure Project - Guwahati #233,Ministry of Water Resources,Infrastructure,Guwahati,770.48,96.11,329,49,12.83,9,1,1,7,4.88,LOW
PRJ-1234,Urban Infrastructure Project - Delhi NCR #234,Ministry of Road Transport & Highways,Urban Infrastructure,Delhi NCR,1011.95,777.48,548,518,64.95,31,20,4,7,5.14,HIGH
PRJ-1235,Water & Sanitation Project - Ahmedabad #235,Ministry of Urban Development,Water & Sanitation,Ahmedabad,1321.0,1585.2,1578,1831,100.0,13,13,0,0,0.7,LOW
PRJ-1236,Healthcare Facility Project - Ahmedabad #236,Ministry of Railways,Healthcare Facility,Ahmedabad,1855.66,2226.79,1670,1964,100.0,6,6,0,0,0.93,LOW
PRJ-1237,Healthcare Facility Project - Ahmedabad #237,Ministry of Electronics & IT,Healthcare Facility,Ahmedabad,1866.45,231.38,650,241,12.74,22,2,5,15,8.11,MEDIUM
PRJ-1238,Infrastructure Project - Delhi NCR #238,Ministry of Water Resources,Infrastructure,Delhi NCR,2835.08,2500.12,1038,805,69.54,6,4,0,2,1.66,LOW
PRJ-1239,Infrastructure Project - Pune #239,Ministry of Health & Family Welfare,Infrastructure,Pune,2096.27,1323.69,1620,1716,68.46,7,4,1,2,2.45,HIGH
PRJ-1240,Water & Sanitation Project - Delhi NCR #240,Ministry of Railways,Water & Sanitation,Delhi NCR,499.07,238.68,772,276,38.01,25,9,1,15,5.04,LOW
PRJ-1241,Energy & Power Project - Hyderabad #241,Ministry of Water Resources,Energy & Power,Hyderabad,1063.16,735.09,473,560,65.19,31,20,4,7,3.46,HIGH
PRJ-1242,Digital Governance Project - Bengaluru #242,Ministry of Health & Family Welfare,Digital Governance,Bengaluru,2194.72,1054.7,1054,749,58.36,27,15,3,9,4.62,MEDIUM
PRJ-1243,Healthcare Facility Project - Kolkata #243,Ministry of Water Resources,Healthcare Facility,Kolkata,2440.12,620.94,1016,268,25.75,39,10,2,27,6.21,MEDIUM
PRJ-1244,Water & Sanitation Project - Guwahati #244,Ministry of Power,Water & Sanitation,Guwahati,513.79,555.51,1128,1247,100.0,31,31,0,0,0.27,LOW
PRJ-1245,Energy & Power Project - Hyderabad #245,Ministry of Railways,Energy & Power,Hyderabad,1162.62,782.26,341,380,54.99,10,5,2,3,4.71,HIGH
PRJ-1246,Energy & Power Project - Ahmedabad #246,Ministry of Road Transport & Highways,Energy & Power,Ahmedabad,2361.12,216.24,1414,202,10.95,40,4,2,34,5.67,MEDIUM
PRJ-1247,Energy & Power Project - Delhi NCR #247,Ministry of Power,Energy & Power,Delhi NCR,749.21,470.46,569,659,73.13,35,25,4,6,4.33,HIGH
PRJ-1248,Transportation Project - Ahmedabad #248,Ministry of Electronics & IT,Transportation,Ahmedabad,3203.79,939.33,1310,594,31.14,34,10,5,19,6.16,MEDIUM
PRJ-1249,Energy & Power Project - Jaipur #249,Ministry of Power,Energy & Power,Jaipur,3091.01,1071.96,1134,236,26.87,35,9,2,24,5.1,LOW
PRJ-1250,Energy & Power Project - Kolkata #250,Ministry of Railways,Energy & Power,Kolkata,1454.62,1619.72,1332,1399,95.12,6,5,0,1,2.11,LOW
PRJ-1251,Digital Governance Project - Ahmedabad #251,Ministry of Health & Family Welfare,Digital Governance,Ahmedabad,1040.22,254.04,581,268,24.67,20,4,5,11,7.08,MEDIUM
PRJ-1252,Energy & Power Project - Chennai #252,Ministry of Electronics & IT,Energy & Power,Chennai,2674.13,2997.29,1180,1372,100.0,36,36,0,0,1.47,LOW
PRJ-1253,Transportation Project - Bengaluru #253,Ministry of Power,Transportation,Bengaluru,2523.89,1232.07,1180,356,39.22,8,3,0,5,4.72,LOW
PRJ-1254,Water & Sanitation Project - Patna #254,Ministry of Road Transport & Highways,Water & Sanitation,Patna,179.32,133.28,193,106,60.86,19,11,0,8,2.26,LOW
PRJ-1255,Healthcare Facility Project - Pune #255,Ministry of Railways,Healthcare Facility,Pune,1312.47,626.56,1445,1158,37.68,35,13,12,10,7.95,HIGH
PRJ-1256,Healthcare Facility Project - Ahmedabad #256,Ministry of Health & Family Welfare,Healthcare Facility,Ahmedabad,51.36,35.74,1264,1130,65.17,23,14,2,7,4.17,MEDIUM
PRJ-1257,Urban Infrastructure Project - Bengaluru #257,Ministry of Electronics & IT,Urban Infrastructure,Bengaluru,383.49,278.58,377,255,78.92,38,29,0,9,1.76,LOW
PRJ-1258,Urban Infrastructure Project - Mumbai #258,Ministry of Water Resources,Urban Infrastructure,Mumbai,1311.95,491.86,1011,611,40.68,19,7,3,9,5.82,MEDIUM
PRJ-1259,Digital Governance Project - Patna #259,Ministry of Road Transport & Highways,Digital Governance,Patna,2660.95,1376.32,371,202,52.32,35,18,0,17,2.4,LOW
PRJ-1260,Infrastructure Project - Pune #260,Ministry of Railways,Infrastructure,Pune,2960.2,3205.68,1500,1444,100.0,11,11,0,0,1.84,LOW
PRJ-1261,Transportation Project - Guwahati #261,Ministry of Railways,Transportation,Guwahati,3107.56,965.2,1153,459,24.61,22,5,5,12,6.9,MEDIUM
PRJ-1262,Transportation Project - Kolkata #262,Ministry of Road Transport & Highways,Transportation,Kolkata,64.65,47.31,604,450,62.22,30,18,3,9,3.69,MEDIUM
PRJ-1263,Transportation Project - Lucknow #263,Ministry of Health & Family Welfare,Transportation,Lucknow,2922.93,264.03,976,824,8.44,29,2,24,3,10.0,HIGH
PRJ-1264,Digital Governance Project - Mumbai #264,Ministry of Electronics & IT,Digital Governance,Mumbai,1757.77,168.83,888,141,9.43,9,0,1,8,6.47,MEDIUM
PRJ-1265,Urban Infrastructure Project - Kolkata #265,Ministry of Health & Family Welfare,Urban Infrastructure,Kolkata,113.39,87.89,739,710,75.6,19,14,1,4,3.5,MEDIUM
PRJ-1266,Transportation Project - Patna #266,Ministry of Urban Development,Transportation,Patna,2054.7,238.19,958,186,10.45,20,2,4,14,6.24,MEDIUM
PRJ-1267,Urban Infrastructure Project - Guwahati #267,Ministry of Railways,Urban Infrastructure,Guwahati,2745.78,2631.39,495,452,100.0,11,11,0,0,1.89,LOW
PRJ-1268,Energy & Power Project - Chennai #268,Ministry of Urban Development,Energy & Power,Chennai,366.79,56.32,358,109,14.99,40,5,8,27,7.66,MEDIUM
PRJ-1269,Energy & Power Project - Jaipur #269,Ministry of Road Transport & Highways,Energy & Power,Jaipur,334.79,293.68,1404,1351,71.21,5,3,0,2,2.22,HIGH
PRJ-1270,Digital Governance Project - Jaipur #270,Ministry of Road Transport & Highways,Digital Governance,Jaipur,3169.17,1802.45,677,493,64.28,29,18,1,10,2.72,LOW
PRJ-1271,Urban Infrastructure Project - Bengaluru #271,Ministry of Power,Urban Infrastructure,Bengaluru,230.8,106.88,1070,431,48.75,9,4,0,5,4.45,LOW
PRJ-1272,Digital Governance Project - Pune #272,Ministry of Electronics & IT,Digital Governance,Pune,2082.38,535.41,580,350,29.63,5,1,1,3,4.58,HIGH
PRJ-1273,Urban Infrastructure Project - Kolkata #273,Ministry of Health & Family Welfare,Urban Infrastructure,Kolkata,1546.38,1855.66,1061,1057,100.0,13,13,0,0,1.21,LOW
PRJ-1274,Transportation Project - Pune #274,Ministry of Electronics & IT,Transportation,Pune,1106.5,892.2,995,1159,85.26,36,30,2,4,3.1,MEDIUM
PRJ-1275,Urban Infrastructure Project - Chennai #275,Ministry of Power,Urban Infrastructure,Chennai,2859.57,1096.59,984,493,30.29,17,5,3,9,5.78,MEDIUM
PRJ-1276,Water & Sanitation Project - Jaipur #276,Ministry of Electronics & IT,Water & Sanitation,Jaipur,103.94,70.37,1669,1014,58.66,33,19,2,12,4.53,LOW
PRJ-1277,Water & Sanitation Project - Ahmedabad #277,Ministry of Road Transport & Highways,Water & Sanitation,Ahmedabad,2358.69,1555.21,465,370,71.59,14,10,0,4,3.0,LOW
PRJ-1278,Urban Infrastructure Project - Lucknow #278,Ministry of Road Transport & Highways,Urban Infrastructure,Lucknow,1682.53,1020.92,1000,687,48.09,31,14,5,12,6.18,MEDIUM
PRJ-1279,Digital Governance Project - Jaipur #279,Ministry of Power,Digital Governance,Jaipur,2082.43,363.14,354,77,18.87,27,5,1,21,5.68,MEDIUM
PRJ-1280,Digital Governance Project - Patna #280,Ministry of Health & Family Welfare,Digital Governance,Patna,2267.14,950.43,1721,799,34.99,11,3,0,8,3.77,MEDIUM
PRJ-1281,Digital Governance Project - Jaipur #281,Ministry of Health & Family Welfare,Digital Governance,Jaipur,1957.4,1288.02,1588,1163,64.33,30,19,1,10,3.54,LOW
PRJ-1282,Healthcare Facility Project - Bengaluru #282,Ministry of Electronics & IT,Healthcare Facility,Bengaluru,1213.94,736.53,230,145,64.02,10,6,0,4,3.68,LOW
PRJ-1283,Energy & Power Project - Chennai #283,Ministry of Railways,Energy & Power,Chennai,1207.3,513.38,1786,585,40.83,35,14,0,21,4.4,LOW
PRJ-1284,Energy & Power Project - Mumbai #284,Ministry of Urban Development,Energy & Power,Mumbai,1057.92,158.44,1635,370,12.23,11,1,2,8,5.52,MEDIUM
PRJ-1285,Transportation Project - Jaipur #285,Ministry of Electronics & IT,Transportation,Jaipur,618.84,377.83,507,235,60.26,34,20,0,14,2.8,LOW
PRJ-1286,Transportation Project - Patna #286,Ministry of Railways,Transportation,Patna,2304.0,121.16,990,130,4.75,17,0,2,15,6.42,MEDIUM
PRJ-1287,Digital Governance Project - Hyderabad #287,Ministry of Road Transport & Highways,Digital Governance,Hyderabad,728.19,619.04,1720,1503,70.96,11,7,1,3,2.93,MEDIUM
PRJ-1288,Energy & Power Project - Hyderabad #288,Ministry of Power,Energy & Power,Hyderabad,1606.85,1400.74,717,600,83.44,25,20,0,5,2.05,LOW
PRJ-1289,Infrastructure Project - Kolkata #289,Ministry of Health & Family Welfare,Infrastructure,Kolkata,1238.43,1071.35,1117,870,71.68,24,17,1,6,3.0,LOW
PRJ-1290,Transportation Project - Kolkata #290,Ministry of Electronics & IT,Transportation,Kolkata,421.34,65.97,805,184,15.87,14,2,2,10,5.84,MEDIUM
PRJ-1291,Healthcare Facility Project - Ahmedabad #291,Ministry of Railways,Healthcare Facility,Ahmedabad,1486.41,1086.1,1176,939,63.72,16,10,1,5,3.19,MEDIUM
PRJ-1292,Transportation Project - Kolkata #292,Ministry of Railways,Transportation,Kolkata,2948.53,333.29,1448,230,11.54,5,0,0,5,4.81,LOW
PRJ-1293,Healthcare Facility Project - Jaipur #293,Ministry of Urban Development,Healthcare Facility,Jaipur,2289.21,1381.95,1017,867,59.9,33,19,4,10,3.77,HIGH
PRJ-1294,Water & Sanitation Project - Hyderabad #294,Ministry of Road Transport & Highways,Water & Sanitation,Hyderabad,1029.39,357.73,742,257,36.8,34,12,2,20,5.51,MEDIUM
PRJ-1295,Healthcare Facility Project - Jaipur #295,Ministry of Urban Development,Healthcare Facility,Jaipur,405.11,160.92,413,163,37.07,28,10,2,16,5.46,LOW
PRJ-1296,Digital Governance Project - Pune #296,Ministry of Water Resources,Digital Governance,Pune,1916.77,334.67,1050,223,14.37,20,2,2,16,7.08,MEDIUM
PRJ-1297,Energy & Power Project - Kolkata #297,Ministry of Urban Development,Energy & Power,Kolkata,3019.08,2445.34,358,208,62.45,20,12,0,8,3.35,LOW
PRJ-1298,Energy & Power Project - Guwahati #298,Ministry of Electronics & IT,Energy & Power,Guwahati,2139.81,486.6,1056,298,26.15,18,4,2,12,6.1,MEDIUM
PRJ-1299,Energy & Power Project - Jaipur #299,Ministry of Health & Family Welfare,Energy & Power,Jaipur,990.99,382.85,1283,365,29.96,23,6,0,17,4.04,LOW
PRJ-1300,Healthcare Facility Project - Patna #300,Ministry of Water Resources,Healthcare Facility,Patna,2854.98,3405.55,457,529,100.0,8,8,0,0,1.73,LOW
PRJ-1301,Digital Governance Project - Bengaluru #301,Ministry of Railways,Digital Governance,Bengaluru,881.37,237.66,1636,743,29.19,30,8,5,17,6.7,MEDIUM
PRJ-1302,Digital Governance Project - Ahmedabad #302,Ministry of Power,Digital Governance,Ahmedabad,1319.35,925.04,334,266,56.54,10,5,1,4,4.07,MEDIUM
PRJ-1303,Energy & Power Project - Pune #303,Ministry of Electronics & IT,Energy & Power,Pune,3326.39,3150.33,850,629,76.72,10,7,0,3,2.08,LOW
PRJ-1304,Digital Governance Project - Kolkata #304,Ministry of Electronics & IT,Digital Governance,Kolkata,2976.87,2057.65,1274,684,53.83,18,9,0,9,2.95,LOW
PRJ-1305,Energy & Power Project - Jaipur #305,Ministry of Power,Energy & Power,Jaipur,2026.99,2044.87,1339,1389,84.48,8,6,0,2,2.03,MEDIUM
PRJ-1306,Urban Infrastructure Project - Delhi NCR #306,Ministry of Water Resources,Urban Infrastructure,Delhi NCR,443.59,182.48,503,294,51.4,32,16,1,15,4.21,LOW
PRJ-1307,Digital Governance Project - Chennai #307,Ministry of Railways,Digital Governance,Chennai,564.83,131.05,741,150,23.67,10,2,0,8,5.62,MEDIUM
PRJ-1308,Infrastructure Project - Ahmedabad #308,Ministry of Railways,Infrastructure,Ahmedabad,2193.36,1227.4,1666,1448,61.02,10,6,1,3,2.35,HIGH
PRJ-1309,Infrastructure Project - Bengaluru #309,Ministry of Urban Development,Infrastructure,Bengaluru,2081.94,1401.66,1243,1054,83.67,26,21,0,5,2.79,LOW
PRJ-1310,Digital Governance Project - Bengaluru #310,Ministry of Urban Development,Digital Governance,Bengaluru,1677.17,812.7,648,337,41.58,11,4,0,7,3.66,MEDIUM
PRJ-1311,Transportation Project - Ahmedabad #311,Ministry of Power,Transportation,Ahmedabad,2709.38,2415.95,1722,1828,79.56,14,11,0,3,2.15,HIGH
PRJ-1312,Digital Governance Project - Bengaluru #312,Ministry of Health & Family Welfare,Digital Governance,Bengaluru,1545.95,681.77,1659,554,37.56,31,11,1,19,4.41,LOW
PRJ-1313,Infrastructure Project - Mumbai #313,Ministry of Railways,Infrastructure,Mumbai,498.65,390.69,432,323,78.98,32,25,0,7,1.33,LOW
PRJ-1314,Digital Governance Project - Mumbai #314,Ministry of Power,Digital Governance,Mumbai,876.1,773.73,1410,1071,80.01,6,4,0,2,2.32,LOW
PRJ-1315,Transportation Project - Jaipur #315,Ministry of Power,Transportation,Jaipur,2128.17,2017.02,566,522,100.0,8,8,0,0,1.59,LOW
PRJ-1316,Urban Infrastructure Project - Ahmedabad #316,Ministry of Railways,Urban Infrastructure,Ahmedabad,403.48,231.02,1203,964,68.53,5,3,0,2,3.44,MEDIUM
PRJ-1317,Urban Infrastructure Project - Lucknow #317,Ministry of Railways,Urban Infrastructure,Lucknow,1478.81,1516.41,1298,1104,86.8,9,7,0,2,0.8,LOW
PRJ-1318,Transportation Project - Delhi NCR #318,Ministry of Power,Transportation,Delhi NCR,3229.8,1264.29,1796,965,41.5,37,15,6,16,6.17,MEDIUM
PRJ-1319,Infrastructure Project - Patna #319,Ministry of Urban Development,Infrastructure,Patna,1882.61,395.24,1441,386,24.94,10,2,0,8,4.16,LOW
PRJ-1320,Transportation Project - Jaipur #320,Ministry of Water Resources,Transportation,Jaipur,1150.36,912.57,1381,1101,65.17,9,5,0,4,2.62,MEDIUM
PRJ-1321,Transportation Project - Delhi NCR #321,Ministry of Water Resources,Transportation,Delhi NCR,863.23,189.73,1069,243,19.87,8,1,0,7,5.49,LOW
PRJ-1322,Transportation Project - Mumbai #322,Ministry of Electronics & IT,Transportation,Mumbai,54.2,41.53,461,401,86.88,27,23,0,4,2.22,LOW
PRJ-1323,Energy & Power Project - Bengaluru #323,Ministry of Electronics & IT,Energy & Power,Bengaluru,1307.82,756.54,1715,1645,61.91,12,7,2,3,2.76,HIGH
PRJ-1324,Urban Infrastructure Project - Chennai #324,Ministry of Water Resources,Urban Infrastructure,Chennai,1838.25,2000.61,718,634,100.0,9,9,0,0,1.02,LOW
PRJ-1325,Urban Infrastructure Project - Lucknow #325,Ministry of Road Transport & Highways,Urban Infrastructure,Lucknow,592.42,114.86,502,191,22.77,12,2,1,9,5.28,MEDIUM
PRJ-1326,Water & Sanitation Project - Delhi NCR #326,Ministry of Road Transport & Highways,Water & Sanitation,Delhi NCR,863.48,297.26,1146,573,27.32,16,4,4,8,6.95,MEDIUM
PRJ-1327,Water & Sanitation Project - Guwahati #327,Ministry of Health & Family Welfare,Water & Sanitation,Guwahati,2594.92,947.71,1038,360,39.52,25,9,0,16,3.18,LOW
PRJ-1328,Infrastructure Project - Jaipur #328,Ministry of Power,Infrastructure,Jaipur,2359.91,880.61,287,85,31.04,7,2,0,5,3.59,LOW
PRJ-1329,Water & Sanitation Project - Chennai #329,Ministry of Urban Development,Water & Sanitation,Chennai,2709.61,1348.54,816,375,46.23,5,2,0,3,3.27,LOW
PRJ-1330,Energy & Power Project - Guwahati #330,Ministry of Water Resources,Energy & Power,Guwahati,2183.28,1426.23,1130,570,50.8,17,8,1,8,3.95,LOW
PRJ-1331,Transportation Project - Bengaluru #331,Ministry of Water Resources,Transportation,Bengaluru,32.26,3.68,1019,128,10.64,5,0,1,4,4.87,MEDIUM
PRJ-1332,Urban Infrastructure Project - Guwahati #332,Ministry of Electronics & IT,Urban Infrastructure,Guwahati,2547.98,667.06,392,127,20.27,31,6,5,20,6.11,MEDIUM
PRJ-1333,Digital Governance Project - Chennai #333,Ministry of Railways,Digital Governance,Chennai,334.66,308.23,654,710,86.9,28,24,0,4,2.15,MEDIUM
PRJ-1334,Infrastructure Project - Jaipur #334,Ministry of Health & Family Welfare,Infrastructure,Jaipur,475.96,63.71,987,179,12.35,32,3,5,24,6.64,MEDIUM
PRJ-1335,Energy & Power Project - Kolkata #335,Ministry of Power,Energy & Power,Kolkata,3241.89,3601.88,984,856,95.15,25,23,0,2,0.71,LOW
PRJ-1336,Transportation Project - Lucknow #336,Ministry of Railways,Transportation,Lucknow,390.32,91.93,396,111,22.8,31,7,1,23,4.98,LOW
PRJ-1337,Transportation Project - Pune #337,Ministry of Water Resources,Transportation,Pune,1085.99,590.75,722,749,64.36,24,15,4,5,4.78,HIGH
PRJ-1338,Transportation Project - Kolkata #338,Ministry of Road Transport & Highways,Transportation,Kolkata,527.65,148.08,1636,610,28.7,37,10,2,25,4.96,LOW
PRJ-1339,Transportation Project - Delhi NCR #339,Ministry of Water Resources,Transportation,Delhi NCR,3332.82,2427.11,1106,786,67.74,11,7,0,4,3.22,LOW
PRJ-1340,Infrastructure Project - Delhi NCR #340,Ministry of Railways,Infrastructure,Delhi NCR,225.23,138.21,1779,2100,70.91,30,21,3,6,3.92,HIGH
PRJ-1341,Infrastructure Project - Lucknow #341,Ministry of Electronics & IT,Infrastructure,Lucknow,2055.55,135.66,333,41,7.93,33,2,6,25,7.19,MEDIUM
PRJ-1342,Water & Sanitation Project - Kolkata #342,Ministry of Water Resources,Water & Sanitation,Kolkata,437.62,78.32,1124,175,14.18,32,4,4,24,6.68,MEDIUM
PRJ-1343,Urban Infrastructure Project - Patna #343,Ministry of Road Transport & Highways,Urban Infrastructure,Patna,1499.06,409.09,904,303,30.54,22,6,1,15,4.17,LOW
PRJ-1344,Healthcare Facility Project - Lucknow #344,Ministry of Health & Family Welfare,Healthcare Facility,Lucknow,867.79,504.81,784,508,46.86,35,16,3,16,4.42,MEDIUM
PRJ-1345,Urban Infrastructure Project - Hyderabad #345,Ministry of Railways,Urban Infrastructure,Hyderabad,2252.86,798.89,1256,469,27.34,39,10,7,22,8.41,MEDIUM
PRJ-1346,Digital Governance Project - Kolkata #346,Ministry of Water Resources,Digital Governance,Kolkata,1684.1,1216.37,1780,1127,57.49,37,21,1,15,3.07,LOW
PRJ-1347,Energy & Power Project - Lucknow #347,Ministry of Road Transport & Highways,Energy & Power,Lucknow,774.38,185.96,1774,725,19.94,35,6,9,20,9.14,MEDIUM
PRJ-1348,Transportation Project - Mumbai #348,Ministry of Railways,Transportation,Mumbai,875.02,206.57,673,264,19.54,8,1,2,5,6.72,MEDIUM
PRJ-1349,Water & Sanitation Project - Ahmedabad #349,Ministry of Health & Family Welfare,Water & Sanitation,Ahmedabad,1248.27,269.17,535,157,19.67,27,5,6,16,6.47,MEDIUM
PRJ-1350,Energy & Power Project - Lucknow #350,Ministry of Electronics & IT,Energy & Power,Lucknow,1976.99,1918.74,1333,1523,79.66,36,28,2,6,2.17,HIGH
PRJ-1351,Infrastructure Project - Delhi NCR #351,Ministry of Road Transport & Highways,Infrastructure,Delhi NCR,821.86,95.89,628,76,11.23,26,2,4,20,6.44,MEDIUM
PRJ-1352,Energy & Power Project - Guwahati #352,Ministry of Railways,Energy & Power,Guwahati,629.33,110.65,842,139,20.12,14,2,1,11,6.09,MEDIUM
PRJ-1353,Energy & Power Project - Mumbai #353,Ministry of Water Resources,Energy & Power,Mumbai,1313.83,635.71,1536,821,56.89,24,13,0,11,4.11,LOW
PRJ-1354,Urban Infrastructure Project - Patna #354,Ministry of Electronics & IT,Urban Infrastructure,Patna,3362.71,1409.7,1509,677,36.34,40,14,5,21,7.04,MEDIUM
PRJ-1355,Energy & Power Project - Hyderabad #355,Ministry of Water Resources,Energy & Power,Hyderabad,2332.71,1186.91,539,278,43.6,23,10,1,12,4.68,LOW
PRJ-1356,Healthcare Facility Project - Ahmedabad #356,Ministry of Electronics & IT,Healthcare Facility,Ahmedabad,2979.14,1457.47,1758,2042,59.94,25,14,6,5,6.34,HIGH
PRJ-1357,Digital Governance Project - Lucknow #357,Ministry of Railways,Digital Governance,Lucknow,373.34,94.08,1196,304,21.49,20,4,1,15,4.96,LOW
PRJ-1358,Infrastructure Project - Guwahati #358,Ministry of Electronics & IT,Infrastructure,Guwahati,2348.39,1869.16,1673,1799,77.78,21,16,1,4,2.9,HIGH
PRJ-1359,Energy & Power Project - Mumbai #359,Ministry of Power,Energy & Power,Mumbai,2524.24,1429.02,278,145,48.54,15,7,1,7,3.96,LOW
PRJ-1360,Energy & Power Project - Jaipur #360,Ministry of Urban Development,Energy & Power,Jaipur,1319.96,894.25,1161,1123,62.21,19,11,3,5,3.24,HIGH
PRJ-1361,Infrastructure Project - Chennai #361,Ministry of Water Resources,Infrastructure,Chennai,80.07,65.67,714,818,97.98,15,14,0,1,0.42,LOW
PRJ-1362,Healthcare Facility Project - Mumbai #362,Ministry of Road Transport & Highways,Healthcare Facility,Mumbai,1189.45,1370.55,1436,1554,100.0,32,32,0,0,0.33,LOW
PRJ-1363,Transportation Project - Delhi NCR #363,Ministry of Urban Development,Transportation,Delhi NCR,363.39,300.38,600,703,82.28,40,32,2,6,3.15,MEDIUM
PRJ-1364,Digital Governance Project - Chennai #364,Ministry of Power,Digital Governance,Chennai,1047.93,166.82,376,58,14.66,36,5,1,30,5.39,LOW
PRJ-1365,Infrastructure Project - Chennai #365,Ministry of Urban Development,Infrastructure,Chennai,2885.4,2016.62,1460,1109,77.67,6,4,0,2,2.39,LOW
PRJ-1366,Urban Infrastructure Project - Mumbai #366,Ministry of Road Transport & Highways,Urban Infrastructure,Mumbai,1086.15,627.46,994,614,46.31,21,9,2,10,4.57,MEDIUM
PRJ-1367,Energy & Power Project - Ahmedabad #367,Ministry of Railways,Energy & Power,Ahmedabad,1299.21,178.08,1092,162,13.44,21,2,1,18,5.27,LOW
PRJ-1368,Transportation Project - Guwahati #368,Ministry of Road Transport & Highways,Transportation,Guwahati,2339.46,2003.96,355,296,71.14,31,22,2,7,3.42,MEDIUM
PRJ-1369,Infrastructure Project - Ahmedabad #369,Ministry of Health & Family Welfare,Infrastructure,Ahmedabad,2866.23,2865.96,1037,1205,87.44,35,30,1,4,1.5,MEDIUM
PRJ-1370,Infrastructure Project - Ahmedabad #370,Ministry of Power,Infrastructure,Ahmedabad,3160.69,310.19,1642,226,9.04,38,3,7,28,8.7,MEDIUM
PRJ-1371,Transportation Project - Mumbai #371,Ministry of Health & Family Welfare,Transportation,Mumbai,3322.9,1063.57,1099,318,24.77,18,4,2,12,4.81,LOW
PRJ-1372,Infrastructure Project - Patna #372,Ministry of Urban Development,Infrastructure,Patna,1529.52,429.07,1464,384,25.56,25,6,3,16,6.75,MEDIUM
PRJ-1373,Infrastructure Project - Ahmedabad #373,Ministry of Road Transport & Highways,Infrastructure,Ahmedabad,1951.71,1017.06,1310,600,55.55,34,18,1,15,2.65,LOW
PRJ-1374,Healthcare Facility Project - Lucknow #374,Ministry of Electronics & IT,Healthcare Facility,Lucknow,1833.74,390.3,1039,232,24.33,11,2,1,8,5.31,LOW
PRJ-1375,Water & Sanitation Project - Chennai #375,Ministry of Road Transport & Highways,Water & Sanitation,Chennai,3037.49,2831.15,884,942,100.0,36,36,0,0,0.95,LOW
PRJ-1376,Energy & Power Project - Ahmedabad #376,Ministry of Railways,Energy & Power,Ahmedabad,512.05,286.23,1426,1210,55.85,30,16,6,8,5.27,HIGH
PRJ-1377,Infrastructure Project - Guwahati #377,Ministry of Railways,Infrastructure,Guwahati,1668.51,1351.69,730,793,100.0,24,24,0,0,1.69,LOW
PRJ-1378,Digital Governance Project - Patna #378,Ministry of Water Resources,Digital Governance,Patna,352.78,100.76,646,160,22.19,33,7,4,22,6.13,MEDIUM
PRJ-1379,Urban Infrastructure Project - Lucknow #379,Ministry of Electronics & IT,Urban Infrastructure,Lucknow,2262.99,2163.1,564,330,76.06,31,23,0,8,2.72,LOW
PRJ-1380,Energy & Power Project - Delhi NCR #380,Ministry of Water Resources,Energy & Power,Delhi NCR,1808.29,230.33,505,86,11.03,30,3,2,25,6.95,MEDIUM
PRJ-1381,Infrastructure Project - Bengaluru #381,Ministry of Health & Family Welfare,Infrastructure,Bengaluru,682.74,404.13,591,603,64.01,34,21,4,9,4.12,HIGH
PRJ-1382,Energy & Power Project - Kolkata #382,Ministry of Railways,Energy & Power,Kolkata,2884.04,1366.19,1214,651,37.55,6,2,0,4,4.1,MEDIUM
PRJ-1383,Transportation Project - Pune #383,Ministry of Urban Development,Transportation,Pune,2058.21,382.31,896,428,15.24,21,3,8,10,8.82,HIGH
PRJ-1384,Infrastructure Project - Ahmedabad #384,Ministry of Power,Infrastructure,Ahmedabad,183.28,114.42,1351,1294,68.82,19,13,2,4,3.71,HIGH
PRJ-1385,Digital Governance Project - Ahmedabad #385,Ministry of Power,Digital Governance,Ahmedabad,1801.35,1357.05,1778,2069,66.02,35,23,6,6,5.39,HIGH
PRJ-1386,Water & Sanitation Project - Delhi NCR #386,Ministry of Health & Family Welfare,Water & Sanitation,Delhi NCR,790.96,659.0,1425,1404,87.45,22,19,0,3,1.38,MEDIUM
PRJ-1387,Urban Infrastructure Project - Chennai #387,Ministry of Power,Urban Infrastructure,Chennai,771.55,738.93,798,674,79.01,30,23,1,6,1.46,LOW
PRJ-1388,Water & Sanitation Project - Kolkata #388,Ministry of Electronics & IT,Water & Sanitation,Kolkata,1969.49,1869.51,1396,1074,100.0,11,11,0,0,0.67,LOW
PRJ-1389,Digital Governance Project - Kolkata #389,Ministry of Power,Digital Governance,Kolkata,3016.61,3436.04,714,586,89.26,24,21,0,3,1.57,LOW
PRJ-1390,Infrastructure Project - Lucknow #390,Ministry of Railways,Infrastructure,Lucknow,1420.3,986.27,834,707,59.83,36,21,6,9,4.93,MEDIUM
PRJ-1391,Urban Infrastructure Project - Ahmedabad #391,Ministry of Urban Development,Urban Infrastructure,Ahmedabad,2581.2,1540.1,1374,1207,54.94,17,9,3,5,4.88,HIGH
PRJ-1392,Healthcare Facility Project - Patna #392,Ministry of Electronics & IT,Healthcare Facility,Patna,2749.29,1255.11,1555,768,48.05,15,7,1,7,4.75,LOW
PRJ-1393,Energy & Power Project - Mumbai #393,Ministry of Railways,Energy & Power,Mumbai,1653.03,397.71,1697,652,19.98,16,3,4,9,7.4,MEDIUM
PRJ-1394,Infrastructure Project - Hyderabad #394,Ministry of Electronics & IT,Infrastructure,Hyderabad,1249.94,1262.73,1704,1803,100.0,26,26,0,0,1.17,LOW
PRJ-1395,Water & Sanitation Project - Mumbai #395,Ministry of Urban Development,Water & Sanitation,Mumbai,1652.17,1784.86,1479,1097,84.92,9,7,0,2,1.14,LOW
PRJ-1396,Water & Sanitation Project - Patna #396,Ministry of Road Transport & Highways,Water & Sanitation,Patna,1342.03,672.64,791,438,40.57,14,5,1,8,3.77,MEDIUM
PRJ-1397,Healthcare Facility Project - Pune #397,Ministry of Urban Development,Healthcare Facility,Pune,509.85,53.82,1645,490,12.56,26,3,6,17,7.13,MEDIUM
PRJ-1398,Infrastructure Project - Delhi NCR #398,Ministry of Electronics & IT,Infrastructure,Delhi NCR,1587.67,1403.98,608,569,100.0,15,15,0,0,1.53,LOW
PRJ-1399,Transportation Project - Lucknow #399,Ministry of Road Transport & Highways,Transportation,Lucknow,1523.65,871.63,1059,575,44.6,29,12,1,16,4.24,LOW
PRJ-1400,Energy & Power Project - Delhi NCR #400,Ministry of Electronics & IT,Energy & Power,Delhi NCR,3123.1,2796.08,1730,1758,100.0,5,5,0,0,0.5,LOW
PRJ-1401,Energy & Power Project - Chennai #401,Ministry of Electronics & IT,Energy & Power,Chennai,459.97,129.19,965,630,29.47,9,2,3,4,5.32,HIGH
PRJ-1402,Urban Infrastructure Project - Guwahati #402,Ministry of Power,Urban Infrastructure,Guwahati,1825.81,748.84,1253,590,32.97,13,4,1,8,5.55,MEDIUM
PRJ-1403,Water & Sanitation Project - Hyderabad #403,Ministry of Power,Water & Sanitation,Hyderabad,585.44,54.68,1006,121,10.24,13,1,0,12,4.53,LOW
PRJ-1404,Transportation Project - Mumbai #404,Ministry of Health & Family Welfare,Transportation,Mumbai,1289.4,1065.46,1512,1468,83.67,21,17,1,3,2.46,MEDIUM
PRJ-1405,Infrastructure Project - Patna #405,Ministry of Health & Family Welfare,Infrastructure,Patna,387.32,36.75,220,33,11.06,33,3,3,27,6.74,MEDIUM
PRJ-1406,Digital Governance Project - Bengaluru #406,Ministry of Urban Development,Digital Governance,Bengaluru,727.18,551.25,1584,1256,79.75,11,8,0,3,1.55,LOW
PRJ-1407,Digital Governance Project - Bengaluru #407,Ministry of Health & Family Welfare,Digital Governance,Bengaluru,1471.7,630.4,394,261,38.63,23,8,4,11,4.88,HIGH
PRJ-1408,Healthcare Facility Project - Hyderabad #408,Ministry of Railways,Healthcare Facility,Hyderabad,2725.08,2172.61,1251,1464,81.44,31,25,1,5,1.41,MEDIUM
PRJ-1409,Transportation Project - Guwahati #409,Ministry of Urban Development,Transportation,Guwahati,3266.6,827.64,857,306,31.42,10,3,1,6,5.5,LOW
PRJ-1410,Urban Infrastructure Project - Bengaluru #410,Ministry of Electronics & IT,Urban Infrastructure,Bengaluru,3323.57,2504.03,1776,1177,64.85,11,7,0,4,3.05,LOW
PRJ-1411,Energy & Power Project - Chennai #411,Ministry of Urban Development,Energy & Power,Chennai,1630.33,1956.4,384,381,100.0,23,23,0,0,1.35,LOW
PRJ-1412,Digital Governance Project - Mumbai #412,Ministry of Urban Development,Digital Governance,Mumbai,341.54,156.35,1732,1869,56.88,13,7,3,3,3.7,HIGH
PRJ-1413,Urban Infrastructure Project - Lucknow #413,Ministry of Power,Urban Infrastructure,Lucknow,946.4,107.53,1681,339,9.41,16,1,1,14,5.73,MEDIUM
PRJ-1414,Energy & Power Project - Ahmedabad #414,Ministry of Urban Development,Energy & Power,Ahmedabad,2417.76,2718.59,1159,1135,100.0,15,15,0,0,1.39,LOW
PRJ-1415,Water & Sanitation Project - Bengaluru #415,Ministry of Road Transport & Highways,Water & Sanitation,Bengaluru,371.96,237.39,1389,876,58.85,33,19,1,13,3.22,LOW
PRJ-1416,Healthcare Facility Project - Delhi NCR #416,Ministry of Power,Healthcare Facility,Delhi NCR,3020.39,1732.57,1669,1954,66.29,36,23,4,9,4.11,HIGH
PRJ-1417,Infrastructure Project - Chennai #417,Ministry of Road Transport & Highways,Infrastructure,Chennai,2295.86,2614.9,205,179,100.0,19,19,0,0,1.34,LOW
PRJ-1418,Healthcare Facility Project - Jaipur #418,Ministry of Power,Healthcare Facility,Jaipur,2411.96,490.69,1446,296,17.99,20,3,2,15,6.23,MEDIUM
PRJ-1419,Urban Infrastructure Project - Bengaluru #419,Ministry of Electronics & IT,Urban Infrastructure,Bengaluru,2938.23,3251.03,1323,1430,100.0,5,5,0,0,0.31,LOW
PRJ-1420,Urban Infrastructure Project - Pune #420,Ministry of Water Resources,Urban Infrastructure,Pune,3044.26,2344.03,333,308,80.18,26,20,1,5,1.49,MEDIUM
PRJ-1421,Healthcare Facility Project - Patna #421,Ministry of Railways,Healthcare Facility,Patna,1331.45,329.19,661,123,24.19,33,7,0,26,4.79,LOW
PRJ-1422,Infrastructure Project - Pune #422,Ministry of Power,Infrastructure,Pune,2610.88,705.35,216,45,26.85,40,10,1,29,5.71,MEDIUM
PRJ-1423,Healthcare Facility Project - Lucknow #423,Ministry of Water Resources,Healthcare Facility,Lucknow,2235.01,1425.55,1221,877,56.58,34,19,5,10,4.9,MEDIUM
PRJ-1424,Water & Sanitation Project - Hyderabad #424,Ministry of Road Transport & Highways,Water & Sanitation,Hyderabad,2956.67,2567.81,859,615,78.25,35,27,0,8,1.81,LOW
PRJ-1425,Infrastructure Project - Mumbai #425,Ministry of Urban Development,Infrastructure,Mumbai,2660.03,265.5,634,64,10.21,23,2,2,19,6.04,MEDIUM
PRJ-1426,Infrastructure Project - Bengaluru #426,Ministry of Road Transport & Highways,Infrastructure,Bengaluru,1728.55,1736.51,1648,1510,100.0,21,21,0,0,0.38,LOW
PRJ-1427,Urban Infrastructure Project - Hyderabad #427,Ministry of Water Resources,Urban Infrastructure,Hyderabad,1605.09,293.01,1780,551,18.84,31,5,3,23,6.52,MEDIUM
PRJ-1428,Healthcare Facility Project - Mumbai #428,Ministry of Electronics & IT,Healthcare Facility,Mumbai,2704.79,1822.38,1102,664,61.55,37,22,0,15,2.92,LOW
PRJ-1429,Digital Governance Project - Delhi NCR #429,Ministry of Health & Family Welfare,Digital Governance,Delhi NCR,1940.76,2021.24,1066,1090,100.0,37,37,0,0,1.82,LOW
PRJ-1430,Healthcare Facility Project - Bengaluru #430,Ministry of Electronics & IT,Healthcare Facility,Bengaluru,2559.43,252.21,442,94,8.73,25,2,5,18,7.33,MEDIUM
PRJ-1431,Digital Governance Project - Hyderabad #431,Ministry of Health & Family Welfare,Digital Governance,Hyderabad,964.85,548.85,882,1029,55.42,13,7,2,4,4.23,HIGH
PRJ-1432,Healthcare Facility Project - Chennai #432,Ministry of Electronics & IT,Healthcare Facility,Chennai,2952.33,1161.0,1301,1361,34.02,40,13,21,6,10.0,HIGH
PRJ-1433,Digital Governance Project - Chennai #433,Ministry of Health & Family Welfare,Digital Governance,Chennai,2406.27,533.71,1557,382,19.2,16,3,2,11,6.23,MEDIUM
PRJ-1434,Digital Governance Project - Mumbai #434,Ministry of Power,Digital Governance,Mumbai,2665.1,1870.28,1331,836,64.66,31,20,1,10,3.95,LOW
PRJ-1435,Energy & Power Project - Ahmedabad #435,Ministry of Health & Family Welfare,Energy & Power,Ahmedabad,2830.98,745.0,1250,271,26.57,8,2,0,6,4.07,LOW
PRJ-1436,Water & Sanitation Project - Bengaluru #436,Ministry of Water Resources,Water & Sanitation,Bengaluru,3442.53,1369.66,1579,593,32.62,23,7,1,15,4.85,LOW
PRJ-1437,Water & Sanitation Project - Pune #437,Ministry of Power,Water & Sanitation,Pune,367.66,441.19,1563,1427,100.0,40,40,0,0,1.02,LOW
PRJ-1438,Water & Sanitation Project - Guwahati #438,Ministry of Water Resources,Water & Sanitation,Guwahati,1013.86,76.75,1540,233,7.64,31,2,7,22,9.37,MEDIUM
PRJ-1439,Healthcare Facility Project - Delhi NCR #439,Ministry of Power,Healthcare Facility,Delhi NCR,55.25,9.34,694,224,13.69,33,4,10,19,10.0,MEDIUM
PRJ-1440,Digital Governance Project - Patna #440,Ministry of Electronics & IT,Digital Governance,Patna,1293.42,835.31,1385,971,58.62,17,9,1,7,2.82,MEDIUM
PRJ-1441,Infrastructure Project - Bengaluru #441,Ministry of Electronics & IT,Infrastructure,Bengaluru,3369.04,2094.3,1685,1120,62.88,32,20,1,11,2.78,LOW
PRJ-1442,Healthcare Facility Project - Chennai #442,Ministry of Railways,Healthcare Facility,Chennai,29.7,19.31,1135,999,74.1,14,10,1,3,2.89,MEDIUM
PRJ-1443,Digital Governance Project - Lucknow #443,Ministry of Water Resources,Digital Governance,Lucknow,2952.56,683.19,796,509,21.3,27,5,9,13,8.95,HIGH
PRJ-1444,Transportation Project - Bengaluru #444,Ministry of Health & Family Welfare,Transportation,Bengaluru,1826.92,998.81,1790,1173,54.24,39,21,3,15,4.19,MEDIUM
PRJ-1445,Digital Governance Project - Kolkata #445,Ministry of Railways,Digital Governance,Kolkata,1165.42,243.75,781,265,17.78,38,6,8,24,8.43,MEDIUM
PRJ-1446,Digital Governance Project - Delhi NCR #446,Ministry of Water Resources,Digital Governance,Delhi NCR,410.38,308.54,888,524,60.04,20,12,1,7,3.76,LOW
PRJ-1447,Urban Infrastructure Project - Mumbai #447,Ministry of Power,Urban Infrastructure,Mumbai,1356.71,929.64,1286,1152,84.35,38,32,1,5,1.93,LOW
PRJ-1448,Healthcare Facility Project - Pune #448,Ministry of Water Resources,Healthcare Facility,Pune,1708.95,941.97,787,856,61.5,37,22,6,9,4.52,HIGH
PRJ-1449,Healthcare Facility Project - Jaipur #449,Ministry of Water Resources,Healthcare Facility,Jaipur,35.58,9.48,314,104,23.9,18,4,3,11,5.85,MEDIUM
PRJ-1450,Transportation Project - Jaipur #450,Ministry of Road Transport & Highways,Transportation,Jaipur,2902.33,1816.87,1698,1617,55.73,9,5,2,2,3.32,HIGH
PRJ-1451,Digital Governance Project - Kolkata #451,Ministry of Urban Development,Digital Governance,Kolkata,142.22,22.39,330,52,13.15,40,5,1,34,6.39,MEDIUM
PRJ-1452,Urban Infrastructure Project - Ahmedabad #452,Ministry of Power,Urban Infrastructure,Ahmedabad,1584.43,802.5,1008,580,62.65,12,7,0,5,3.15,LOW
PRJ-1453,Infrastructure Project - Guwahati #453,Ministry of Health & Family Welfare,Infrastructure,Guwahati,2053.77,1213.44,1615,1668,60.36,37,22,6,9,5.96,HIGH
PRJ-1454,Healthcare Facility Project - Mumbai #454,Ministry of Power,Healthcare Facility,Mumbai,992.5,609.52,1076,559,50.71,6,3,0,3,3.53,LOW
PRJ-1455,Digital Governance Project - Ahmedabad #455,Ministry of Railways,Digital Governance,Ahmedabad,2790.73,948.29,1297,550,30.42,24,7,4,13,6.91,MEDIUM
PRJ-1456,Water & Sanitation Project - Guwahati #456,Ministry of Water Resources,Water & Sanitation,Guwahati,2271.31,1129.24,202,143,46.14,12,5,1,6,4.24,MEDIUM
PRJ-1457,Healthcare Facility Project - Jaipur #457,Ministry of Urban Development,Healthcare Facility,Jaipur,3314.96,1057.15,804,266,27.24,27,7,2,18,6.25,MEDIUM
PRJ-1458,Healthcare Facility Project - Bengaluru #458,Ministry of Water Resources,Healthcare Facility,Bengaluru,571.73,243.74,632,492,46.02,12,5,2,5,5.1,HIGH
PRJ-1459,Infrastructure Project - Jaipur #459,Ministry of Water Resources,Infrastructure,Jaipur,1619.82,235.69,1305,235,12.81,21,2,1,18,6.21,MEDIUM
PRJ-1460,Energy & Power Project - Kolkata #460,Ministry of Urban Development,Energy & Power,Kolkata,457.47,84.86,1522,544,19.68,9,1,2,6,5.45,MEDIUM
PRJ-1461,Energy & Power Project - Lucknow #461,Ministry of Urban Development,Energy & Power,Lucknow,2311.38,2415.86,1600,1188,96.53,28,27,0,1,2.09,LOW
PRJ-1462,Infrastructure Project - Kolkata #462,Ministry of Railways,Infrastructure,Kolkata,869.15,738.54,633,559,75.84,22,16,1,5,1.88,MEDIUM
PRJ-1463,Energy & Power Project - Pune #463,Ministry of Electronics & IT,Energy & Power,Pune,1625.34,1089.86,914,870,64.26,11,7,1,3,3.4,HIGH
PRJ-1464,Energy & Power Project - Bengaluru #464,Ministry of Water Resources,Energy & Power,Bengaluru,3120.63,1360.92,582,226,35.08,9,3,1,5,5.43,LOW
PRJ-1465,Healthcare Facility Project - Patna #465,Ministry of Water Resources,Healthcare Facility,Patna,118.87,85.26,1371,1010,60.55,18,10,2,6,3.88,MEDIUM
PRJ-1466,Healthcare Facility Project - Pune #466,Ministry of Health & Family Welfare,Healthcare Facility,Pune,2292.14,833.77,484,243,39.9,23,9,1,13,4.41,MEDIUM
PRJ-1467,Urban Infrastructure Project - Kolkata #467,Ministry of Road Transport & Highways,Urban Infrastructure,Kolkata,1762.56,821.82,1537,557,36.37,15,5,1,9,3.86,LOW
PRJ-1468,Transportation Project - Lucknow #468,Ministry of Railways,Transportation,Lucknow,3321.0,2899.56,1530,1620,100.0,35,35,0,0,0.08,LOW
PRJ-1469,Urban Infrastructure Project - Hyderabad #469,Ministry of Water Resources,Urban Infrastructure,Hyderabad,229.39,66.61,936,334,25.6,38,9,8,21,7.64,MEDIUM
PRJ-1470,Urban Infrastructure Project - Delhi NCR #470,Ministry of Urban Development,Urban Infrastructure,Delhi NCR,149.27,55.38,1508,688,32.21,38,12,6,20,6.34,MEDIUM
PRJ-1471,Energy & Power Project - Lucknow #471,Ministry of Electronics & IT,Energy & Power,Lucknow,1909.78,757.22,536,275,40.08,9,3,1,5,4.15,MEDIUM
PRJ-1472,Healthcare Facility Project - Ahmedabad #472,Ministry of Railways,Healthcare Facility,Ahmedabad,1241.61,225.43,886,563,17.44,5,0,2,3,5.21,HIGH
PRJ-1473,Transportation Project - Mumbai #473,Ministry of Railways,Transportation,Mumbai,1805.75,252.81,755,251,15.67,28,4,7,17,8.65,MEDIUM
PRJ-1474,Transportation Project - Ahmedabad #474,Ministry of Electronics & IT,Transportation,Ahmedabad,2840.99,863.25,1655,371,26.71,35,9,0,26,3.99,LOW
PRJ-1475,Urban Infrastructure Project - Delhi NCR #475,Ministry of Water Resources,Urban Infrastructure,Delhi NCR,860.41,697.72,441,322,92.09,37,34,0,3,1.54,LOW
PRJ-1476,Transportation Project - Chennai #476,Ministry of Road Transport & Highways,Transportation,Chennai,3229.34,2797.31,1238,1428,78.77,6,4,0,2,2.52,HIGH
PRJ-1477,Energy & Power Project - Mumbai #477,Ministry of Water Resources,Energy & Power,Mumbai,765.91,919.09,1422,1695,99.41,15,14,0,1,0.85,LOW
PRJ-1478,Water & Sanitation Project - Lucknow #478,Ministry of Railways,Water & Sanitation,Lucknow,2873.38,2207.11,552,433,72.78,15,10,1,4,2.45,LOW
PRJ-1479,Healthcare Facility Project - Lucknow #479,Ministry of Urban Development,Healthcare Facility,Lucknow,250.26,145.38,954,499,68.0,17,11,0,6,3.42,LOW
PRJ-1480,Urban Infrastructure Project - Bengaluru #480,Ministry of Electronics & IT,Urban Infrastructure,Bengaluru,2123.23,1653.61,543,338,70.33,7,4,0,3,2.55,LOW
PRJ-1481,Infrastructure Project - Mumbai #481,Ministry of Water Resources,Infrastructure,Mumbai,1693.02,1481.34,446,487,81.8,5,4,0,1,2.46,MEDIUM
PRJ-1482,Urban Infrastructure Project - Jaipur #482,Ministry of Electronics & IT,Urban Infrastructure,Jaipur,1478.19,793.28,268,232,52.9,35,18,8,9,6.32,HIGH
PRJ-1483,Water & Sanitation Project - Guwahati #483,Ministry of Health & Family Welfare,Water & Sanitation,Guwahati,3178.43,1058.71,1606,1178,32.89,21,6,7,8,6.62,HIGH
PRJ-1484,Infrastructure Project - Chennai #484,Ministry of Water Resources,Infrastructure,Chennai,2098.04,928.41,1293,710,49.47,5,2,0,3,2.76,LOW
PRJ-1485,Urban Infrastructure Project - Patna #485,Ministry of Road Transport & Highways,Urban Infrastructure,Patna,726.91,225.34,826,454,36.33,32,11,6,15,6.09,MEDIUM
PRJ-1486,Healthcare Facility Project - Ahmedabad #486,Ministry of Water Resources,Healthcare Facility,Ahmedabad,1980.7,449.69,1433,577,19.91,18,3,4,11,7.17,MEDIUM
PRJ-1487,Transportation Project - Kolkata #487,Ministry of Urban Development,Transportation,Kolkata,1961.24,487.24,1170,443,26.06,27,7,5,15,6.49,MEDIUM
PRJ-1488,Water & Sanitation Project - Patna #488,Ministry of Railways,Water & Sanitation,Patna,425.61,167.54,650,384,34.24,15,5,2,8,5.1,MEDIUM
PRJ-1489,Energy & Power Project - Jaipur #489,Ministry of Water Resources,Energy & Power,Jaipur,2152.95,1895.39,1581,1387,100.0,5,5,0,0,1.65,LOW
PRJ-1490,Healthcare Facility Project - Ahmedabad #490,Ministry of Urban Development,Healthcare Facility,Ahmedabad,317.61,97.84,718,246,36.67,7,2,0,5,5.03,LOW
PRJ-1491,Healthcare Facility Project - Patna #491,Ministry of Urban Development,Healthcare Facility,Patna,1828.31,1284.87,1637,1898,84.8,16,13,0,3,1.64,MEDIUM
PRJ-1492,Water & Sanitation Project - Patna #492,Ministry of Railways,Water & Sanitation,Patna,3258.35,1344.82,1241,514,50.53,37,18,0,19,2.94,LOW
PRJ-1493,Digital Governance Project - Delhi NCR #493,Ministry of Railways,Digital Governance,Delhi NCR,1265.49,96.63,1521,152,8.69,22,1,3,18,6.47,MEDIUM
PRJ-1494,Urban Infrastructure Project - Lucknow #494,Ministry of Urban Development,Urban Infrastructure,Lucknow,709.08,341.64,211,192,57.75,10,5,2,3,4.36,HIGH
PRJ-1495,Healthcare Facility Project - Kolkata #495,Ministry of Health & Family Welfare,Healthcare Facility,Kolkata,1222.69,672.21,746,260,42.9,34,14,2,18,4.8,LOW
PRJ-1496,Transportation Project - Ahmedabad #496,Ministry of Power,Transportation,Ahmedabad,1776.77,296.68,1324,237,17.63,12,2,1,9,6.43,MEDIUM
PRJ-1497,Water & Sanitation Project - Lucknow #497,Ministry of Health & Family Welfare,Water & Sanitation,Lucknow,882.99,564.14,1086,1262,59.07,20,11,5,4,5.97,HIGH
PRJ-1498,Digital Governance Project - Pune #498,Ministry of Urban Development,Digital Governance,Pune,3138.87,1467.19,236,148,50.32,29,14,3,12,5.67,MEDIUM
PRJ-1499,Digital Governance Project - Hyderabad #499,Ministry of Electronics & IT,Digital Governance,Hyderabad,2802.56,1871.73,1024,1178,63.11,5,3,1,1,2.77,HIGH
PRJ-1500,Infrastructure Project - Ahmedabad #500,Ministry of Power,Infrastructure,Ahmedabad,2361.21,275.85,880,161,9.23,35,3,4,28,6.58,MEDIUM
PRJ-1501,Energy & Power Project - Bengaluru #501,Ministry of Health & Family Welfare,Energy & Power,Bengaluru,3315.44,2967.6,1579,1773,100.0,17,17,0,0,0.48,LOW
PRJ-1502,Transportation Project - Hyderabad #502,Ministry of Power,Transportation,Hyderabad,717.66,701.88,691,704,100.0,11,11,0,0,0.16,LOW
PRJ-1503,Urban Infrastructure Project - Lucknow #503,Ministry of Electronics & IT,Urban Infrastructure,Lucknow,33.12,20.29,1288,1486,50.04,28,14,8,6,6.68,HIGH
PRJ-1504,Water & Sanitation Project - Chennai #504,Ministry of Health & Family Welfare,Water & Sanitation,Chennai,1722.91,1604.7,1745,1932,99.07,19,18,0,1,0.3,LOW
PRJ-1505,Water & Sanitation Project - Ahmedabad #505,Ministry of Health & Family Welfare,Water & Sanitation,Ahmedabad,1679.34,151.9,1287,174,9.29,16,1,2,13,5.58,MEDIUM
PRJ-1506,Urban Infrastructure Project - Kolkata #506,Ministry of Health & Family Welfare,Urban Infrastructure,Kolkata,2415.34,1459.16,204,171,61.04,11,6,1,4,3.57,MEDIUM
PRJ-1507,Transportation Project - Jaipur #507,Ministry of Power,Transportation,Jaipur,927.34,445.35,731,452,43.4,28,12,3,13,4.88,MEDIUM
PRJ-1508,Digital Governance Project - Kolkata #508,Ministry of Urban Development,Digital Governance,Kolkata,1284.12,294.84,1000,407,25.8,13,3,3,7,6.28,MEDIUM
PRJ-1509,Infrastructure Project - Guwahati #509,Ministry of Water Resources,Infrastructure,Guwahati,952.12,715.76,662,470,61.21,17,10,0,7,3.86,LOW
PRJ-1510,Urban Infrastructure Project - Delhi NCR #510,Ministry of Railways,Urban Infrastructure,Delhi NCR,626.36,124.23,1203,298,15.91,38,6,6,26,7.24,MEDIUM
PRJ-1511,Energy & Power Project - Chennai #511,Ministry of Urban Development,Energy & Power,Chennai,1971.86,233.67,1342,204,13.95,15,2,0,13,5.93,MEDIUM
PRJ-1512,Water & Sanitation Project - Patna #512,Ministry of Urban Development,Water & Sanitation,Patna,346.09,132.92,1704,797,39.17,40,15,4,21,6.26,MEDIUM
PRJ-1513,Infrastructure Project - Ahmedabad #513,Ministry of Power,Infrastructure,Ahmedabad,433.12,307.89,1571,1821,79.03,39,30,2,7,3.41,HIGH
PRJ-1514,Energy & Power Project - Patna #514,Ministry of Power,Energy & Power,Patna,1791.45,1264.42,1766,1607,56.7,29,16,6,7,5.49,HIGH
PRJ-1515,Water & Sanitation Project - Bengaluru #515,Ministry of Railways,Water & Sanitation,Bengaluru,2245.63,987.4,870,490,39.75,30,11,6,13,5.56,MEDIUM
PRJ-1516,Energy & Power Project - Hyderabad #516,Ministry of Railways,Energy & Power,Hyderabad,1104.05,449.67,1517,637,43.62,30,13,0,17,3.71,LOW
PRJ-1517,Energy & Power Project - Guwahati #517,Ministry of Water Resources,Energy & Power,Guwahati,2058.35,994.34,1102,612,54.16,6,3,0,3,2.76,LOW
PRJ-1518,Digital Governance Project - Guwahati #518,Ministry of Power,Digital Governance,Guwahati,2626.59,383.57,611,173,17.15,9,1,2,6,5.89,MEDIUM
PRJ-1519,Infrastructure Project - Ahmedabad #519,Ministry of Road Transport & Highways,Infrastructure,Ahmedabad,1838.7,382.35,350,75,18.75,10,1,1,8,6.23,MEDIUM
PRJ-1520,Transportation Project - Hyderabad #520,Ministry of Power,Transportation,Hyderabad,2584.2,1830.3,1087,857,81.82,15,12,0,3,2.24,LOW
PRJ-1521,Energy & Power Project - Pune #521,Ministry of Water Resources,Energy & Power,Pune,1640.51,762.39,1287,1452,43.26,13,5,6,2,6.63,HIGH
PRJ-1522,Healthcare Facility Project - Lucknow #522,Ministry of Railways,Healthcare Facility,Lucknow,1603.34,1366.85,1713,1369,78.79,38,29,1,8,2.53,LOW
PRJ-1523,Urban Infrastructure Project - Jaipur #523,Ministry of Power,Urban Infrastructure,Jaipur,802.68,315.34,363,212,39.97,21,8,2,11,3.82,MEDIUM
PRJ-1524,Water & Sanitation Project - Bengaluru #524,Ministry of Health & Family Welfare,Water & Sanitation,Bengaluru,1210.16,946.16,1140,785,68.35,36,24,2,10,3.34,LOW
PRJ-1525,Water & Sanitation Project - Ahmedabad #525,Ministry of Road Transport & Highways,Water & Sanitation,Ahmedabad,2794.9,523.77,1402,496,23.32,28,6,3,19,6.8,MEDIUM
PRJ-1526,Urban Infrastructure Project - Hyderabad #526,Ministry of Urban Development,Urban Infrastructure,Hyderabad,579.81,227.54,1689,1369,32.32,19,6,7,6,7.03,HIGH
PRJ-1527,Healthcare Facility Project - Lucknow #527,Ministry of Railways,Healthcare Facility,Lucknow,2828.44,561.87,1582,631,17.67,39,6,12,21,9.74,MEDIUM
PRJ-1528,Infrastructure Project - Bengaluru #528,Ministry of Water Resources,Infrastructure,Bengaluru,486.82,372.47,406,325,69.0,22,15,1,6,2.93,MEDIUM
PRJ-1529,Infrastructure Project - Bengaluru #529,Ministry of Power,Infrastructure,Bengaluru,183.22,26.72,1275,158,11.34,23,2,1,20,6.26,MEDIUM
PRJ-1530,Infrastructure Project - Hyderabad #530,Ministry of Electronics & IT,Infrastructure,Hyderabad,324.79,126.49,210,135,40.11,24,9,5,10,5.99,MEDIUM
PRJ-1531,Urban Infrastructure Project - Guwahati #531,Ministry of Power,Urban Infrastructure,Guwahati,2772.07,618.69,856,161,18.99,14,2,0,12,5.6,MEDIUM
PRJ-1532,Healthcare Facility Project - Pune #532,Ministry of Road Transport & Highways,Healthcare Facility,Pune,643.8,339.24,692,691,43.4,12,5,5,2,6.26,HIGH
PRJ-1533,Water & Sanitation Project - Pune #533,Ministry of Urban Development,Water & Sanitation,Pune,872.6,270.52,248,79,26.55,11,2,1,8,6.04,MEDIUM
PRJ-1534,Urban Infrastructure Project - Patna #534,Ministry of Urban Development,Urban Infrastructure,Patna,3364.64,586.35,841,230,14.97,40,5,7,28,7.56,MEDIUM
PRJ-1535,Energy & Power Project - Hyderabad #535,Ministry of Electronics & IT,Energy & Power,Hyderabad,1267.89,791.68,286,300,68.7,12,8,1,3,2.83,HIGH
PRJ-1536,Transportation Project - Chennai #536,Ministry of Road Transport & Highways,Transportation,Chennai,2050.59,1375.79,990,958,83.4,7,5,0,2,2.21,MEDIUM
PRJ-1537,Healthcare Facility Project - Bengaluru #537,Ministry of Electronics & IT,Healthcare Facility,Bengaluru,1306.18,323.8,363,135,23.61,26,6,6,14,8.21,MEDIUM
PRJ-1538,Infrastructure Project - Delhi NCR #538,Ministry of Electronics & IT,Infrastructure,Delhi NCR,1250.76,981.7,495,431,65.64,13,8,1,4,2.75,MEDIUM
PRJ-1539,Water & Sanitation Project - Patna #539,Ministry of Health & Family Welfare,Water & Sanitation,Patna,2650.87,2145.56,1078,977,99.84,29,28,0,1,0.28,LOW
PRJ-1540,Urban Infrastructure Project - Guwahati #540,Ministry of Road Transport & Highways,Urban Infrastructure,Guwahati,1536.88,788.92,783,545,49.12,16,7,2,7,3.99,MEDIUM
PRJ-1541,Energy & Power Project - Lucknow #541,Ministry of Urban Development,Energy & Power,Lucknow,3201.51,997.16,1315,363,29.23,33,9,1,23,4.47,LOW
PRJ-1542,Urban Infrastructure Project - Delhi NCR #542,Ministry of Power,Urban Infrastructure,Delhi NCR,2717.95,711.21,1216,628,29.31,6,1,1,4,4.66,MEDIUM
PRJ-1543,Transportation Project - Kolkata #543,Ministry of Health & Family Welfare,Transportation,Kolkata,2526.3,3002.15,1528,1778,98.25,17,16,0,1,1.08,LOW
PRJ-1544,Transportation Project - Lucknow #544,Ministry of Health & Family Welfare,Transportation,Lucknow,998.12,831.43,1019,820,97.4,38,37,0,1,0.22,LOW
PRJ-1545,Transportation Project - Delhi NCR #545,Ministry of Railways,Transportation,Delhi NCR,715.26,42.02,1174,364,7.2,29,2,9,18,9.29,MEDIUM
PRJ-1546,Healthcare Facility Project - Chennai #546,Ministry of Electronics & IT,Healthcare Facility,Chennai,181.31,75.49,632,484,49.84,18,8,3,7,5.56,HIGH
PRJ-1547,Infrastructure Project - Pune #547,Ministry of Water Resources,Infrastructure,Pune,2805.56,1623.64,304,151,49.39,31,15,2,14,4.92,LOW
PRJ-1548,Water & Sanitation Project - Lucknow #548,Ministry of Road Transport & Highways,Water & Sanitation,Lucknow,937.7,825.57,263,238,72.33,9,6,1,2,3.7,MEDIUM
PRJ-1549,Infrastructure Project - Guwahati #549,Ministry of Road Transport & Highways,Infrastructure,Guwahati,816.25,251.56,969,298,28.99,20,5,1,14,5.85,MEDIUM
PRJ-1550,Digital Governance Project - Jaipur #550,Ministry of Health & Family Welfare,Digital Governance,Jaipur,1458.99,1045.4,396,373,65.84,34,22,5,7,4.56,HIGH
PRJ-1551,Transportation Project - Bengaluru #551,Ministry of Road Transport & Highways,Transportation,Bengaluru,1929.38,695.91,1213,571,41.03,33,13,4,16,6.35,MEDIUM
PRJ-1552,Energy & Power Project - Kolkata #552,Ministry of Health & Family Welfare,Energy & Power,Kolkata,1449.08,783.44,1476,846,46.49,20,9,2,9,3.9,MEDIUM
PRJ-1553,Healthcare Facility Project - Guwahati #553,Ministry of Water Resources,Healthcare Facility,Guwahati,896.77,605.6,1106,655,67.63,7,4,0,3,2.81,LOW
PRJ-1554,Transportation Project - Chennai #554,Ministry of Health & Family Welfare,Transportation,Chennai,32.93,9.68,634,213,30.69,22,6,3,13,5.69,MEDIUM
PRJ-1555,Healthcare Facility Project - Bengaluru #555,Ministry of Health & Family Welfare,Healthcare Facility,Bengaluru,339.06,135.24,1122,551,45.89,28,12,3,13,4.41,LOW
PRJ-1556,Water & Sanitation Project - Chennai #556,Ministry of Power,Water & Sanitation,Chennai,330.75,162.87,998,724,54.19,9,4,1,4,4.28,MEDIUM
PRJ-1557,Urban Infrastructure Project - Guwahati #557,Ministry of Railways,Urban Infrastructure,Guwahati,2462.94,1285.98,375,283,54.95,29,15,3,11,3.56,MEDIUM
PRJ-1558,Energy & Power Project - Kolkata #558,Ministry of Water Resources,Energy & Power,Kolkata,3080.48,1572.12,1069,596,41.36,19,7,3,9,5.83,MEDIUM
PRJ-1559,Digital Governance Project - Patna #559,Ministry of Road Transport & Highways,Digital Governance,Patna,1344.88,828.32,804,544,64.18,14,8,0,6,3.19,LOW
PRJ-1560,Infrastructure Project - Patna #560,Ministry of Railways,Infrastructure,Patna,2563.21,2245.88,984,1149,74.48,37,27,2,8,2.94,HIGH
PRJ-1561,Urban Infrastructure Project - Bengaluru #561,Ministry of Water Resources,Urban Infrastructure,Bengaluru,471.34,317.04,349,217,57.36,40,22,2,16,3.1,LOW
PRJ-1562,Urban Infrastructure Project - Guwahati #562,Ministry of Health & Family Welfare,Urban Infrastructure,Guwahati,465.01,340.89,456,286,81.54,30,24,0,6,1.32,LOW
PRJ-1563,Digital Governance Project - Jaipur #563,Ministry of Health & Family Welfare,Digital Governance,Jaipur,869.4,370.02,326,128,41.93,10,4,0,6,3.73,LOW
PRJ-1564,Energy & Power Project - Hyderabad #564,Ministry of Power,Energy & Power,Hyderabad,1129.38,844.23,1396,1146,63.09,15,9,2,4,3.88,MEDIUM
PRJ-1565,Urban Infrastructure Project - Lucknow #565,Ministry of Water Resources,Urban Infrastructure,Lucknow,518.91,475.71,271,302,100.0,28,28,0,0,1.46,LOW
PRJ-1566,Infrastructure Project - Guwahati #566,Ministry of Road Transport & Highways,Infrastructure,Guwahati,200.34,184.98,1451,1624,74.8,23,17,1,5,3.05,HIGH
PRJ-1567,Energy & Power Project - Pune #567,Ministry of Road Transport & Highways,Energy & Power,Pune,1654.45,198.44,859,283,11.22,18,2,5,11,7.94,MEDIUM
PRJ-1568,Urban Infrastructure Project - Lucknow #568,Ministry of Health & Family Welfare,Urban Infrastructure,Lucknow,2557.43,1497.8,469,405,51.64,29,14,6,9,6.15,HIGH
PRJ-1569,Energy & Power Project - Bengaluru #569,Ministry of Road Transport & Highways,Energy & Power,Bengaluru,219.78,90.18,591,572,37.0,8,2,4,2,6.64,HIGH
PRJ-1570,Urban Infrastructure Project - Patna #570,Ministry of Road Transport & Highways,Urban Infrastructure,Patna,956.87,308.71,1531,759,37.78,23,8,4,11,6.01,MEDIUM
PRJ-1571,Urban Infrastructure Project - Jaipur #571,Ministry of Railways,Urban Infrastructure,Jaipur,3418.38,3045.01,383,419,85.46,39,33,0,6,1.12,MEDIUM
PRJ-1572,Healthcare Facility Project - Guwahati #572,Ministry of Urban Development,Healthcare Facility,Guwahati,84.99,80.95,686,764,100.0,36,36,0,0,0.31,LOW
PRJ-1573,Digital Governance Project - Kolkata #573,Ministry of Power,Digital Governance,Kolkata,1250.27,539.45,799,287,33.47,37,12,1,24,3.85,LOW
PRJ-1574,Urban Infrastructure Project - Delhi NCR #574,Ministry of Power,Urban Infrastructure,Delhi NCR,3305.04,887.89,753,262,27.67,30,8,4,18,5.39,LOW
PRJ-1575,Healthcare Facility Project - Patna #575,Ministry of Urban Development,Healthcare Facility,Patna,2147.44,1957.89,1461,1249,90.39,14,12,0,2,1.11,LOW
PRJ-1576,Energy & Power Project - Pune #576,Ministry of Health & Family Welfare,Energy & Power,Pune,1902.4,504.13,603,493,24.3,17,4,9,4,8.0,HIGH
PRJ-1577,Healthcare Facility Project - Bengaluru #577,Ministry of Electronics & IT,Healthcare Facility,Bengaluru,1510.92,451.42,1757,456,23.59,15,3,1,11,5.34,LOW
PRJ-1578,Infrastructure Project - Bengaluru #578,Ministry of Electronics & IT,Infrastructure,Bengaluru,1118.42,1240.76,478,430,93.8,31,29,0,2,0.92,LOW
PRJ-1579,Water & Sanitation Project - Patna #579,Ministry of Electronics & IT,Water & Sanitation,Patna,3267.04,373.55,740,197,12.79,13,1,2,10,6.69,MEDIUM
PRJ-1580,Healthcare Facility Project - Chennai #580,Ministry of Health & Family Welfare,Healthcare Facility,Chennai,2123.56,781.26,1434,507,40.16,6,2,0,4,4.37,LOW
PRJ-1581,Transportation Project - Jaipur #581,Ministry of Urban Development,Transportation,Jaipur,2963.02,2412.08,1140,1006,82.48,29,23,0,6,1.15,LOW
PRJ-1582,Transportation Project - Delhi NCR #582,Ministry of Railways,Transportation,Delhi NCR,1435.98,1366.3,210,234,74.62,19,14,2,3,4.05,HIGH
PRJ-1583,Transportation Project - Mumbai #583,Ministry of Water Resources,Transportation,Mumbai,628.0,656.24,1079,1137,100.0,25,25,0,0,1.78,LOW
PRJ-1584,Urban Infrastructure Project - Delhi NCR #584,Ministry of Urban Development,Urban Infrastructure,Delhi NCR,2131.68,2125.45,959,855,100.0,39,39,0,0,1.75,LOW
PRJ-1585,Infrastructure Project - Jaipur #585,Ministry of Water Resources,Infrastructure,Jaipur,391.51,287.91,1115,1125,89.55,20,17,0,3,1.31,MEDIUM
PRJ-1586,Infrastructure Project - Jaipur #586,Ministry of Electronics & IT,Infrastructure,Jaipur,1362.02,812.74,1747,1386,72.36,23,16,1,6,3.55,LOW
PRJ-1587,Water & Sanitation Project - Chennai #587,Ministry of Water Resources,Water & Sanitation,Chennai,1620.1,634.4,1045,442,31.09,38,11,7,20,7.17,MEDIUM
PRJ-1588,Urban Infrastructure Project - Mumbai #588,Ministry of Electronics & IT,Urban Infrastructure,Mumbai,2532.04,523.48,411,122,18.92,39,7,4,28,6.48,MEDIUM
PRJ-1589,Infrastructure Project - Bengaluru #589,Ministry of Urban Development,Infrastructure,Bengaluru,1593.35,1912.02,1639,1778,100.0,10,10,0,0,1.38,LOW
PRJ-1590,Water & Sanitation Project - Bengaluru #590,Ministry of Electronics & IT,Water & Sanitation,Bengaluru,2517.13,366.59,433,86,12.63,28,3,2,23,6.58,MEDIUM
PRJ-1591,Water & Sanitation Project - Jaipur #591,Ministry of Electronics & IT,Water & Sanitation,Jaipur,2146.13,949.59,507,261,44.68,15,6,2,7,4.7,LOW
PRJ-1592,Water & Sanitation Project - Bengaluru #592,Ministry of Electronics & IT,Water & Sanitation,Bengaluru,575.81,144.05,476,141,21.64,31,6,3,22,6.58,MEDIUM
PRJ-1593,Energy & Power Project - Patna #593,Ministry of Urban Development,Energy & Power,Patna,640.63,498.07,449,519,96.97,21,20,0,1,1.15,LOW
PRJ-1594,Healthcare Facility Project - Delhi NCR #594,Ministry of Urban Development,Healthcare Facility,Delhi NCR,2131.86,786.98,1190,430,33.73,35,11,2,22,5.0,LOW
PRJ-1595,Healthcare Facility Project - Delhi NCR #595,Ministry of Health & Family Welfare,Healthcare Facility,Delhi NCR,864.05,432.98,1300,527,44.97,18,8,0,10,3.05,LOW
PRJ-1596,Energy & Power Project - Delhi NCR #596,Ministry of Electronics & IT,Energy & Power,Delhi NCR,517.36,379.72,246,205,60.21,24,14,2,8,2.96,MEDIUM
PRJ-1597,Urban Infrastructure Project - Bengaluru #597,Ministry of Road Transport & Highways,Urban Infrastructure,Bengaluru,573.06,396.45,762,588,60.38,40,24,3,13,4.09,MEDIUM
PRJ-1598,Energy & Power Project - Delhi NCR #598,Ministry of Health & Family Welfare,Energy & Power,Delhi NCR,335.01,115.09,792,360,27.51,9,2,2,5,6.11,MEDIUM
PRJ-1599,Energy & Power Project - Pune #599,Ministry of Road Transport & Highways,Energy & Power,Pune,479.56,341.8,1602,1674,73.89,31,22,3,6,3.9,HIGH
PRJ-1600,Infrastructure Project - Mumbai #600,Ministry of Health & Family Welfare,Infrastructure,Mumbai,2004.07,1087.89,1468,1000,64.33,23,14,1,8,3.88,LOW
PRJ-1601,Healthcare Facility Project - Lucknow #601,Ministry of Power,Healthcare Facility,Lucknow,3482.63,3855.78,904,1012,100.0,36,36,0,0,1.26,LOW
PRJ-1602,Water & Sanitation Project - Bengaluru #602,Ministry of Urban Development,Water & Sanitation,Bengaluru,3093.99,2170.21,656,576,54.39,5,2,1,2,3.61,HIGH
PRJ-1603,Infrastructure Project - Guwahati #603,Ministry of Water Resources,Infrastructure,Guwahati,2969.76,2990.61,1440,1726,100.0,26,26,0,0,1.61,LOW
PRJ-1604,Infrastructure Project - Patna #604,Ministry of Railways,Infrastructure,Patna,712.14,268.01,756,287,45.13,24,10,0,14,3.39,LOW
PRJ-1605,Infrastructure Project - Patna #605,Ministry of Road Transport & Highways,Infrastructure,Patna,1173.16,1110.47,991,888,85.43,6,5,0,1,1.12,LOW
PRJ-1606,Energy & Power Project - Patna #606,Ministry of Water Resources,Energy & Power,Patna,1682.09,1888.69,1151,1124,100.0,35,35,0,0,0.92,LOW
PRJ-1607,Healthcare Facility Project - Kolkata #607,Ministry of Water Resources,Healthcare Facility,Kolkata,1624.02,882.93,1027,1150,65.66,38,24,5,9,5.17,HIGH
PRJ-1608,Healthcare Facility Project - Jaipur #608,Ministry of Power,Healthcare Facility,Jaipur,75.33,41.58,1362,1163,46.01,27,12,6,9,5.4,HIGH
PRJ-1609,Infrastructure Project - Kolkata #609,Ministry of Water Resources,Infrastructure,Kolkata,3442.83,847.24,1463,1006,27.87,29,8,9,12,7.44,HIGH
PRJ-1610,Water & Sanitation Project - Chennai #610,Ministry of Water Resources,Water & Sanitation,Chennai,2471.38,2312.59,824,725,100.0,10,10,0,0,0.48,LOW
PRJ-1611,Water & Sanitation Project - Chennai #611,Ministry of Urban Development,Water & Sanitation,Chennai,764.33,223.02,799,233,29.56,7,2,0,5,5.35,LOW
PRJ-1612,Healthcare Facility Project - Delhi NCR #612,Ministry of Urban Development,Healthcare Facility,Delhi NCR,2798.6,610.83,1204,324,22.5,35,7,5,23,6.92,MEDIUM
PRJ-1613,Energy & Power Project - Bengaluru #613,Ministry of Water Resources,Energy & Power,Bengaluru,2695.49,3146.96,381,382,92.0,13,11,0,2,0.47,LOW
PRJ-1614,Digital Governance Project - Jaipur #614,Ministry of Urban Development,Digital Governance,Jaipur,414.27,269.36,816,918,56.86,10,5,2,3,4.74,HIGH
PRJ-1615,Healthcare Facility Project - Patna #615,Ministry of Road Transport & Highways,Healthcare Facility,Patna,2611.99,2384.62,226,166,95.49,18,17,0,1,0.61,LOW
PRJ-1616,Healthcare Facility Project - Kolkata #616,Ministry of Power,Healthcare Facility,Kolkata,2707.03,478.52,1554,356,20.21,22,4,0,18,5.91,MEDIUM
PRJ-1617,Healthcare Facility Project - Mumbai #617,Ministry of Health & Family Welfare,Healthcare Facility,Mumbai,730.96,422.06,897,631,61.72,23,14,1,8,2.66,LOW
PRJ-1618,Healthcare Facility Project - Kolkata #618,Ministry of Power,Healthcare Facility,Kolkata,1896.61,486.6,283,68,24.78,8,1,0,7,3.87,LOW
PRJ-1619,Urban Infrastructure Project - Bengaluru #619,Ministry of Urban Development,Urban Infrastructure,Bengaluru,2469.32,2172.39,1393,1103,76.83,33,25,1,7,2.18,LOW
PRJ-1620,Transportation Project - Guwahati #620,Ministry of Water Resources,Transportation,Guwahati,2656.82,565.7,1272,237,16.88,34,5,3,26,5.54,MEDIUM
PRJ-1621,Digital Governance Project - Pune #621,Ministry of Water Resources,Digital Governance,Pune,349.45,224.55,815,695,55.63,34,18,6,10,6.51,HIGH
PRJ-1622,Water & Sanitation Project - Lucknow #622,Ministry of Railways,Water & Sanitation,Lucknow,910.6,537.43,924,490,51.33,26,13,2,11,5.0,LOW
PRJ-1623,Urban Infrastructure Project - Delhi NCR #623,Ministry of Urban Development,Urban Infrastructure,Delhi NCR,238.12,154.46,411,199,62.94,15,9,0,6,2.55,LOW
PRJ-1624,Transportation Project - Jaipur #624,Ministry of Health & Family Welfare,Transportation,Jaipur,369.23,355.54,1642,1603,100.0,9,9,0,0,1.07,LOW
PRJ-1625,Healthcare Facility Project - Ahmedabad #625,Ministry of Urban Development,Healthcare Facility,Ahmedabad,842.63,950.93,679,477,87.69,29,25,0,4,1.03,LOW
PRJ-1626,Healthcare Facility Project - Ahmedabad #626,Ministry of Electronics & IT,Healthcare Facility,Ahmedabad,2747.26,1394.23,1071,775,52.26,20,10,2,8,4.53,MEDIUM
PRJ-1627,Digital Governance Project - Lucknow #627,Ministry of Electronics & IT,Digital Governance,Lucknow,2930.25,1368.25,414,311,45.27,40,18,6,16,6.03,HIGH
PRJ-1628,Urban Infrastructure Project - Mumbai #628,Ministry of Power,Urban Infrastructure,Mumbai,2097.92,2025.77,1583,1575,81.44,29,23,1,5,2.62,MEDIUM
PRJ-1629,Infrastructure Project - Hyderabad #629,Ministry of Road Transport & Highways,Infrastructure,Hyderabad,2861.45,2763.87,1369,1497,86.39,5,4,0,1,2.0,MEDIUM
PRJ-1630,Healthcare Facility Project - Chennai #630,Ministry of Urban Development,Healthcare Facility,Chennai,1371.04,822.41,1363,806,66.44,25,16,0,9,3.27,LOW
PRJ-1631,Energy & Power Project - Ahmedabad #631,Ministry of Electronics & IT,Energy & Power,Ahmedabad,2515.09,1171.79,885,1052,42.69,37,15,14,8,8.72,HIGH
PRJ-1632,Infrastructure Project - Kolkata #632,Ministry of Power,Infrastructure,Kolkata,3154.75,422.83,288,29,12.41,27,3,0,24,4.94,LOW
PRJ-1633,Transportation Project - Ahmedabad #633,Ministry of Road Transport & Highways,Transportation,Ahmedabad,2460.75,1814.98,987,777,63.81,30,19,2,9,3.7,MEDIUM
PRJ-1634,Transportation Project - Pune #634,Ministry of Electronics & IT,Transportation,Pune,495.35,242.78,1317,688,38.83,31,12,3,16,6.25,MEDIUM
PRJ-1635,Transportation Project - Bengaluru #635,Ministry of Electronics & IT,Transportation,Bengaluru,50.49,4.08,1507,176,6.97,36,2,6,28,9.0,MEDIUM
PRJ-1636,Infrastructure Project - Bengaluru #636,Ministry of Railways,Infrastructure,Bengaluru,2251.43,1224.72,1031,1078,43.63,32,13,13,6,8.93,HIGH
PRJ-1637,Healthcare Facility Project - Pune #637,Ministry of Urban Development,Healthcare Facility,Pune,1352.65,478.17,642,195,32.07,36,11,3,22,5.07,LOW
PRJ-1638,Energy & Power Project - Ahmedabad #638,Ministry of Health & Family Welfare,Energy & Power,Ahmedabad,3243.71,1826.07,1360,684,43.67,35,15,4,16,4.64,LOW
PRJ-1639,Digital Governance Project - Mumbai #639,Ministry of Urban Development,Digital Governance,Mumbai,505.89,222.7,1677,1138,35.8,22,7,6,9,5.77,HIGH
PRJ-1640,Infrastructure Project - Hyderabad #640,Ministry of Health & Family Welfare,Infrastructure,Hyderabad,1658.86,821.76,1698,1409,43.67,39,17,12,10,8.24,HIGH
PRJ-1641,Energy & Power Project - Jaipur #641,Ministry of Road Transport & Highways,Energy & Power,Jaipur,2727.06,1568.44,1140,683,45.9,26,11,3,12,5.83,MEDIUM
PRJ-1642,Energy & Power Project - Chennai #642,Ministry of Water Resources,Energy & Power,Chennai,594.6,698.48,1603,1787,100.0,21,21,0,0,0.95,LOW
PRJ-1643,Healthcare Facility Project - Delhi NCR #643,Ministry of Railways,Healthcare Facility,Delhi NCR,2300.56,1988.02,777,769,77.7,23,17,1,5,1.77,MEDIUM
PRJ-1644,Water & Sanitation Project - Chennai #644,Ministry of Road Transport & Highways,Water & Sanitation,Chennai,889.66,211.89,1441,589,19.38,5,0,1,4,5.64,MEDIUM
PRJ-1645,Digital Governance Project - Bengaluru #645,Ministry of Health & Family Welfare,Digital Governance,Bengaluru,2310.45,1675.62,937,926,77.93,20,15,1,4,3.1,MEDIUM
PRJ-1646,Infrastructure Project - Kolkata #646,Ministry of Water Resources,Infrastructure,Kolkata,3444.41,2461.13,477,360,59.01,36,21,4,11,4.48,MEDIUM
PRJ-1647,Transportation Project - Patna #647,Ministry of Urban Development,Transportation,Patna,1546.25,83.85,1485,421,4.98,27,1,6,20,7.68,MEDIUM
PRJ-1648,Infrastructure Project - Delhi NCR #648,Ministry of Water Resources,Infrastructure,Delhi NCR,594.93,322.09,996,621,52.15,39,20,2,17,4.56,MEDIUM
PRJ-1649,Urban Infrastructure Project - Chennai #649,Ministry of Urban Development,Urban Infrastructure,Chennai,516.57,58.03,1070,120,8.89,33,2,3,28,6.39,MEDIUM
PRJ-1650,Digital Governance Project - Delhi NCR #650,Ministry of Health & Family Welfare,Digital Governance,Delhi NCR,349.8,366.47,1268,1015,81.97,32,26,0,6,2.21,LOW
PRJ-1651,Energy & Power Project - Chennai #651,Ministry of Power,Energy & Power,Chennai,942.14,509.1,381,145,49.48,34,16,0,18,4.02,LOW
PRJ-1652,Digital Governance Project - Lucknow #652,Ministry of Electronics & IT,Digital Governance,Lucknow,2699.04,1647.69,1244,586,53.31,16,8,0,8,2.36,LOW
PRJ-1653,Water & Sanitation Project - Mumbai #653,Ministry of Road Transport & Highways,Water & Sanitation,Mumbai,51.75,31.31,380,257,52.94,27,14,2,11,3.72,MEDIUM
PRJ-1654,Infrastructure Project - Delhi NCR #654,Ministry of Railways,Infrastructure,Delhi NCR,2171.7,1405.02,296,335,57.34,18,10,4,4,5.01,HIGH
PRJ-1655,Infrastructure Project - Mumbai #655,Ministry of Electronics & IT,Infrastructure,Mumbai,2998.98,2366.01,446,229,66.75,16,10,0,6,3.05,LOW
PRJ-1656,Energy & Power Project - Pune #656,Ministry of Power,Energy & Power,Pune,2315.07,2020.13,335,268,69.18,22,15,1,6,3.33,MEDIUM
PRJ-1657,Water & Sanitation Project - Kolkata #657,Ministry of Electronics & IT,Water & Sanitation,Kolkata,908.1,166.86,1778,322,15.46,29,4,2,23,7.02,MEDIUM
PRJ-1658,Water & Sanitation Project - Chennai #658,Ministry of Power,Water & Sanitation,Chennai,630.97,430.69,322,206,53.99,30,16,1,13,3.68,LOW
PRJ-1659,Healthcare Facility Project - Ahmedabad #659,Ministry of Railways,Healthcare Facility,Ahmedabad,772.17,153.47,1497,324,19.47,21,4,0,17,4.17,LOW
PRJ-1660,Digital Governance Project - Chennai #660,Ministry of Health & Family Welfare,Digital Governance,Chennai,2722.56,1937.64,218,236,81.39,5,4,0,1,2.26,MEDIUM
PRJ-1661,Transportation Project - Guwahati #661,Ministry of Power,Transportation,Guwahati,1161.11,635.17,981,718,51.72,36,18,5,13,5.22,MEDIUM
PRJ-1662,Water & Sanitation Project - Mumbai #662,Ministry of Electronics & IT,Water & Sanitation,Mumbai,1895.05,806.92,186,97,37.2,35,13,3,19,5.41,MEDIUM
PRJ-1663,Energy & Power Project - Patna #663,Ministry of Power,Energy & Power,Patna,1066.87,913.71,293,233,66.94,10,6,0,4,3.36,MEDIUM
PRJ-1664,Infrastructure Project - Pune #664,Ministry of Power,Infrastructure,Pune,2663.98,1373.01,773,628,58.02,7,4,1,2,3.82,MEDIUM
PRJ-1665,Digital Governance Project - Ahmedabad #665,Ministry of Power,Digital Governance,Ahmedabad,3138.65,1885.73,1471,1261,57.59,33,19,5,9,4.4,HIGH
PRJ-1666,Infrastructure Project - Guwahati #666,Ministry of Railways,Infrastructure,Guwahati,3487.38,1620.96,668,426,55.9,39,21,3,15,4.4,LOW
PRJ-1667,Water & Sanitation Project - Pune #667,Ministry of Water Resources,Water & Sanitation,Pune,3383.34,299.76,213,29,10.7,7,0,0,7,4.89,LOW
PRJ-1668,Digital Governance Project - Jaipur #668,Ministry of Electronics & IT,Digital Governance,Jaipur,1609.71,1719.62,1568,1657,100.0,19,19,0,0,0.07,LOW
PRJ-1669,Urban Infrastructure Project - Patna #669,Ministry of Railways,Urban Infrastructure,Patna,76.53,3.83,1446,217,2.81,13,0,1,12,6.52,MEDIUM
PRJ-1670,Water & Sanitation Project - Mumbai #670,Ministry of Power,Water & Sanitation,Mumbai,1602.08,1332.9,529,538,100.0,11,11,0,0,1.19,LOW
PRJ-1671,Transportation Project - Mumbai #671,Ministry of Health & Family Welfare,Transportation,Mumbai,2817.54,1875.38,1052,495,54.65,30,16,0,14,4.22,LOW
PRJ-1672,Healthcare Facility Project - Bengaluru #672,Ministry of Health & Family Welfare,Healthcare Facility,Bengaluru,1132.35,387.03,616,579,31.17,26,8,11,7,8.39,HIGH
PRJ-1673,Urban Infrastructure Project - Bengaluru #673,Ministry of Water Resources,Urban Infrastructure,Bengaluru,2440.07,483.15,1313,369,21.48,7,1,0,6,5.51,MEDIUM
PRJ-1674,Healthcare Facility Project - Ahmedabad #674,Ministry of Electronics & IT,Healthcare Facility,Ahmedabad,2724.04,1733.14,212,226,75.71,5,3,0,2,1.39,HIGH
PRJ-1675,Healthcare Facility Project - Chennai #675,Ministry of Electronics & IT,Healthcare Facility,Chennai,1462.62,392.0,1762,1098,31.04,14,4,4,6,6.09,HIGH
PRJ-1676,Transportation Project - Bengaluru #676,Ministry of Urban Development,Transportation,Bengaluru,2140.78,1227.26,257,194,49.48,10,4,2,4,4.89,HIGH
PRJ-1677,Urban Infrastructure Project - Delhi NCR #677,Ministry of Power,Urban Infrastructure,Delhi NCR,1956.41,272.77,573,131,13.09,11,1,2,8,6.87,MEDIUM
PRJ-1678,Healthcare Facility Project - Hyderabad #678,Ministry of Health & Family Welfare,Healthcare Facility,Hyderabad,1630.11,1529.39,1462,1206,100.0,17,17,0,0,0.3,LOW
PRJ-1679,Urban Infrastructure Project - Pune #679,Ministry of Water Resources,Urban Infrastructure,Pune,625.37,517.19,1552,1730,100.0,28,28,0,0,0.87,LOW
PRJ-1680,Healthcare Facility Project - Pune #680,Ministry of Power,Healthcare Facility,Pune,161.18,31.68,1696,267,18.39,15,2,1,12,5.45,LOW
PRJ-1681,Infrastructure Project - Hyderabad #681,Ministry of Road Transport & Highways,Infrastructure,Hyderabad,2527.7,1938.6,1393,1027,75.97,25,18,0,7,1.42,LOW
PRJ-1682,Infrastructure Project - Hyderabad #682,Ministry of Railways,Infrastructure,Hyderabad,2584.74,684.95,589,302,29.11,35,10,8,17,6.85,MEDIUM
PRJ-1683,Transportation Project - Hyderabad #683,Ministry of Urban Development,Transportation,Hyderabad,3248.33,680.16,1111,328,21.22,34,7,6,21,7.6,MEDIUM
PRJ-1684,Transportation Project - Kolkata #684,Ministry of Power,Transportation,Kolkata,453.97,300.99,1597,1158,70.51,12,8,0,4,2.39,LOW
PRJ-1685,Water & Sanitation Project - Kolkata #685,Ministry of Railways,Water & Sanitation,Kolkata,777.29,385.68,784,598,41.53,15,6,4,5,5.63,HIGH
PRJ-1686,Infrastructure Project - Ahmedabad #686,Ministry of Railways,Infrastructure,Ahmedabad,3000.84,2725.43,1181,1238,100.0,35,35,0,0,0.56,LOW
PRJ-1687,Urban Infrastructure Project - Guwahati #687,Ministry of Electronics & IT,Urban Infrastructure,Guwahati,3055.37,1209.62,687,316,36.33,14,5,2,7,5.78,MEDIUM
PRJ-1688,Infrastructure Project - Delhi NCR #688,Ministry of Urban Development,Infrastructure,Delhi NCR,3469.54,2026.0,1682,1590,71.49,38,27,3,8,4.24,MEDIUM
PRJ-1689,Water & Sanitation Project - Mumbai #689,Ministry of Electronics & IT,Water & Sanitation,Mumbai,1589.02,366.06,672,128,19.58,31,6,4,21,5.89,MEDIUM
PRJ-1690,Transportation Project - Patna #690,Ministry of Power,Transportation,Patna,3496.34,2007.64,212,133,60.29,34,20,2,12,4.28,LOW
PRJ-1691,Urban Infrastructure Project - Pune #691,Ministry of Road Transport & Highways,Urban Infrastructure,Pune,2703.7,1339.46,1620,884,41.46,28,11,4,13,5.93,MEDIUM
PRJ-1692,Water & Sanitation Project - Patna #692,Ministry of Road Transport & Highways,Water & Sanitation,Patna,256.74,111.36,1594,743,53.13,32,17,1,14,4.14,LOW
PRJ-1693,Healthcare Facility Project - Lucknow #693,Ministry of Health & Family Welfare,Healthcare Facility,Lucknow,2782.73,1527.43,1793,1529,49.44,26,12,7,7,5.44,HIGH
PRJ-1694,Energy & Power Project - Delhi NCR #694,Ministry of Electronics & IT,Energy & Power,Delhi NCR,397.27,199.93,928,567,61.34,28,17,0,11,3.05,LOW
PRJ-1695,Healthcare Facility Project - Guwahati #695,Ministry of Road Transport & Highways,Healthcare Facility,Guwahati,2709.78,2486.91,463,546,99.83,12,11,0,1,1.48,LOW
PRJ-1696,Healthcare Facility Project - Guwahati #696,Ministry of Water Resources,Healthcare Facility,Guwahati,742.18,515.76,1705,1597,72.37,22,15,2,5,3.03,MEDIUM
PRJ-1697,Infrastructure Project - Kolkata #697,Ministry of Road Transport & Highways,Infrastructure,Kolkata,1214.84,895.05,1175,765,60.65,35,21,2,12,4.12,LOW
PRJ-1698,Energy & Power Project - Pune #698,Ministry of Health & Family Welfare,Energy & Power,Pune,2177.12,1408.6,1558,1775,53.72,9,4,2,3,4.88,HIGH
PRJ-1699,Infrastructure Project - Ahmedabad #699,Ministry of Road Transport & Highways,Infrastructure,Ahmedabad,3143.83,2636.02,770,888,100.0,15,15,0,0,1.39,LOW
PRJ-1700,Transportation Project - Hyderabad #700,Ministry of Urban Development,Transportation,Hyderabad,1827.2,184.05,1464,182,9.99,39,3,7,29,8.25,MEDIUM
PRJ-1701,Urban Infrastructure Project - Guwahati #701,Ministry of Urban Development,Urban Infrastructure,Guwahati,2259.95,405.61,777,239,22.13,19,4,3,12,6.13,MEDIUM
PRJ-1702,Urban Infrastructure Project - Lucknow #702,Ministry of Power,Urban Infrastructure,Lucknow,1206.35,1258.31,1503,1451,100.0,38,38,0,0,0.89,LOW
PRJ-1703,Healthcare Facility Project - Bengaluru #703,Ministry of Power,Healthcare Facility,Bengaluru,3145.0,569.18,807,233,19.46,35,6,4,25,6.2,MEDIUM
PRJ-1704,Infrastructure Project - Bengaluru #704,Ministry of Water Resources,Infrastructure,Bengaluru,1242.39,686.21,1113,1281,49.79,15,7,5,3,5.08,HIGH
PRJ-1705,Water & Sanitation Project - Guwahati #705,Ministry of Railways,Water & Sanitation,Guwahati,2428.08,959.21,1544,1503,44.86,12,5,3,4,4.59,HIGH
PRJ-1706,Urban Infrastructure Project - Chennai #706,Ministry of Railways,Urban Infrastructure,Chennai,1300.16,764.49,600,431,71.94,25,17,1,7,2.1,LOW
PRJ-1707,Healthcare Facility Project - Bengaluru #707,Ministry of Urban Development,Healthcare Facility,Bengaluru,1872.41,994.45,428,476,52.99,36,19,10,7,8.25,HIGH
PRJ-1708,Transportation Project - Delhi NCR #708,Ministry of Power,Transportation,Delhi NCR,3395.82,3279.14,1298,1522,100.0,23,23,0,0,0.58,LOW
PRJ-1709,Healthcare Facility Project - Patna #709,Ministry of Water Resources,Healthcare Facility,Patna,523.32,196.01,1337,1205,29.7,26,7,14,5,10.0,HIGH
PRJ-1710,Transportation Project - Patna #710,Ministry of Road Transport & Highways,Transportation,Patna,1932.85,347.18,810,103,16.2,19,3,0,16,4.37,LOW
PRJ-1711,Healthcare Facility Project - Patna #711,Ministry of Road Transport & Highways,Healthcare Facility,Patna,691.07,272.22,1258,433,31.07,22,6,1,15,4.01,LOW
PRJ-1712,Urban Infrastructure Project - Patna #712,Ministry of Water Resources,Urban Infrastructure,Patna,2353.74,1938.3,358,420,82.58,36,29,1,6,2.48,MEDIUM
PRJ-1713,Digital Governance Project - Kolkata #713,Ministry of Road Transport & Highways,Digital Governance,Kolkata,1397.48,982.37,1646,1710,71.38,28,19,2,7,2.92,HIGH
PRJ-1714,Urban Infrastructure Project - Jaipur #714,Ministry of Power,Urban Infrastructure,Jaipur,315.72,351.08,1670,1797,94.98,31,29,0,2,0.83,LOW
PRJ-1715,Digital Governance Project - Ahmedabad #715,Ministry of Water Resources,Digital Governance,Ahmedabad,2552.83,593.53,1028,260,21.26,10,2,0,8,4.54,LOW
PRJ-1716,Healthcare Facility Project - Kolkata #716,Ministry of Water Resources,Healthcare Facility,Kolkata,240.74,203.24,1389,1294,100.0,31,31,0,0,0.55,LOW
PRJ-1717,Healthcare Facility Project - Pune #717,Ministry of Railways,Healthcare Facility,Pune,2488.76,1967.15,1726,1909,87.86,29,25,0,4,1.59,MEDIUM
PRJ-1718,Water & Sanitation Project - Chennai #718,Ministry of Water Resources,Water & Sanitation,Chennai,2922.7,1952.79,802,516,57.11,19,10,0,9,2.15,LOW
PRJ-1719,Energy & Power Project - Patna #719,Ministry of Power,Energy & Power,Patna,2921.51,593.8,1147,271,17.94,23,4,2,17,5.89,MEDIUM
PRJ-1720,Digital Governance Project - Hyderabad #720,Ministry of Electronics & IT,Digital Governance,Hyderabad,109.26,47.96,1746,707,33.84,9,3,1,5,4.43,LOW
PRJ-1721,Healthcare Facility Project - Ahmedabad #721,Ministry of Urban Development,Healthcare Facility,Ahmedabad,3040.53,3097.97,1466,1252,79.16,12,9,0,3,2.51,LOW
PRJ-1722,Water & Sanitation Project - Chennai #722,Ministry of Road Transport & Highways,Water & Sanitation,Chennai,578.34,64.84,299,77,10.88,13,1,2,10,5.36,MEDIUM
PRJ-1723,Urban Infrastructure Project - Patna #723,Ministry of Power,Urban Infrastructure,Patna,3193.25,236.79,909,139,7.84,9,0,1,8,6.54,MEDIUM
PRJ-1724,Water & Sanitation Project - Mumbai #724,Ministry of Railways,Water & Sanitation,Mumbai,2099.68,1874.85,522,364,72.23,24,17,0,7,2.78,LOW
PRJ-1725,Infrastructure Project - Jaipur #725,Ministry of Power,Infrastructure,Jaipur,2034.36,219.12,474,54,10.17,28,2,4,22,6.92,MEDIUM
PRJ-1726,Infrastructure Project - Hyderabad #726,Ministry of Railways,Infrastructure,Hyderabad,549.4,528.98,632,641,80.4,40,32,2,6,3.44,MEDIUM
PRJ-1727,Water & Sanitation Project - Jaipur #727,Ministry of Health & Family Welfare,Water & Sanitation,Jaipur,2496.79,1703.21,1618,1507,79.6,34,27,2,5,2.05,MEDIUM
PRJ-1728,Infrastructure Project - Pune #728,Ministry of Railways,Infrastructure,Pune,1225.25,691.5,1595,795,46.7,38,17,3,18,4.55,LOW
PRJ-1729,Energy & Power Project - Delhi NCR #729,Ministry of Electronics & IT,Energy & Power,Delhi NCR,2608.17,787.2,422,145,24.57,14,3,2,9,5.19,LOW
PRJ-1730,Transportation Project - Mumbai #730,Ministry of Railways,Transportation,Mumbai,1492.57,789.55,1742,1676,63.06,35,22,6,7,4.33,HIGH
PRJ-1731,Infrastructure Project - Patna #731,Ministry of Road Transport & Highways,Infrastructure,Patna,1802.04,1248.78,301,185,55.25,7,3,0,4,3.57,LOW
PRJ-1732,Infrastructure Project - Mumbai #732,Ministry of Water Resources,Infrastructure,Mumbai,3221.14,1307.48,600,447,45.1,27,12,4,11,4.64,HIGH
PRJ-1733,Energy & Power Project - Lucknow #733,Ministry of Electronics & IT,Energy & Power,Lucknow,1223.95,1387.2,508,528,95.21,20,19,0,1,0.38,LOW
PRJ-1734,Healthcare Facility Project - Delhi NCR #734,Ministry of Water Resources,Healthcare Facility,Delhi NCR,1855.65,230.13,1645,511,13.18,39,5,6,28,8.19,MEDIUM
PRJ-1735,Healthcare Facility Project - Guwahati #735,Ministry of Railways,Healthcare Facility,Guwahati,1666.76,1408.47,1609,1204,82.86,11,9,0,2,1.57,LOW
PRJ-1736,Urban Infrastructure Project - Hyderabad #736,Ministry of Urban Development,Urban Infrastructure,Hyderabad,1804.74,505.4,1014,227,21.67,12,2,1,9,5.36,LOW
PRJ-1737,Water & Sanitation Project - Kolkata #737,Ministry of Urban Development,Water & Sanitation,Kolkata,2469.51,1697.25,1321,1181,81.71,36,29,0,7,1.48,LOW
PRJ-1738,Digital Governance Project - Chennai #738,Ministry of Health & Family Welfare,Digital Governance,Chennai,2407.79,921.43,1089,379,38.13,32,12,0,20,3.23,LOW
PRJ-1739,Water & Sanitation Project - Pune #739,Ministry of Water Resources,Water & Sanitation,Pune,3287.4,1607.8,932,277,37.64,36,13,1,22,4.31,LOW
PRJ-1740,Digital Governance Project - Patna #740,Ministry of Health & Family Welfare,Digital Governance,Patna,306.67,206.92,473,252,58.8,11,6,0,5,3.84,LOW
PRJ-1741,Infrastructure Project - Kolkata #741,Ministry of Railways,Infrastructure,Kolkata,3413.47,519.75,873,279,12.46,30,3,5,22,8.05,MEDIUM
PRJ-1742,Urban Infrastructure Project - Chennai #742,Ministry of Electronics & IT,Urban Infrastructure,Chennai,2679.21,983.8,1748,1293,39.21,30,11,7,12,7.17,HIGH
PRJ-1743,Urban Infrastructure Project - Jaipur #743,Ministry of Urban Development,Urban Infrastructure,Jaipur,983.33,352.41,1752,1051,41.62,36,14,6,16,6.58,MEDIUM
PRJ-1744,Infrastructure Project - Mumbai #744,Ministry of Railways,Infrastructure,Mumbai,2584.92,1162.9,319,206,55.31,16,8,1,7,3.99,LOW
PRJ-1745,Energy & Power Project - Lucknow #745,Ministry of Railways,Energy & Power,Lucknow,2185.08,462.46,1736,319,18.0,36,6,4,26,6.1,MEDIUM
PRJ-1746,Urban Infrastructure Project - Pune #746,Ministry of Electronics & IT,Urban Infrastructure,Pune,1771.73,695.73,1290,616,31.93,39,12,4,23,6.53,MEDIUM
PRJ-1747,Infrastructure Project - Ahmedabad #747,Ministry of Urban Development,Infrastructure,Ahmedabad,1580.9,679.81,950,557,52.57,16,8,1,7,4.49,LOW
PRJ-1748,Digital Governance Project - Bengaluru #748,Ministry of Power,Digital Governance,Bengaluru,1725.26,501.2,455,201,29.21,12,3,2,7,5.32,MEDIUM
PRJ-1749,Digital Governance Project - Jaipur #749,Ministry of Health & Family Welfare,Digital Governance,Jaipur,2007.01,882.64,1154,829,50.08,8,4,1,3,3.89,MEDIUM
PRJ-1750,Healthcare Facility Project - Patna #750,Ministry of Urban Development,Healthcare Facility,Patna,1241.15,227.34,762,344,22.5,7,1,1,5,5.01,MEDIUM
PRJ-1751,Digital Governance Project - Lucknow #751,Ministry of Water Resources,Digital Governance,Lucknow,103.88,25.95,1460,694,29.43,27,7,7,13,7.15,MEDIUM
PRJ-1752,Digital Governance Project - Hyderabad #752,Ministry of Road Transport & Highways,Digital Governance,Hyderabad,874.17,167.18,1507,668,22.7,9,2,2,5,4.89,MEDIUM
PRJ-1753,Infrastructure Project - Jaipur #753,Ministry of Railways,Infrastructure,Jaipur,1148.15,578.9,1123,924,49.86,37,18,9,10,6.64,HIGH
PRJ-1754,Urban Infrastructure Project - Lucknow #754,Ministry of Electronics & IT,Urban Infrastructure,Lucknow,87.61,49.94,828,426,57.28,11,6,0,5,2.34,LOW
PRJ-1755,Transportation Project - Kolkata #755,Ministry of Electronics & IT,Transportation,Kolkata,1743.59,786.86,1746,1456,51.09,24,12,4,8,4.92,HIGH
PRJ-1756,Digital Governance Project - Mumbai #756,Ministry of Urban Development,Digital Governance,Mumbai,2942.93,1195.78,1277,428,43.57,24,10,1,13,4.03,LOW
PRJ-1757,Healthcare Facility Project - Guwahati #757,Ministry of Railways,Healthcare Facility,Guwahati,3353.21,2765.53,1649,1696,97.33,26,25,0,1,1.27,LOW
PRJ-1758,Urban Infrastructure Project - Ahmedabad #758,Ministry of Health & Family Welfare,Urban Infrastructure,Ahmedabad,741.99,515.99,337,275,73.13,24,17,1,6,2.82,LOW
PRJ-1759,Urban Infrastructure Project - Ahmedabad #759,Ministry of Railways,Urban Infrastructure,Ahmedabad,886.91,398.48,1235,739,38.02,16,6,3,7,5.55,MEDIUM
PRJ-1760,Water & Sanitation Project - Bengaluru #760,Ministry of Health & Family Welfare,Water & Sanitation,Bengaluru,2023.18,2076.84,616,509,84.7,34,28,0,6,2.04,LOW
PRJ-1761,Healthcare Facility Project - Ahmedabad #761,Ministry of Water Resources,Healthcare Facility,Ahmedabad,3271.88,1934.2,1668,1316,55.71,28,15,4,9,4.3,MEDIUM
PRJ-1762,Digital Governance Project - Chennai #762,Ministry of Electronics & IT,Digital Governance,Chennai,2955.99,1423.09,1020,459,39.62,9,3,1,5,5.11,LOW
PRJ-1763,Water & Sanitation Project - Chennai #763,Ministry of Power,Water & Sanitation,Chennai,2264.69,2079.13,705,603,100.0,20,20,0,0,0.38,LOW
PRJ-1764,Water & Sanitation Project - Chennai #764,Ministry of Railways,Water & Sanitation,Chennai,1629.92,1361.14,1326,1578,82.6,7,5,0,2,1.42,MEDIUM
PRJ-1765,Energy & Power Project - Chennai #765,Ministry of Road Transport & Highways,Energy & Power,Chennai,2308.76,1740.88,540,436,91.83,36,33,0,3,0.52,LOW
PRJ-1766,Energy & Power Project - Lucknow #766,Ministry of Road Transport & Highways,Energy & Power,Lucknow,1049.95,710.36,310,338,67.42,28,18,4,6,5.0,HIGH
PRJ-1767,Water & Sanitation Project - Guwahati #767,Ministry of Urban Development,Water & Sanitation,Guwahati,2951.2,642.45,663,147,18.65,12,2,1,9,6.13,MEDIUM
PRJ-1768,Healthcare Facility Project - Chennai #768,Ministry of Water Resources,Healthcare Facility,Chennai,1742.61,698.09,364,131,46.52,25,11,0,14,3.84,LOW
PRJ-1769,Water & Sanitation Project - Guwahati #769,Ministry of Urban Development,Water & Sanitation,Guwahati,2606.42,523.39,1046,355,23.53,18,4,4,10,6.3,MEDIUM
PRJ-1770,Water & Sanitation Project - Lucknow #770,Ministry of Power,Water & Sanitation,Lucknow,205.18,173.96,1272,651,66.53,25,16,0,9,2.62,LOW
PRJ-1771,Energy & Power Project - Bengaluru #771,Ministry of Railways,Energy & Power,Bengaluru,1276.86,630.44,1645,829,51.75,7,3,0,4,3.74,LOW
PRJ-1772,Digital Governance Project - Patna #772,Ministry of Road Transport & Highways,Digital Governance,Patna,846.47,351.28,1311,685,37.07,28,10,5,13,6.52,MEDIUM
PRJ-1773,Water & Sanitation Project - Hyderabad #773,Ministry of Health & Family Welfare,Water & Sanitation,Hyderabad,3003.19,417.59,975,105,10.86,21,2,1,18,6.73,MEDIUM
PRJ-1774,Transportation Project - Chennai #774,Ministry of Water Resources,Transportation,Chennai,744.25,830.34,508,562,100.0,31,31,0,0,0.55,LOW
PRJ-1775,Water & Sanitation Project - Pune #775,Ministry of Road Transport & Highways,Water & Sanitation,Pune,1654.11,1598.47,1025,1147,100.0,32,32,0,0,1.64,LOW
PRJ-1776,Transportation Project - Guwahati #776,Ministry of Water Resources,Transportation,Guwahati,920.79,225.28,315,153,22.22,40,8,13,19,10.0,HIGH
PRJ-1777,Water & Sanitation Project - Delhi NCR #777,Ministry of Road Transport & Highways,Water & Sanitation,Delhi NCR,2248.39,1424.63,556,441,53.0,13,6,1,6,3.15,HIGH
PRJ-1778,Energy & Power Project - Lucknow #778,Ministry of Power,Energy & Power,Lucknow,296.99,101.21,503,188,29.46,13,3,2,8,5.7,MEDIUM
PRJ-1779,Energy & Power Project - Pune #779,Ministry of Water Resources,Energy & Power,Pune,1679.5,305.0,1685,415,20.48,25,5,4,16,5.97,MEDIUM
PRJ-1780,Energy & Power Project - Bengaluru #780,Ministry of Urban Development,Energy & Power,Bengaluru,1383.29,1659.95,952,1084,100.0,19,19,0,0,0.05,LOW
PRJ-1781,Digital Governance Project - Lucknow #781,Ministry of Health & Family Welfare,Digital Governance,Lucknow,2196.93,1766.74,362,424,89.44,15,13,0,2,1.76,MEDIUM
PRJ-1782,Energy & Power Project - Bengaluru #782,Ministry of Health & Family Welfare,Energy & Power,Bengaluru,320.82,51.35,933,267,14.77,5,0,1,4,5.53,MEDIUM
PRJ-1783,Water & Sanitation Project - Patna #783,Ministry of Urban Development,Water & Sanitation,Patna,1734.58,1297.62,639,565,83.56,22,18,0,4,1.81,LOW
PRJ-1784,Urban Infrastructure Project - Hyderabad #784,Ministry of Railways,Urban Infrastructure,Hyderabad,2104.29,1696.1,759,682,90.09,16,14,0,2,0.79,LOW
PRJ-1785,Energy & Power Project - Hyderabad #785,Ministry of Power,Energy & Power,Hyderabad,2165.7,1238.49,688,348,50.07,34,17,0,17,3.43,LOW
PRJ-1786,Energy & Power Project - Guwahati #786,Ministry of Water Resources,Energy & Power,Guwahati,1397.47,1598.0,614,543,99.07,21,20,0,1,1.16,LOW
PRJ-1787,Energy & Power Project - Hyderabad #787,Ministry of Road Transport & Highways,Energy & Power,Hyderabad,1653.55,1984.26,905,1082,100.0,7,7,0,0,1.01,LOW
PRJ-1788,Energy & Power Project - Ahmedabad #788,Ministry of Urban Development,Energy & Power,Ahmedabad,2352.7,2450.98,450,524,96.48,16,15,0,1,1.18,LOW
PRJ-1789,Urban Infrastructure Project - Bengaluru #789,Ministry of Power,Urban Infrastructure,Bengaluru,322.87,159.88,1634,1116,56.86,12,6,1,5,4.51,MEDIUM
PRJ-1790,Water & Sanitation Project - Chennai #790,Ministry of Urban Development,Water & Sanitation,Chennai,2619.9,578.85,1060,435,17.84,21,3,6,12,7.38,MEDIUM
PRJ-1791,Energy & Power Project - Guwahati #791,Ministry of Railways,Energy & Power,Guwahati,3481.03,3592.15,1744,1996,95.74,33,31,0,2,0.51,LOW
PRJ-1792,Transportation Project - Delhi NCR #792,Ministry of Railways,Transportation,Delhi NCR,1651.16,1327.5,514,450,78.96,36,28,0,8,1.77,LOW
PRJ-1793,Healthcare Facility Project - Pune #793,Ministry of Electronics & IT,Healthcare Facility,Pune,1607.58,1820.06,410,422,91.79,12,11,0,1,0.82,LOW
PRJ-1794,Transportation Project - Bengaluru #794,Ministry of Power,Transportation,Bengaluru,2627.28,1135.37,738,531,38.19,18,6,5,7,7.03,HIGH
PRJ-1795,Water & Sanitation Project - Lucknow #795,Ministry of Health & Family Welfare,Water & Sanitation,Lucknow,640.19,143.25,337,124,21.33,11,2,2,7,4.79,MEDIUM
PRJ-1796,Digital Governance Project - Mumbai #796,Ministry of Electronics & IT,Digital Governance,Mumbai,1385.65,1182.01,1389,1558,100.0,25,25,0,0,0.16,LOW
PRJ-1797,Digital Governance Project - Patna #797,Ministry of Water Resources,Digital Governance,Patna,1684.69,1552.74,1466,1686,84.01,5,4,0,1,0.89,MEDIUM
PRJ-1798,Urban Infrastructure Project - Kolkata #798,Ministry of Health & Family Welfare,Urban Infrastructure,Kolkata,3316.49,3974.87,1683,1847,100.0,13,13,0,0,0.1,LOW
PRJ-1799,Energy & Power Project - Kolkata #799,Ministry of Electronics & IT,Energy & Power,Kolkata,2795.53,542.18,1703,302,15.2,29,4,1,24,5.15,LOW
PRJ-1800,Water & Sanitation Project - Ahmedabad #800,Ministry of Railways,Water & Sanitation,Ahmedabad,321.27,91.39,606,169,23.91,23,5,3,15,6.91,MEDIUM
PRJ-1801,Infrastructure Project - Chennai #801,Ministry of Railways,Infrastructure,Chennai,1723.05,2067.66,1065,968,98.58,13,12,0,1,0.26,LOW
PRJ-1802,Healthcare Facility Project - Hyderabad #802,Ministry of Power,Healthcare Facility,Hyderabad,1718.78,835.21,974,607,44.93,32,14,3,15,4.8,MEDIUM
PRJ-1803,Healthcare Facility Project - Bengaluru #803,Ministry of Power,Healthcare Facility,Bengaluru,1525.03,283.78,1052,212,17.61,34,5,4,25,7.01,MEDIUM
PRJ-1804,Transportation Project - Pune #804,Ministry of Electronics & IT,Transportation,Pune,1850.2,869.82,1505,1019,49.73,32,15,3,14,5.32,MEDIUM
PRJ-1805,Transportation Project - Bengaluru #805,Ministry of Power,Transportation,Bengaluru,2398.26,1887.5,795,815,74.14,23,17,2,4,3.19,HIGH
PRJ-1806,Healthcare Facility Project - Mumbai #806,Ministry of Road Transport & Highways,Healthcare Facility,Mumbai,1792.17,319.28,1025,209,15.76,21,3,2,16,6.18,MEDIUM
PRJ-1807,Healthcare Facility Project - Delhi NCR #807,Ministry of Water Resources,Healthcare Facility,Delhi NCR,407.63,268.12,1534,934,55.13,30,16,0,14,3.08,LOW
PRJ-1808,Energy & Power Project - Kolkata #808,Ministry of Electronics & IT,Energy & Power,Kolkata,2059.36,1437.45,1111,1036,68.1,21,14,2,5,4.23,HIGH
PRJ-1809,Transportation Project - Hyderabad #809,Ministry of Water Resources,Transportation,Hyderabad,655.95,609.81,1709,2017,100.0,11,11,0,0,0.04,LOW
PRJ-1810,Infrastructure Project - Delhi NCR #810,Ministry of Urban Development,Infrastructure,Delhi NCR,609.36,231.84,1157,701,37.95,36,13,6,17,7.13,MEDIUM
PRJ-1811,Energy & Power Project - Guwahati #811,Ministry of Health & Family Welfare,Energy & Power,Guwahati,2361.57,1921.4,1593,1342,67.67,10,6,0,4,1.64,MEDIUM
PRJ-1812,Water & Sanitation Project - Delhi NCR #812,Ministry of Road Transport & Highways,Water & Sanitation,Delhi NCR,2439.15,1633.02,565,590,74.01,14,10,1,3,2.57,HIGH
PRJ-1813,Water & Sanitation Project - Jaipur #813,Ministry of Electronics & IT,Water & Sanitation,Jaipur,676.29,591.13,796,753,100.0,32,32,0,0,0.33,LOW
PRJ-1814,Digital Governance Project - Guwahati #814,Ministry of Railways,Digital Governance,Guwahati,1563.98,1068.91,1173,725,55.57,20,11,0,9,3.36,LOW
PRJ-1815,Urban Infrastructure Project - Delhi NCR #815,Ministry of Water Resources,Urban Infrastructure,Delhi NCR,1175.14,1193.02,390,309,87.78,31,27,0,4,2.09,LOW
PRJ-1816,Digital Governance Project - Jaipur #816,Ministry of Health & Family Welfare,Digital Governance,Jaipur,3496.6,1109.09,255,162,30.41,36,10,9,17,7.2,HIGH
PRJ-1817,Urban Infrastructure Project - Lucknow #817,Ministry of Road Transport & Highways,Urban Infrastructure,Lucknow,1112.32,451.15,310,122,36.08,35,12,1,22,4.84,LOW
PRJ-1818,Energy & Power Project - Pune #818,Ministry of Electronics & IT,Energy & Power,Pune,2444.33,837.84,222,61,29.47,35,10,1,24,4.39,LOW
PRJ-1819,Healthcare Facility Project - Patna #819,Ministry of Railways,Healthcare Facility,Patna,1193.64,1202.96,1413,1467,87.06,34,29,0,5,1.23,MEDIUM
PRJ-1820,Urban Infrastructure Project - Ahmedabad #820,Ministry of Electronics & IT,Urban Infrastructure,Ahmedabad,2917.45,2610.41,1558,1274,91.29,35,31,0,4,2.12,LOW
PRJ-1821,Transportation Project - Chennai #821,Ministry of Health & Family Welfare,Transportation,Chennai,2420.53,1253.92,356,296,59.92,17,10,1,6,3.39,MEDIUM
PRJ-1822,Urban Infrastructure Project - Pune #822,Ministry of Water Resources,Urban Infrastructure,Pune,1069.75,1190.5,608,433,85.63,27,23,0,4,1.43,LOW
PRJ-1823,Transportation Project - Jaipur #823,Ministry of Railways,Transportation,Jaipur,121.58,63.8,310,146,61.23,19,11,0,8,2.39,LOW
PRJ-1824,Energy & Power Project - Kolkata #824,Ministry of Power,Energy & Power,Kolkata,2695.11,1910.81,1757,1872,75.93,14,10,1,3,3.35,HIGH
PRJ-1825,Digital Governance Project - Mumbai #825,Ministry of Health & Family Welfare,Digital Governance,Mumbai,2475.35,2292.52,1076,1053,72.28,12,8,1,3,3.35,HIGH
PRJ-1826,Water & Sanitation Project - Mumbai #826,Ministry of Health & Family Welfare,Water & Sanitation,Mumbai,2884.4,2030.34,265,174,79.67,12,9,0,3,2.84,LOW
PRJ-1827,Digital Governance Project - Chennai #827,Ministry of Railways,Digital Governance,Chennai,2481.49,2364.77,1740,1142,81.71,11,8,0,3,1.64,LOW
PRJ-1828,Transportation Project - Mumbai #828,Ministry of Water Resources,Transportation,Mumbai,2971.6,2532.07,1079,1258,71.93,5,3,0,2,3.02,HIGH
PRJ-1829,Energy & Power Project - Jaipur #829,Ministry of Power,Energy & Power,Jaipur,607.7,271.68,724,369,37.97,28,10,4,14,5.19,MEDIUM
PRJ-1830,Water & Sanitation Project - Jaipur #830,Ministry of Water Resources,Water & Sanitation,Jaipur,1481.81,293.42,647,162,19.52,31,6,5,20,7.93,MEDIUM
PRJ-1831,Water & Sanitation Project - Patna #831,Ministry of Health & Family Welfare,Water & Sanitation,Patna,1272.59,452.13,240,140,29.98,38,11,12,15,8.47,HIGH
PRJ-1832,Urban Infrastructure Project - Bengaluru #832,Ministry of Power,Urban Infrastructure,Bengaluru,1524.91,999.5,985,921,58.0,14,8,3,3,3.42,HIGH
PRJ-1833,Digital Governance Project - Patna #833,Ministry of Electronics & IT,Digital Governance,Patna,3066.59,1279.5,785,440,33.57,40,13,10,17,8.76,MEDIUM
PRJ-1834,Energy & Power Project - Delhi NCR #834,Ministry of Power,Energy & Power,Delhi NCR,2896.24,1284.06,1260,972,50.76,30,15,5,10,4.87,HIGH
PRJ-1835,Healthcare Facility Project - Lucknow #835,Ministry of Health & Family Welfare,Healthcare Facility,Lucknow,2285.61,1111.87,1608,771,40.34,30,12,4,14,6.34,MEDIUM
PRJ-1836,Infrastructure Project - Jaipur #836,Ministry of Road Transport & Highways,Infrastructure,Jaipur,1177.38,1181.33,1665,1483,80.92,38,30,2,6,2.32,LOW
PRJ-1837,Healthcare Facility Project - Jaipur #837,Ministry of Road Transport & Highways,Healthcare Facility,Jaipur,1099.76,967.8,877,818,100.0,6,6,0,0,1.08,LOW
PRJ-1838,Transportation Project - Chennai #838,Ministry of Power,Transportation,Chennai,2545.52,279.93,1214,268,13.25,28,3,3,22,6.55,MEDIUM
PRJ-1839,Infrastructure Project - Patna #839,Ministry of Road Transport & Highways,Infrastructure,Patna,3295.29,1805.03,1099,470,46.88,34,15,0,19,3.13,LOW
PRJ-1840,Healthcare Facility Project - Lucknow #840,Ministry of Electronics & IT,Healthcare Facility,Lucknow,2504.12,2026.77,1465,1218,66.22,19,12,1,6,2.66,MEDIUM
PRJ-1841,Water & Sanitation Project - Guwahati #841,Ministry of Water Resources,Water & Sanitation,Guwahati,2008.95,1576.85,466,412,74.06,20,14,0,6,2.33,MEDIUM
PRJ-1842,Water & Sanitation Project - Kolkata #842,Ministry of Railways,Water & Sanitation,Kolkata,1595.54,1739.15,480,423,89.77,10,8,0,2,1.36,LOW
PRJ-1843,Urban Infrastructure Project - Hyderabad #843,Ministry of Railways,Urban Infrastructure,Hyderabad,1567.11,754.03,936,790,48.05,40,19,9,12,6.99,HIGH
PRJ-1844,Healthcare Facility Project - Pune #844,Ministry of Power,Healthcare Facility,Pune,2231.25,2304.91,1081,927,81.09,31,25,1,5,1.63,LOW
PRJ-1845,Urban Infrastructure Project - Guwahati #845,Ministry of Railways,Urban Infrastructure,Guwahati,1607.42,1013.04,1622,1077,59.2,18,10,1,7,2.51,LOW
PRJ-1846,Healthcare Facility Project - Kolkata #846,Ministry of Railways,Healthcare Facility,Kolkata,3226.72,2400.66,423,322,74.08,12,8,0,4,1.88,LOW
PRJ-1847,Transportation Project - Mumbai #847,Ministry of Health & Family Welfare,Transportation,Mumbai,1306.42,544.61,946,410,39.97,14,5,0,9,4.18,LOW
PRJ-1848,Energy & Power Project - Chennai #848,Ministry of Road Transport & Highways,Energy & Power,Chennai,762.38,544.14,1694,1080,82.88,27,22,0,5,0.95,LOW
PRJ-1849,Healthcare Facility Project - Chennai #849,Ministry of Urban Development,Healthcare Facility,Chennai,1984.52,1363.17,871,835,66.2,13,8,2,3,3.5,HIGH
PRJ-1850,Water & Sanitation Project - Pune #850,Ministry of Urban Development,Water & Sanitation,Pune,2338.6,1614.75,485,510,71.73,31,22,3,6,4.41,HIGH
PRJ-1851,Healthcare Facility Project - Delhi NCR #851,Ministry of Power,Healthcare Facility,Delhi NCR,3353.7,2376.39,1087,988,63.1,15,9,2,4,3.79,HIGH
PRJ-1852,Water & Sanitation Project - Guwahati #852,Ministry of Water Resources,Water & Sanitation,Guwahati,1087.88,196.97,1501,354,16.77,17,2,3,12,6.45,MEDIUM
PRJ-1853,Infrastructure Project - Lucknow #853,Ministry of Water Resources,Infrastructure,Lucknow,1830.92,983.8,1717,1070,43.04,12,5,2,5,4.71,MEDIUM
PRJ-1854,Energy & Power Project - Hyderabad #854,Ministry of Road Transport & Highways,Energy & Power,Hyderabad,866.05,943.8,1625,1662,100.0,10,10,0,0,1.21,LOW
PRJ-1855,Healthcare Facility Project - Delhi NCR #855,Ministry of Urban Development,Healthcare Facility,Delhi NCR,1725.24,872.55,227,107,56.81,6,3,0,3,2.79,LOW
PRJ-1856,Infrastructure Project - Mumbai #856,Ministry of Power,Infrastructure,Mumbai,3429.45,602.29,1289,367,20.14,21,4,4,13,5.9,MEDIUM
PRJ-1857,Digital Governance Project - Bengaluru #857,Ministry of Urban Development,Digital Governance,Bengaluru,215.61,47.88,846,253,19.2,24,4,3,17,5.88,MEDIUM
PRJ-1858,Energy & Power Project - Chennai #858,Ministry of Urban Development,Energy & Power,Chennai,1320.54,184.51,427,67,15.19,20,3,1,16,6.15,MEDIUM
PRJ-1859,Infrastructure Project - Chennai #859,Ministry of Urban Development,Infrastructure,Chennai,221.61,93.05,1131,801,50.42,6,3,0,3,2.95,MEDIUM
PRJ-1860,Energy & Power Project - Jaipur #860,Ministry of Road Transport & Highways,Energy & Power,Jaipur,3372.53,848.72,1562,330,21.3,13,2,0,11,4.75,LOW
PRJ-1861,Water & Sanitation Project - Patna #861,Ministry of Road Transport & Highways,Water & Sanitation,Patna,1756.51,1560.97,1783,2076,90.07,15,13,0,2,1.57,LOW
PRJ-1862,Healthcare Facility Project - Pune #862,Ministry of Urban Development,Healthcare Facility,Pune,155.85,81.52,1131,1308,47.11,15,7,4,4,6.11,HIGH
PRJ-1863,Energy & Power Project - Lucknow #863,Ministry of Urban Development,Energy & Power,Lucknow,885.6,553.45,1572,814,64.05,18,11,0,7,2.82,LOW
PRJ-1864,Transportation Project - Guwahati #864,Ministry of Road Transport & Highways,Transportation,Guwahati,1873.97,1045.09,323,139,55.9,12,6,0,6,3.66,LOW
PRJ-1865,Urban Infrastructure Project - Hyderabad #865,Ministry of Power,Urban Infrastructure,Hyderabad,2140.45,1898.19,831,891,69.68,21,14,3,4,4.13,HIGH
PRJ-1866,Transportation Project - Patna #866,Ministry of Power,Transportation,Patna,3440.75,1097.53,879,291,24.93,26,6,1,19,5.54,MEDIUM
PRJ-1867,Infrastructure Project - Lucknow #867,Ministry of Electronics & IT,Infrastructure,Lucknow,1673.09,1302.32,199,167,77.33,36,27,1,8,2.61,LOW
PRJ-1868,Digital Governance Project - Patna #868,Ministry of Water Resources,Digital Governance,Patna,280.56,316.42,243,262,93.36,33,30,0,3,1.04,LOW
PRJ-1869,Urban Infrastructure Project - Lucknow #869,Ministry of Water Resources,Urban Infrastructure,Lucknow,1259.3,1511.16,542,554,100.0,5,5,0,0,0.74,LOW
PRJ-1870,Urban Infrastructure Project - Delhi NCR #870,Ministry of Railways,Urban Infrastructure,Delhi NCR,783.11,892.96,220,205,100.0,27,27,0,0,1.63,LOW
PRJ-1871,Energy & Power Project - Guwahati #871,Ministry of Electronics & IT,Energy & Power,Guwahati,781.81,515.58,1191,1386,80.58,36,29,2,5,3.18,MEDIUM
PRJ-1872,Infrastructure Project - Hyderabad #872,Ministry of Railways,Infrastructure,Hyderabad,3445.08,1481.43,1487,796,34.82,37,12,7,18,7.16,MEDIUM
PRJ-1873,Digital Governance Project - Lucknow #873,Ministry of Electronics & IT,Digital Governance,Lucknow,2355.89,714.84,1414,1020,36.44,13,4,4,5,5.03,HIGH
PRJ-1874,Water & Sanitation Project - Hyderabad #874,Ministry of Health & Family Welfare,Water & Sanitation,Hyderabad,3084.7,1770.13,1672,1605,64.05,6,3,1,2,3.58,HIGH
PRJ-1875,Healthcare Facility Project - Chennai #875,Ministry of Health & Family Welfare,Healthcare Facility,Chennai,2385.57,207.46,1109,113,8.58,8,0,1,7,5.62,MEDIUM
PRJ-1876,Urban Infrastructure Project - Chennai #876,Ministry of Water Resources,Urban Infrastructure,Chennai,434.79,339.55,1241,761,79.63,7,5,0,2,1.47,LOW
PRJ-1877,Urban Infrastructure Project - Jaipur #877,Ministry of Power,Urban Infrastructure,Jaipur,1576.53,578.46,190,100,37.93,6,2,1,3,3.95,MEDIUM
PRJ-1878,Urban Infrastructure Project - Mumbai #878,Ministry of Electronics & IT,Urban Infrastructure,Mumbai,3210.31,776.91,583,163,25.33,11,2,0,9,4.6,LOW
PRJ-1879,Healthcare Facility Project - Patna #879,Ministry of Road Transport & Highways,Healthcare Facility,Patna,3273.36,1066.33,692,257,31.42,26,8,4,14,6.67,MEDIUM
PRJ-1880,Water & Sanitation Project - Hyderabad #880,Ministry of Health & Family Welfare,Water & Sanitation,Hyderabad,3302.98,2933.66,1768,1343,87.14,11,9,0,2,1.8,LOW
PRJ-1881,Infrastructure Project - Delhi NCR #881,Ministry of Road Transport & Highways,Infrastructure,Delhi NCR,1327.11,255.17,1600,274,22.26,33,7,0,26,5.11,LOW
PRJ-1882,Infrastructure Project - Mumbai #882,Ministry of Urban Development,Infrastructure,Mumbai,2374.7,327.54,1325,208,11.26,30,3,1,26,6.34,MEDIUM
PRJ-1883,Water & Sanitation Project - Lucknow #883,Ministry of Railways,Water & Sanitation,Lucknow,2758.29,221.35,1457,162,8.09,32,2,6,24,8.23,MEDIUM
PRJ-1884,Digital Governance Project - Patna #884,Ministry of Power,Digital Governance,Patna,2742.42,2227.16,1109,741,74.24,11,8,0,3,2.48,LOW
PRJ-1885,Healthcare Facility Project - Hyderabad #885,Ministry of Road Transport & Highways,Healthcare Facility,Hyderabad,3166.25,2396.24,438,350,81.54,31,25,0,6,2.16,LOW
PRJ-1886,Transportation Project - Bengaluru #886,Ministry of Railways,Transportation,Bengaluru,2791.62,941.89,303,72,30.89,37,11,3,23,6.16,MEDIUM
PRJ-1887,Healthcare Facility Project - Jaipur #887,Ministry of Power,Healthcare Facility,Jaipur,2716.48,1834.2,481,296,61.29,23,14,0,9,1.95,LOW
PRJ-1888,Digital Governance Project - Patna #888,Ministry of Health & Family Welfare,Digital Governance,Patna,514.66,313.26,666,438,49.99,8,3,1,4,3.29,MEDIUM
PRJ-1889,Digital Governance Project - Hyderabad #889,Ministry of Railways,Digital Governance,Hyderabad,2750.57,874.68,879,270,30.64,34,10,2,22,4.93,LOW
PRJ-1890,Healthcare Facility Project - Kolkata #890,Ministry of Health & Family Welfare,Healthcare Facility,Kolkata,2160.2,956.79,1037,478,51.96,7,3,0,4,4.24,LOW
PRJ-1891,Transportation Project - Guwahati #891,Ministry of Electronics & IT,Transportation,Guwahati,813.66,298.56,1457,487,35.27,26,9,2,15,4.79,LOW
PRJ-1892,Transportation Project - Delhi NCR #892,Ministry of Urban Development,Transportation,Delhi NCR,1276.23,661.35,331,163,48.1,14,6,0,8,2.98,LOW
PRJ-1893,Water & Sanitation Project - Kolkata #893,Ministry of Health & Family Welfare,Water & Sanitation,Kolkata,163.23,54.37,240,76,35.36,19,6,1,12,5.07,LOW
PRJ-1894,Water & Sanitation Project - Jaipur #894,Ministry of Power,Water & Sanitation,Jaipur,868.42,148.08,581,71,13.96,11,1,0,10,5.66,MEDIUM
PRJ-1895,Digital Governance Project - Mumbai #895,Ministry of Urban Development,Digital Governance,Mumbai,1190.96,569.14,610,265,51.94,28,14,0,14,4.29,LOW
PRJ-1896,Healthcare Facility Project - Ahmedabad #896,Ministry of Water Resources,Healthcare Facility,Ahmedabad,3075.57,888.81,313,72,23.28,13,3,1,9,4.62,LOW
PRJ-1897,Digital Governance Project - Kolkata #897,Ministry of Urban Development,Digital Governance,Kolkata,1119.65,834.57,1059,1243,80.82,7,5,0,2,2.13,MEDIUM
PRJ-1898,Healthcare Facility Project - Chennai #898,Ministry of Water Resources,Healthcare Facility,Chennai,2765.66,1014.91,851,316,32.92,22,7,3,12,6.26,MEDIUM
PRJ-1899,Urban Infrastructure Project - Hyderabad #899,Ministry of Health & Family Welfare,Urban Infrastructure,Hyderabad,2548.27,2051.11,1786,1103,71.12,9,6,0,3,2.22,LOW
PRJ-1900,Water & Sanitation Project - Jaipur #900,Ministry of Electronics & IT,Water & Sanitation,Jaipur,1316.19,498.43,1242,758,39.41,28,11,5,12,6.0,MEDIUM
PRJ-1901,Urban Infrastructure Project - Chennai #901,Ministry of Urban Development,Urban Infrastructure,Chennai,2038.34,2097.2,1486,1654,94.22,7,6,0,1,2.08,LOW
PRJ-1902,Water & Sanitation Project - Hyderabad #902,Ministry of Urban Development,Water & Sanitation,Hyderabad,1391.69,586.34,806,457,42.62,15,6,2,7,4.42,MEDIUM
PRJ-1903,Infrastructure Project - Bengaluru #903,Ministry of Health & Family Welfare,Infrastructure,Bengaluru,2633.16,1294.98,784,461,50.4,7,3,0,4,3.72,LOW
PRJ-1904,Urban Infrastructure Project - Pune #904,Ministry of Urban Development,Urban Infrastructure,Pune,1519.44,1456.4,932,917,100.0,29,29,0,0,0.88,LOW
PRJ-1905,Digital Governance Project - Mumbai #905,Ministry of Power,Digital Governance,Mumbai,1263.23,503.39,348,147,37.92,39,14,4,21,6.28,MEDIUM
PRJ-1906,Infrastructure Project - Mumbai #906,Ministry of Railways,Infrastructure,Mumbai,259.01,150.53,258,180,60.11,26,15,1,10,3.88,LOW
PRJ-1907,Digital Governance Project - Chennai #907,Ministry of Water Resources,Digital Governance,Chennai,675.34,447.48,1417,1697,51.0,39,19,13,7,7.67,HIGH
PRJ-1908,Energy & Power Project - Kolkata #908,Ministry of Power,Energy & Power,Kolkata,2743.12,3291.74,1007,1148,100.0,5,5,0,0,1.03,LOW
PRJ-1909,Transportation Project - Ahmedabad #909,Ministry of Water Resources,Transportation,Ahmedabad,804.25,779.13,1661,1534,93.4,38,35,0,3,1.44,LOW
PRJ-1910,Digital Governance Project - Pune #910,Ministry of Urban Development,Digital Governance,Pune,1198.9,616.13,355,157,57.49,31,17,0,14,3.03,LOW
PRJ-1911,Infrastructure Project - Kolkata #911,Ministry of Health & Family Welfare,Infrastructure,Kolkata,494.94,194.27,442,192,33.58,36,12,6,18,7.39,MEDIUM
PRJ-1912,Transportation Project - Ahmedabad #912,Ministry of Power,Transportation,Ahmedabad,1495.76,874.53,1721,935,49.16,39,19,2,18,4.52,LOW
PRJ-1913,Water & Sanitation Project - Delhi NCR #913,Ministry of Health & Family Welfare,Water & Sanitation,Delhi NCR,3228.28,3820.25,494,580,91.23,30,27,0,3,0.85,LOW
PRJ-1914,Infrastructure Project - Jaipur #914,Ministry of Urban Development,Infrastructure,Jaipur,1358.65,401.17,1152,252,27.22,33,8,1,24,4.65,LOW
PRJ-1915,Infrastructure Project - Patna #915,Ministry of Railways,Infrastructure,Patna,1939.64,1765.48,245,247,82.62,6,4,0,2,1.01,MEDIUM
PRJ-1916,Energy & Power Project - Hyderabad #916,Ministry of Urban Development,Energy & Power,Hyderabad,823.31,526.26,1530,1035,62.22,28,17,1,10,2.63,LOW
PRJ-1917,Urban Infrastructure Project - Ahmedabad #917,Ministry of Water Resources,Urban Infrastructure,Ahmedabad,558.05,136.24,406,98,24.19,9,2,0,7,5.6,MEDIUM
PRJ-1918,Transportation Project - Hyderabad #918,Ministry of Railways,Transportation,Hyderabad,1091.05,714.89,1633,1357,74.51,24,17,1,6,2.68,LOW
PRJ-1919,Urban Infrastructure Project - Chennai #919,Ministry of Electronics & IT,Urban Infrastructure,Chennai,713.94,376.41,472,278,43.49,20,8,3,9,5.85,MEDIUM
PRJ-1920,Urban Infrastructure Project - Pune #920,Ministry of Urban Development,Urban Infrastructure,Pune,2020.7,408.06,1689,338,17.98,34,6,2,26,6.59,MEDIUM
PRJ-1921,Energy & Power Project - Ahmedabad #921,Ministry of Water Resources,Energy & Power,Ahmedabad,2149.47,1188.86,538,299,62.16,32,19,0,13,3.71,LOW
PRJ-1922,Digital Governance Project - Lucknow #922,Ministry of Railways,Digital Governance,Lucknow,343.41,187.45,1610,1835,59.34,15,8,3,4,4.49,HIGH
PRJ-1923,Digital Governance Project - Mumbai #923,Ministry of Power,Digital Governance,Mumbai,2446.17,2710.01,1659,1812,88.32,31,27,1,3,2.09,MEDIUM
PRJ-1924,Infrastructure Project - Mumbai #924,Ministry of Power,Infrastructure,Mumbai,1770.34,561.69,1776,814,30.94,21,6,2,13,4.34,MEDIUM
PRJ-1925,Infrastructure Project - Patna #925,Ministry of Road Transport & Highways,Infrastructure,Patna,2433.76,1650.91,1715,1042,69.8,30,20,0,10,2.3,LOW
PRJ-1926,Energy & Power Project - Mumbai #926,Ministry of Road Transport & Highways,Energy & Power,Mumbai,2484.76,629.4,459,211,21.57,36,7,9,20,7.69,MEDIUM
PRJ-1927,Transportation Project - Guwahati #927,Ministry of Electronics & IT,Transportation,Guwahati,3325.56,1368.57,467,288,43.8,15,6,1,8,3.25,MEDIUM
PRJ-1928,Transportation Project - Chennai #928,Ministry of Road Transport & Highways,Transportation,Chennai,443.29,185.91,1698,899,50.0,5,2,0,3,2.81,LOW
PRJ-1929,Transportation Project - Hyderabad #929,Ministry of Power,Transportation,Hyderabad,2503.3,2173.57,1562,1070,85.04,8,6,0,2,2.37,LOW
PRJ-1930,Digital Governance Project - Guwahati #930,Ministry of Electronics & IT,Digital Governance,Guwahati,2313.54,971.96,390,206,44.03,8,3,1,4,3.3,LOW
PRJ-1931,Water & Sanitation Project - Hyderabad #931,Ministry of Urban Development,Water & Sanitation,Hyderabad,3251.58,2081.25,947,1041,71.12,6,4,0,2,3.42,HIGH
PRJ-1932,Water & Sanitation Project - Hyderabad #932,Ministry of Power,Water & Sanitation,Hyderabad,2383.06,1306.42,309,105,44.17,15,6,0,9,2.88,LOW
PRJ-1933,Infrastructure Project - Kolkata #933,Ministry of Health & Family Welfare,Infrastructure,Kolkata,1136.15,154.4,1463,451,15.04,39,5,8,26,8.3,MEDIUM
PRJ-1934,Transportation Project - Mumbai #934,Ministry of Railways,Transportation,Mumbai,1254.45,62.72,535,62,3.48,5,0,0,5,5.74,MEDIUM
PRJ-1935,Digital Governance Project - Chennai #935,Ministry of Road Transport & Highways,Digital Governance,Chennai,2278.31,401.2,935,138,14.17,31,4,1,26,5.89,MEDIUM
PRJ-1936,Digital Governance Project - Jaipur #936,Ministry of Road Transport & Highways,Digital Governance,Jaipur,2771.5,741.15,1345,388,20.9,25,5,5,15,7.35,MEDIUM
PRJ-1937,Water & Sanitation Project - Guwahati #937,Ministry of Electronics & IT,Water & Sanitation,Guwahati,473.93,279.24,539,430,47.44,25,11,7,7,6.76,HIGH
PRJ-1938,Energy & Power Project - Delhi NCR #938,Ministry of Road Transport & Highways,Energy & Power,Delhi NCR,2133.78,1373.19,1378,818,60.97,19,11,0,8,3.36,LOW
PRJ-1939,Transportation Project - Delhi NCR #939,Ministry of Road Transport & Highways,Transportation,Delhi NCR,2161.06,1007.44,434,190,39.88,20,7,2,11,3.93,LOW
PRJ-1940,Urban Infrastructure Project - Chennai #940,Ministry of Power,Urban Infrastructure,Chennai,715.02,134.74,949,308,23.01,33,7,6,20,6.91,MEDIUM
PRJ-1941,Energy & Power Project - Patna #941,Ministry of Power,Energy & Power,Patna,2756.53,1262.23,261,175,35.53,23,8,6,9,6.08,HIGH
PRJ-1942,Energy & Power Project - Kolkata #942,Ministry of Electronics & IT,Energy & Power,Kolkata,855.45,182.75,1284,204,16.97,20,3,2,15,6.34,MEDIUM
PRJ-1943,Healthcare Facility Project - Ahmedabad #943,Ministry of Railways,Healthcare Facility,Ahmedabad,1829.94,871.26,555,325,59.29,36,21,0,15,2.42,LOW
PRJ-1944,Transportation Project - Hyderabad #944,Ministry of Electronics & IT,Transportation,Hyderabad,448.21,337.86,535,402,62.01,18,11,1,6,2.46,MEDIUM
PRJ-1945,Urban Infrastructure Project - Chennai #945,Ministry of Electronics & IT,Urban Infrastructure,Chennai,582.91,247.8,584,215,47.86,20,9,0,11,3.76,LOW
PRJ-1946,Transportation Project - Chennai #946,Ministry of Electronics & IT,Transportation,Chennai,3019.87,425.34,1165,219,10.95,30,3,4,23,6.99,MEDIUM
PRJ-1947,Healthcare Facility Project - Lucknow #947,Ministry of Urban Development,Healthcare Facility,Lucknow,2574.9,417.88,1737,471,12.71,35,4,4,27,6.73,MEDIUM
PRJ-1948,Infrastructure Project - Chennai #948,Ministry of Water Resources,Infrastructure,Chennai,2087.19,887.45,492,348,47.89,29,13,5,11,5.51,MEDIUM
PRJ-1949,Healthcare Facility Project - Lucknow #949,Ministry of Urban Development,Healthcare Facility,Lucknow,1688.15,365.39,862,215,20.92,14,2,2,10,4.76,LOW
PRJ-1950,Healthcare Facility Project - Guwahati #950,Ministry of Water Resources,Healthcare Facility,Guwahati,2541.46,1270.79,1186,646,49.61,30,14,3,13,4.47,LOW
PRJ-1951,Energy & Power Project - Patna #951,Ministry of Urban Development,Energy & Power,Patna,3456.45,1224.95,325,178,43.25,12,5,1,6,4.37,MEDIUM
PRJ-1952,Water & Sanitation Project - Ahmedabad #952,Ministry of Railways,Water & Sanitation,Ahmedabad,3350.27,3648.89,1759,1942,93.8,37,34,0,3,1.58,LOW
PRJ-1953,Digital Governance Project - Delhi NCR #953,Ministry of Power,Digital Governance,Delhi NCR,2281.66,1025.47,1048,952,48.79,7,3,2,2,4.08,HIGH
PRJ-1954,Digital Governance Project - Delhi NCR #954,Ministry of Electronics & IT,Digital Governance,Delhi NCR,2444.18,856.82,1501,394,31.79,14,4,0,10,4.61,LOW
PRJ-1955,Water & Sanitation Project - Bengaluru #955,Ministry of Electronics & IT,Water & Sanitation,Bengaluru,53.06,10.24,1758,354,16.7,29,4,2,23,6.14,MEDIUM
PRJ-1956,Healthcare Facility Project - Hyderabad #956,Ministry of Road Transport & Highways,Healthcare Facility,Hyderabad,3067.26,2841.62,519,525,100.0,24,24,0,0,1.07,LOW
PRJ-1957,Healthcare Facility Project - Chennai #957,Ministry of Urban Development,Healthcare Facility,Chennai,2571.43,2800.27,1721,1831,93.57,10,9,0,1,1.47,LOW
PRJ-1958,Energy & Power Project - Bengaluru #958,Ministry of Water Resources,Energy & Power,Bengaluru,948.88,913.98,609,683,96.42,24,23,0,1,0.52,LOW
PRJ-1959,Infrastructure Project - Mumbai #959,Ministry of Urban Development,Infrastructure,Mumbai,253.75,141.99,1606,898,55.49,23,12,1,10,2.97,LOW
PRJ-1960,Transportation Project - Guwahati #960,Ministry of Power,Transportation,Guwahati,478.82,176.15,1176,353,28.87,33,9,2,22,4.78,LOW
PRJ-1961,Infrastructure Project - Guwahati #961,Ministry of Railways,Infrastructure,Guwahati,647.73,262.84,1734,539,31.42,31,9,1,21,5.65,MEDIUM
PRJ-1962,Water & Sanitation Project - Patna #962,Ministry of Road Transport & Highways,Water & Sanitation,Patna,589.78,116.42,780,151,22.89,9,2,0,7,5.03,LOW
PRJ-1963,Urban Infrastructure Project - Patna #963,Ministry of Urban Development,Urban Infrastructure,Patna,2664.26,467.12,199,33,14.91,5,0,0,5,5.83,MEDIUM
PRJ-1964,Infrastructure Project - Hyderabad #964,Ministry of Road Transport & Highways,Infrastructure,Hyderabad,1832.95,1018.52,194,99,52.42,22,11,1,10,3.73,LOW
PRJ-1965,Healthcare Facility Project - Ahmedabad #965,Ministry of Power,Healthcare Facility,Ahmedabad,1184.56,1274.17,1576,1700,82.76,20,16,1,3,2.59,MEDIUM
PRJ-1966,Healthcare Facility Project - Delhi NCR #966,Ministry of Urban Development,Healthcare Facility,Delhi NCR,3413.81,2736.31,856,844,100.0,30,30,0,0,1.78,LOW
PRJ-1967,Infrastructure Project - Lucknow #967,Ministry of Railways,Infrastructure,Lucknow,438.9,139.77,1266,515,27.7,20,5,3,12,6.05,MEDIUM
PRJ-1968,Water & Sanitation Project - Pune #968,Ministry of Electronics & IT,Water & Sanitation,Pune,1807.05,930.0,1532,469,39.8,25,9,0,16,3.73,LOW
PRJ-1969,Water & Sanitation Project - Guwahati #969,Ministry of Road Transport & Highways,Water & Sanitation,Guwahati,1146.08,357.52,1089,388,29.93,10,2,1,7,5.78,MEDIUM
PRJ-1970,Digital Governance Project - Guwahati #970,Ministry of Urban Development,Digital Governance,Guwahati,3169.16,900.24,1683,880,25.74,14,3,4,7,7.07,HIGH
PRJ-1971,Water & Sanitation Project - Guwahati #971,Ministry of Water Resources,Water & Sanitation,Guwahati,1771.18,851.62,441,285,57.0,40,22,4,14,4.68,LOW
PRJ-1972,Infrastructure Project - Pune #972,Ministry of Urban Development,Infrastructure,Pune,2322.62,512.98,673,247,24.95,10,2,1,7,6.14,MEDIUM
PRJ-1973,Transportation Project - Kolkata #973,Ministry of Road Transport & Highways,Transportation,Kolkata,3160.24,1586.03,1749,714,43.28,35,15,3,17,5.38,LOW
PRJ-1974,Transportation Project - Jaipur #974,Ministry of Electronics & IT,Transportation,Jaipur,2221.08,347.66,1187,236,13.66,19,2,4,13,7.45,MEDIUM
PRJ-1975,Infrastructure Project - Patna #975,Ministry of Health & Family Welfare,Infrastructure,Patna,1207.86,950.75,1649,1512,67.71,40,27,5,8,4.49,MEDIUM
PRJ-1976,Transportation Project - Chennai #976,Ministry of Railways,Transportation,Chennai,413.76,33.36,359,79,8.31,17,1,4,12,6.42,MEDIUM
PRJ-1977,Transportation Project - Kolkata #977,Ministry of Power,Transportation,Kolkata,3339.7,2140.67,1361,1239,67.09,39,26,3,10,3.62,MEDIUM
PRJ-1978,Energy & Power Project - Kolkata #978,Ministry of Urban Development,Energy & Power,Kolkata,2793.34,503.67,438,294,16.38,19,3,8,8,7.4,HIGH
PRJ-1979,Urban Infrastructure Project - Kolkata #979,Ministry of Water Resources,Urban Infrastructure,Kolkata,515.01,245.49,787,803,45.4,34,15,10,9,7.3,HIGH
PRJ-1980,Digital Governance Project - Guwahati #980,Ministry of Electronics & IT,Digital Governance,Guwahati,129.86,76.88,835,367,45.71,12,5,0,7,4.41,LOW
PRJ-1981,Urban Infrastructure Project - Patna #981,Ministry of Health & Family Welfare,Urban Infrastructure,Patna,2902.12,1636.76,1193,501,43.95,8,3,0,5,3.47,LOW
PRJ-1982,Digital Governance Project - Hyderabad #982,Ministry of Water Resources,Digital Governance,Hyderabad,2969.76,2042.35,640,557,83.23,16,13,0,3,2.29,LOW
PRJ-1983,Water & Sanitation Project - Patna #983,Ministry of Power,Water & Sanitation,Patna,3194.19,2086.75,506,602,60.83,26,15,5,6,4.91,HIGH
PRJ-1984,Water & Sanitation Project - Ahmedabad #984,Ministry of Power,Water & Sanitation,Ahmedabad,1374.81,975.25,1261,1134,75.37,17,12,1,4,2.73,MEDIUM
PRJ-1985,Transportation Project - Kolkata #985,Ministry of Road Transport & Highways,Transportation,Kolkata,2635.41,1850.74,1368,1439,84.91,24,20,0,4,1.08,MEDIUM
PRJ-1986,Urban Infrastructure Project - Guwahati #986,Ministry of Railways,Urban Infrastructure,Guwahati,1693.72,376.28,476,157,18.48,17,3,4,10,5.69,MEDIUM
PRJ-1987,Water & Sanitation Project - Lucknow #987,Ministry of Electronics & IT,Water & Sanitation,Lucknow,365.8,319.64,1788,2122,100.0,32,32,0,0,0.34,LOW
PRJ-1988,Infrastructure Project - Kolkata #988,Ministry of Road Transport & Highways,Infrastructure,Kolkata,3409.81,2927.91,547,623,100.0,37,37,0,0,1.19,LOW
PRJ-1989,Digital Governance Project - Guwahati #989,Ministry of Railways,Digital Governance,Guwahati,1419.94,257.85,249,57,18.19,24,4,3,17,7.2,MEDIUM
PRJ-1990,Digital Governance Project - Ahmedabad #990,Ministry of Electronics & IT,Digital Governance,Ahmedabad,2717.72,2281.41,1553,1280,70.61,29,20,1,8,3.18,MEDIUM
PRJ-1991,Infrastructure Project - Mumbai #991,Ministry of Power,Infrastructure,Mumbai,417.03,271.59,429,273,57.41,37,21,1,15,3.7,LOW
PRJ-1992,Urban Infrastructure Project - Chennai #992,Ministry of Health & Family Welfare,Urban Infrastructure,Chennai,2431.1,715.54,373,363,33.05,35,11,20,4,10.0,HIGH
PRJ-1993,Healthcare Facility Project - Bengaluru #993,Ministry of Power,Healthcare Facility,Bengaluru,357.05,306.25,310,274,69.67,39,27,2,10,3.94,MEDIUM
PRJ-1994,Urban Infrastructure Project - Jaipur #994,Ministry of Road Transport & Highways,Urban Infrastructure,Jaipur,2862.95,2017.77,1784,1772,67.49,38,25,6,7,5.1,HIGH
PRJ-1995,Water & Sanitation Project - Patna #995,Ministry of Water Resources,Water & Sanitation,Patna,443.07,98.42,1722,565,19.67,12,2,1,9,5.61,MEDIUM
PRJ-1996,Infrastructure Project - Jaipur #996,Ministry of Railways,Infrastructure,Jaipur,1570.84,248.35,823,193,18.29,18,3,2,13,5.06,LOW
PRJ-1997,Water & Sanitation Project - Delhi NCR #997,Ministry of Power,Water & Sanitation,Delhi NCR,305.29,255.16,435,285,85.13,39,33,0,6,2.7,LOW
PRJ-1998,Infrastructure Project - Hyderabad #998,Ministry of Electronics & IT,Infrastructure,Hyderabad,1059.09,1002.64,1243,1361,100.0,39,39,0,0,1.15,LOW
PRJ-1999,Energy & Power Project - Jaipur #999,Ministry of Electronics & IT,Energy & Power,Jaipur,3188.63,1822.45,901,690,54.16,11,5,2,4,3.18,MEDIUM
PRJ-2000,Transportation Project - Bengaluru #1000,Ministry of Road Transport & Highways,Transportation,Bengaluru,1055.99,1154.7,620,714,99.31,18,17,0,1,0.59,LOW
PRJ-2001,Healthcare Facility Project - Ahmedabad #1001,Ministry of Electronics & IT,Healthcare Facility,Ahmedabad,269.52,140.43,702,271,46.32,15,6,0,9,2.85,LOW
PRJ-2002,Digital Governance Project - Ahmedabad #1002,Ministry of Power,Digital Governance,Ahmedabad,3291.3,2048.67,473,326,74.52,22,16,0,6,2.67,LOW
PRJ-2003,Digital Governance Project - Kolkata #1003,Ministry of Railways,Digital Governance,Kolkata,1977.11,1885.23,1506,1509,86.49,31,26,1,4,1.71,MEDIUM
PRJ-2004,Urban Infrastructure Project - Ahmedabad #1004,Ministry of Water Resources,Urban Infrastructure,Ahmedabad,100.43,24.06,1416,527,25.62,39,9,4,26,6.42,MEDIUM
PRJ-2005,Energy & Power Project - Patna #1005,Ministry of Road Transport & Highways,Energy & Power,Patna,320.52,273.79,863,824,97.83,19,18,0,1,0.3,LOW
PRJ-2006,Urban Infrastructure Project - Mumbai #1006,Ministry of Railways,Urban Infrastructure,Mumbai,2741.74,882.86,432,126,27.66,24,6,2,16,6.03,MEDIUM
PRJ-2007,Healthcare Facility Project - Kolkata #1007,Ministry of Road Transport & Highways,Healthcare Facility,Kolkata,2454.59,2052.23,757,534,75.75,8,6,0,2,3.11,LOW
PRJ-2008,Transportation Project - Kolkata #1008,Ministry of Urban Development,Transportation,Kolkata,2823.24,3009.13,1568,1826,100.0,30,30,0,0,0.26,LOW
PRJ-2009,Digital Governance Project - Jaipur #1009,Ministry of Road Transport & Highways,Digital Governance,Jaipur,2499.15,656.0,1526,364,26.53,22,5,0,17,5.12,LOW
PRJ-2010,Digital Governance Project - Hyderabad #1010,Ministry of Power,Digital Governance,Hyderabad,2376.97,1331.7,1036,909,62.84,27,16,4,7,4.46,MEDIUM
PRJ-2011,Urban Infrastructure Project - Jaipur #1011,Ministry of Power,Urban Infrastructure,Jaipur,3296.45,2079.08,648,282,51.32,24,12,0,12,3.06,LOW
PRJ-2012,Digital Governance Project - Mumbai #1012,Ministry of Road Transport & Highways,Digital Governance,Mumbai,277.66,220.4,671,764,89.94,8,7,0,1,1.07,MEDIUM
PRJ-2013,Water & Sanitation Project - Delhi NCR #1013,Ministry of Urban Development,Water & Sanitation,Delhi NCR,3367.96,4041.55,1048,885,100.0,13,13,0,0,1.03,LOW
PRJ-2014,Healthcare Facility Project - Guwahati #1014,Ministry of Electronics & IT,Healthcare Facility,Guwahati,445.17,293.19,208,161,52.46,5,2,1,2,4.18,MEDIUM
PRJ-2015,Energy & Power Project - Hyderabad #1015,Ministry of Electronics & IT,Energy & Power,Hyderabad,3479.83,4175.8,1534,1757,100.0,38,38,0,0,0.08,LOW
PRJ-2016,Transportation Project - Patna #1016,Ministry of Urban Development,Transportation,Patna,3256.35,1805.5,1744,1178,60.76,9,5,0,4,2.23,LOW
PRJ-2017,Infrastructure Project - Ahmedabad #1017,Ministry of Power,Infrastructure,Ahmedabad,1739.32,522.52,529,270,35.07,20,7,4,9,6.55,MEDIUM
PRJ-2018,Infrastructure Project - Chennai #1018,Ministry of Water Resources,Infrastructure,Chennai,1054.13,240.42,781,305,28.47,30,8,3,19,5.39,MEDIUM
PRJ-2019,Healthcare Facility Project - Delhi NCR #1019,Ministry of Electronics & IT,Healthcare Facility,Delhi NCR,3274.6,2089.37,1445,1492,76.99,5,3,0,2,1.81,HIGH
PRJ-2020,Infrastructure Project - Delhi NCR #1020,Ministry of Power,Infrastructure,Delhi NCR,1230.53,349.94,1659,505,29.1,11,3,0,8,3.94,LOW
PRJ-2021,Healthcare Facility Project - Bengaluru #1021,Ministry of Health & Family Welfare,Healthcare Facility,Bengaluru,1443.41,179.38,1178,126,10.49,21,2,0,19,5.27,LOW
PRJ-2022,Energy & Power Project - Ahmedabad #1022,Ministry of Power,Energy & Power,Ahmedabad,3123.75,1870.81,1278,1268,70.1,33,23,4,6,3.97,HIGH
PRJ-2023,Energy & Power Project - Guwahati #1023,Ministry of Railways,Energy & Power,Guwahati,1524.52,1485.45,915,980,84.39,12,10,0,2,0.86,MEDIUM
PRJ-2024,Urban Infrastructure Project - Guwahati #1024,Ministry of Urban Development,Urban Infrastructure,Guwahati,1165.94,374.41,244,67,35.7,35,12,2,21,5.98,MEDIUM
PRJ-2025,Urban Infrastructure Project - Pune #1025,Ministry of Road Transport & Highways,Urban Infrastructure,Pune,1929.93,1857.45,1576,1395,100.0,30,30,0,0,1.85,LOW
PRJ-2026,Water & Sanitation Project - Ahmedabad #1026,Ministry of Water Resources,Water & Sanitation,Ahmedabad,468.65,376.28,400,388,93.03,27,25,0,2,1.88,LOW
PRJ-2027,Infrastructure Project - Patna #1027,Ministry of Railways,Infrastructure,Patna,2906.13,2919.24,1059,1243,85.95,32,27,1,4,1.67,MEDIUM
PRJ-2028,Water & Sanitation Project - Ahmedabad #1028,Ministry of Road Transport & Highways,Water & Sanitation,Ahmedabad,874.64,619.2,492,443,79.24,22,17,1,4,3.17,MEDIUM
PRJ-2029,Transportation Project - Patna #1029,Ministry of Electronics & IT,Transportation,Patna,2873.93,2134.1,586,364,62.33,11,6,0,5,2.89,LOW
PRJ-2030,Transportation Project - Lucknow #1030,Ministry of Railways,Transportation,Lucknow,2204.89,398.57,484,170,20.87,7,1,1,5,4.74,MEDIUM
PRJ-2031,Urban Infrastructure Project - Delhi NCR #1031,Ministry of Railways,Urban Infrastructure,Delhi NCR,2161.47,1681.58,366,384,78.57,38,29,2,7,3.14,HIGH
PRJ-2032,Transportation Project - Kolkata #1032,Ministry of Railways,Transportation,Kolkata,1497.0,479.17,305,201,28.53,24,6,7,11,7.1,HIGH
PRJ-2033,Digital Governance Project - Ahmedabad #1033,Ministry of Power,Digital Governance,Ahmedabad,871.92,198.59,277,83,28.46,25,7,1,17,4.92,LOW
PRJ-2034,Infrastructure Project - Ahmedabad #1034,Ministry of Health & Family Welfare,Infrastructure,Ahmedabad,655.09,315.0,1186,592,50.5,11,5,0,6,3.84,LOW
PRJ-2035,Water & Sanitation Project - Bengaluru #1035,Ministry of Water Resources,Water & Sanitation,Bengaluru,1165.93,986.55,1698,1682,72.23,38,27,4,7,3.47,HIGH
PRJ-2036,Transportation Project - Lucknow #1036,Ministry of Power,Transportation,Lucknow,1350.33,475.6,397,96,30.07,12,3,0,9,5.43,LOW
PRJ-2037,Water & Sanitation Project - Hyderabad #1037,Ministry of Electronics & IT,Water & Sanitation,Hyderabad,683.32,311.07,1092,1220,54.36,39,21,10,8,6.88,HIGH
PRJ-2038,Water & Sanitation Project - Hyderabad #1038,Ministry of Urban Development,Water & Sanitation,Hyderabad,1872.12,119.92,494,73,7.15,40,2,8,30,9.63,MEDIUM
PRJ-2039,Water & Sanitation Project - Jaipur #1039,Ministry of Water Resources,Water & Sanitation,Jaipur,3413.19,2125.28,929,551,53.74,32,17,1,14,3.55,LOW
PRJ-2040,Water & Sanitation Project - Delhi NCR #1040,Ministry of Health & Family Welfare,Water & Sanitation,Delhi NCR,592.6,492.66,741,641,96.17,7,6,0,1,0.31,LOW
PRJ-2041,Transportation Project - Guwahati #1041,Ministry of Electronics & IT,Transportation,Guwahati,2852.72,3423.26,1193,1017,100.0,9,9,0,0,1.5,LOW
PRJ-2042,Healthcare Facility Project - Ahmedabad #1042,Ministry of Urban Development,Healthcare Facility,Ahmedabad,1408.96,272.03,736,241,24.08,18,4,2,12,4.61,LOW
PRJ-2043,Healthcare Facility Project - Pune #1043,Ministry of Water Resources,Healthcare Facility,Pune,1768.32,1276.33,1655,1121,75.84,19,14,0,5,1.75,LOW
PRJ-2044,Transportation Project - Hyderabad #1044,Ministry of Road Transport & Highways,Transportation,Hyderabad,169.19,66.84,667,280,35.28,22,7,3,12,4.98,LOW
PRJ-2045,Infrastructure Project - Patna #1045,Ministry of Water Resources,Infrastructure,Patna,3430.28,1522.18,610,419,55.42,27,14,3,10,5.37,MEDIUM
PRJ-2046,Infrastructure Project - Guwahati #1046,Ministry of Power,Infrastructure,Guwahati,3095.11,2972.51,720,643,95.64,23,21,0,2,0.33,LOW
PRJ-2047,Infrastructure Project - Kolkata #1047,Ministry of Water Resources,Infrastructure,Kolkata,775.29,296.77,752,221,29.77,39,11,3,25,6.45,MEDIUM
PRJ-2048,Healthcare Facility Project - Mumbai #1048,Ministry of Water Resources,Healthcare Facility,Mumbai,2531.88,676.21,1589,826,23.7,40,9,10,21,8.7,HIGH
PRJ-2049,Energy & Power Project - Hyderabad #1049,Ministry of Power,Energy & Power,Hyderabad,2040.01,1360.09,1721,920,65.17,32,20,0,12,3.55,LOW
PRJ-2050,Urban Infrastructure Project - Bengaluru #1050,Ministry of Road Transport & Highways,Urban Infrastructure,Bengaluru,1613.27,619.54,540,166,36.74,16,5,0,11,3.21,LOW
PRJ-2051,Transportation Project - Ahmedabad #1051,Ministry of Railways,Transportation,Ahmedabad,2408.91,245.29,564,99,12.18,20,2,2,16,6.48,MEDIUM
PRJ-2052,Infrastructure Project - Guwahati #1052,Ministry of Urban Development,Infrastructure,Guwahati,1848.46,1307.63,1668,1543,87.78,11,9,0,2,0.65,LOW
PRJ-2053,Infrastructure Project - Patna #1053,Ministry of Water Resources,Infrastructure,Patna,3272.03,995.16,450,167,36.13,14,5,1,8,4.79,LOW
PRJ-2054,Infrastructure Project - Mumbai #1054,Ministry of Water Resources,Infrastructure,Mumbai,1902.87,1467.19,873,906,91.52,13,11,0,2,1.55,LOW
PRJ-2055,Water & Sanitation Project - Bengaluru #1055,Ministry of Urban Development,Water & Sanitation,Bengaluru,1082.77,172.3,1160,313,19.22,22,4,3,15,5.49,LOW
PRJ-2056,Infrastructure Project - Mumbai #1056,Ministry of Water Resources,Infrastructure,Mumbai,1910.8,1050.31,390,258,45.12,14,6,1,7,3.59,MEDIUM
PRJ-2057,Urban Infrastructure Project - Ahmedabad #1057,Ministry of Railways,Urban Infrastructure,Ahmedabad,524.34,231.59,1522,632,35.03,29,10,3,16,5.88,MEDIUM
PRJ-2058,Urban Infrastructure Project - Bengaluru #1058,Ministry of Road Transport & Highways,Urban Infrastructure,Bengaluru,3467.78,1070.22,639,135,24.15,27,6,0,21,4.46,LOW
PRJ-2059,Infrastructure Project - Delhi NCR #1059,Ministry of Power,Infrastructure,Delhi NCR,2119.73,1152.07,544,310,56.18,16,8,1,7,2.89,LOW
PRJ-2060,Digital Governance Project - Chennai #1060,Ministry of Electronics & IT,Digital Governance,Chennai,2190.41,681.7,767,370,36.53,36,13,5,18,7.04,MEDIUM
PRJ-2061,Digital Governance Project - Mumbai #1061,Ministry of Water Resources,Digital Governance,Mumbai,2763.11,2402.15,484,462,99.55,14,13,0,1,1.47,LOW
PRJ-2062,Urban Infrastructure Project - Mumbai #1062,Ministry of Water Resources,Urban Infrastructure,Mumbai,404.94,52.45,1055,1219,13.79,10,1,8,1,7.77,HIGH
PRJ-2063,Urban Infrastructure Project - Kolkata #1063,Ministry of Water Resources,Urban Infrastructure,Kolkata,1124.41,1034.37,1048,659,71.51,26,18,0,8,3.31,LOW
PRJ-2064,Urban Infrastructure Project - Ahmedabad #1064,Ministry of Railways,Urban Infrastructure,Ahmedabad,1927.19,585.63,1283,881,28.5,19,5,6,8,7.14,HIGH
PRJ-2065,Healthcare Facility Project - Lucknow #1065,Ministry of Urban Development,Healthcare Facility,Lucknow,2720.31,594.38,1712,584,25.9,28,7,1,20,6.09,MEDIUM
PRJ-2066,Energy & Power Project - Jaipur #1066,Ministry of Road Transport & Highways,Energy & Power,Jaipur,1664.0,787.18,453,504,57.01,27,15,6,6,6.25,HIGH
PRJ-2067,Water & Sanitation Project - Bengaluru #1067,Ministry of Water Resources,Water & Sanitation,Bengaluru,1038.49,587.96,475,483,52.63,31,16,7,8,6.82,HIGH
PRJ-2068,Digital Governance Project - Bengaluru #1068,Ministry of Road Transport & Highways,Digital Governance,Bengaluru,419.15,413.02,1604,1402,99.66,6,5,0,1,0.87,LOW
PRJ-2069,Digital Governance Project - Mumbai #1069,Ministry of Road Transport & Highways,Digital Governance,Mumbai,2322.99,1162.5,331,206,45.62,15,6,1,8,3.85,MEDIUM
PRJ-2070,Transportation Project - Mumbai #1070,Ministry of Road Transport & Highways,Transportation,Mumbai,53.55,11.83,1032,273,24.78,13,3,1,9,5.56,MEDIUM
PRJ-2071,Urban Infrastructure Project - Ahmedabad #1071,Ministry of Power,Urban Infrastructure,Ahmedabad,2531.73,2334.84,1089,1044,80.36,23,18,0,5,1.1,MEDIUM
PRJ-2072,Infrastructure Project - Lucknow #1072,Ministry of Electronics & IT,Infrastructure,Lucknow,2631.45,702.64,1210,334,26.75,32,8,3,21,6.61,MEDIUM
PRJ-2073,Digital Governance Project - Chennai #1073,Ministry of Health & Family Welfare,Digital Governance,Chennai,3217.83,1115.73,1207,527,37.95,15,5,1,9,3.69,LOW
PRJ-2074,Transportation Project - Guwahati #1074,Ministry of Urban Development,Transportation,Guwahati,749.41,63.6,1447,233,8.52,40,3,7,30,7.53,MEDIUM
PRJ-2075,Urban Infrastructure Project - Pune #1075,Ministry of Electronics & IT,Urban Infrastructure,Pune,1103.03,654.92,1494,815,59.96,8,4,0,4,3.3,LOW
PRJ-2076,Energy & Power Project - Mumbai #1076,Ministry of Railways,Energy & Power,Mumbai,374.36,253.71,922,703,55.4,6,3,0,3,2.56,MEDIUM
PRJ-2077,Infrastructure Project - Hyderabad #1077,Ministry of Road Transport & Highways,Infrastructure,Hyderabad,2093.92,862.66,1729,1903,46.09,17,7,6,4,5.16,HIGH
PRJ-2078,Infrastructure Project - Lucknow #1078,Ministry of Power,Infrastructure,Lucknow,1981.14,1533.67,1334,1580,74.3,8,5,0,3,3.17,HIGH
PRJ-2079,Energy & Power Project - Chennai #1079,Ministry of Road Transport & Highways,Energy & Power,Chennai,3356.0,1518.18,1204,378,38.47,27,10,2,15,5.28,LOW
PRJ-2080,Energy & Power Project - Ahmedabad #1080,Ministry of Road Transport & Highways,Energy & Power,Ahmedabad,3138.82,845.22,1211,255,22.37,14,3,0,11,5.47,LOW
PRJ-2081,Healthcare Facility Project - Delhi NCR #1081,Ministry of Urban Development,Healthcare Facility,Delhi NCR,1022.52,555.82,490,416,64.76,10,6,1,3,2.63,MEDIUM
PRJ-2082,Water & Sanitation Project - Patna #1082,Ministry of Railways,Water & Sanitation,Patna,2293.23,2018.51,1754,1561,67.88,37,25,3,9,4.26,MEDIUM
PRJ-2083,Healthcare Facility Project - Kolkata #1083,Ministry of Electronics & IT,Healthcare Facility,Kolkata,1571.71,558.44,448,211,36.25,32,11,2,19,5.41,MEDIUM
PRJ-2084,Urban Infrastructure Project - Hyderabad #1084,Ministry of Electronics & IT,Urban Infrastructure,Hyderabad,738.78,886.54,1430,1097,99.73,36,35,0,1,0.04,LOW
PRJ-2085,Water & Sanitation Project - Chennai #1085,Ministry of Water Resources,Water & Sanitation,Chennai,1919.5,1904.64,1780,1930,94.55,34,32,0,2,2.14,LOW
PRJ-2086,Infrastructure Project - Chennai #1086,Ministry of Railways,Infrastructure,Chennai,2022.03,339.43,903,178,18.87,34,6,1,27,5.4,LOW
PRJ-2087,Water & Sanitation Project - Pune #1087,Ministry of Power,Water & Sanitation,Pune,2279.52,2735.42,467,529,100.0,36,36,0,0,1.72,LOW
PRJ-2088,Urban Infrastructure Project - Lucknow #1088,Ministry of Urban Development,Urban Infrastructure,Lucknow,3210.82,1799.81,444,259,53.07,25,13,1,11,4.11,LOW
PRJ-2089,Urban Infrastructure Project - Chennai #1089,Ministry of Health & Family Welfare,Urban Infrastructure,Chennai,3072.16,455.3,1577,231,11.5,8,0,1,7,5.31,LOW
PRJ-2090,Healthcare Facility Project - Delhi NCR #1090,Ministry of Water Resources,Healthcare Facility,Delhi NCR,549.42,161.61,395,165,33.46,30,10,5,15,5.77,MEDIUM
PRJ-2091,Urban Infrastructure Project - Patna #1091,Ministry of Water Resources,Urban Infrastructure,Patna,336.33,183.62,1134,697,51.14,34,17,2,15,3.6,MEDIUM
PRJ-2092,Urban Infrastructure Project - Ahmedabad #1092,Ministry of Road Transport & Highways,Urban Infrastructure,Ahmedabad,706.15,98.0,853,145,14.29,36,5,2,29,6.57,MEDIUM
PRJ-2093,Energy & Power Project - Pune #1093,Ministry of Road Transport & Highways,Energy & Power,Pune,143.61,125.34,498,569,100.0,18,18,0,0,0.06,LOW
PRJ-2094,Water & Sanitation Project - Ahmedabad #1094,Ministry of Health & Family Welfare,Water & Sanitation,Ahmedabad,227.78,245.45,920,891,83.58,18,15,0,3,2.56,MEDIUM
PRJ-2095,Digital Governance Project - Ahmedabad #1095,Ministry of Water Resources,Digital Governance,Ahmedabad,951.77,250.98,1481,434,30.28,22,6,1,15,4.48,LOW
PRJ-2096,Urban Infrastructure Project - Ahmedabad #1096,Ministry of Electronics & IT,Urban Infrastructure,Ahmedabad,1841.48,1363.09,1551,1678,82.98,8,6,0,2,2.65,MEDIUM
PRJ-2097,Water & Sanitation Project - Chennai #1097,Ministry of Power,Water & Sanitation,Chennai,584.22,528.83,895,1016,86.97,39,33,1,5,1.37,MEDIUM
PRJ-2098,Urban Infrastructure Project - Kolkata #1098,Ministry of Electronics & IT,Urban Infrastructure,Kolkata,3194.97,475.28,1348,711,18.48,17,3,5,9,7.41,HIGH
PRJ-2099,Transportation Project - Kolkata #1099,Ministry of Health & Family Welfare,Transportation,Kolkata,2327.58,2690.35,1683,1543,98.93,25,24,0,1,1.85,LOW
PRJ-2100,Urban Infrastructure Project - Kolkata #1100,Ministry of Railways,Urban Infrastructure,Kolkata,406.49,220.73,1560,853,51.21,5,2,0,3,4.33,LOW
PRJ-2101,Transportation Project - Patna #1101,Ministry of Water Resources,Transportation,Patna,1578.16,326.18,1364,282,22.73,17,3,0,14,4.96,LOW
PRJ-2102,Healthcare Facility Project - Ahmedabad #1102,Ministry of Railways,Healthcare Facility,Ahmedabad,764.32,123.74,609,698,12.59,5,0,4,1,6.7,HIGH
PRJ-2103,Energy & Power Project - Jaipur #1103,Ministry of Power,Energy & Power,Jaipur,2868.49,3225.49,435,378,100.0,34,34,0,0,0.7,LOW
PRJ-2104,Healthcare Facility Project - Ahmedabad #1104,Ministry of Water Resources,Healthcare Facility,Ahmedabad,1835.86,886.56,1746,819,38.23,34,12,3,19,4.64,LOW
PRJ-2105,Transportation Project - Jaipur #1105,Ministry of Health & Family Welfare,Transportation,Jaipur,1531.21,1752.13,763,785,100.0,32,32,0,0,1.4,LOW
PRJ-2106,Infrastructure Project - Mumbai #1106,Ministry of Water Resources,Infrastructure,Mumbai,2822.73,264.41,392,77,11.59,31,3,2,26,6.72,MEDIUM
PRJ-2107,Healthcare Facility Project - Mumbai #1107,Ministry of Health & Family Welfare,Healthcare Facility,Mumbai,2221.0,1343.83,1210,894,74.12,23,17,1,5,2.12,LOW
PRJ-2108,Urban Infrastructure Project - Jaipur #1108,Ministry of Water Resources,Urban Infrastructure,Jaipur,1339.97,1002.4,580,604,58.66,27,15,7,5,6.7,HIGH
PRJ-2109,Water & Sanitation Project - Patna #1109,Ministry of Urban Development,Water & Sanitation,Patna,2466.38,1163.16,1697,908,37.14,19,7,3,9,4.88,MEDIUM
PRJ-2110,Energy & Power Project - Chennai #1110,Ministry of Electronics & IT,Energy & Power,Chennai,2936.31,2355.15,1029,865,100.0,31,31,0,0,0.05,LOW
PRJ-2111,Energy & Power Project - Jaipur #1111,Ministry of Water Resources,Energy & Power,Jaipur,2871.92,915.46,1408,632,36.01,32,11,2,19,5.95,MEDIUM
PRJ-2112,Healthcare Facility Project - Patna #1112,Ministry of Railways,Healthcare Facility,Patna,1382.68,1332.94,285,279,88.53,13,11,0,2,1.35,LOW
PRJ-2113,Transportation Project - Ahmedabad #1113,Ministry of Electronics & IT,Transportation,Ahmedabad,3165.56,846.51,1239,339,29.21,13,3,0,10,4.8,LOW
PRJ-2114,Urban Infrastructure Project - Patna #1114,Ministry of Water Resources,Urban Infrastructure,Patna,3209.16,824.22,1312,360,26.72,10,2,0,8,4.54,LOW
PRJ-2115,Water & Sanitation Project - Lucknow #1115,Ministry of Electronics & IT,Water & Sanitation,Lucknow,544.14,534.56,1445,1269,77.95,10,7,0,3,1.15,LOW
PRJ-2116,Transportation Project - Pune #1116,Ministry of Electronics & IT,Transportation,Pune,2224.28,950.99,1772,875,46.48,19,8,0,11,3.75,LOW
PRJ-2117,Digital Governance Project - Ahmedabad #1117,Ministry of Railways,Digital Governance,Ahmedabad,2698.67,463.03,1530,240,20.39,14,2,0,12,5.26,LOW
PRJ-2118,Water & Sanitation Project - Mumbai #1118,Ministry of Health & Family Welfare,Water & Sanitation,Mumbai,397.15,67.72,1400,328,19.58,21,4,3,14,5.41,LOW
PRJ-2119,Water & Sanitation Project - Kolkata #1119,Ministry of Urban Development,Water & Sanitation,Kolkata,3195.39,1590.91,605,320,47.62,6,2,0,4,3.59,LOW
PRJ-2120,Infrastructure Project - Hyderabad #1120,Ministry of Electronics & IT,Infrastructure,Hyderabad,2408.8,2690.09,948,1022,100.0,33,33,0,0,0.36,LOW
PRJ-2121,Transportation Project - Patna #1121,Ministry of Road Transport & Highways,Transportation,Patna,1989.86,1708.5,1422,1479,100.0,26,26,0,0,0.97,LOW
PRJ-2122,Healthcare Facility Project - Jaipur #1122,Ministry of Health & Family Welfare,Healthcare Facility,Jaipur,27.5,33.0,1248,1143,100.0,17,17,0,0,1.07,LOW
PRJ-2123,Healthcare Facility Project - Bengaluru #1123,Ministry of Health & Family Welfare,Healthcare Facility,Bengaluru,764.91,158.16,927,209,22.76,25,5,0,20,4.03,LOW
PRJ-2124,Transportation Project - Chennai #1124,Ministry of Electronics & IT,Transportation,Chennai,965.1,530.5,588,675,56.42,40,22,10,8,7.11,HIGH
PRJ-2125,Urban Infrastructure Project - Ahmedabad #1125,Ministry of Water Resources,Urban Infrastructure,Ahmedabad,1799.17,1664.32,999,1113,100.0,17,17,0,0,1.77,LOW
PRJ-2126,Urban Infrastructure Project - Mumbai #1126,Ministry of Power,Urban Infrastructure,Mumbai,2046.93,759.7,1749,1305,42.04,18,7,5,6,5.87,HIGH
PRJ-2127,Urban Infrastructure Project - Lucknow #1127,Ministry of Urban Development,Urban Infrastructure,Lucknow,2617.31,2098.56,832,653,72.65,32,23,0,9,2.07,LOW
PRJ-2128,Water & Sanitation Project - Mumbai #1128,Ministry of Electronics & IT,Water & Sanitation,Mumbai,1578.42,967.27,249,287,66.14,31,20,4,7,4.95,HIGH
PRJ-2129,Healthcare Facility Project - Kolkata #1129,Ministry of Electronics & IT,Healthcare Facility,Kolkata,1400.09,333.53,414,123,24.78,16,3,1,12,4.31,LOW
PRJ-2130,Energy & Power Project - Kolkata #1130,Ministry of Electronics & IT,Energy & Power,Kolkata,516.19,108.25,823,193,21.86,5,1,0,4,4.33,LOW
PRJ-2131,Water & Sanitation Project - Kolkata #1131,Ministry of Health & Family Welfare,Water & Sanitation,Kolkata,3146.62,474.75,1330,229,16.02,18,2,1,15,4.8,LOW
PRJ-2132,Digital Governance Project - Lucknow #1132,Ministry of Power,Digital Governance,Lucknow,3312.49,718.35,1554,283,17.4,31,5,3,23,6.2,MEDIUM
PRJ-2133,Energy & Power Project - Hyderabad #1133,Ministry of Water Resources,Energy & Power,Hyderabad,697.96,734.46,1191,772,81.25,31,25,0,6,1.84,LOW
PRJ-2134,Energy & Power Project - Lucknow #1134,Ministry of Health & Family Welfare,Energy & Power,Lucknow,1346.17,128.82,1360,167,11.83,5,0,0,5,4.98,LOW
PRJ-2135,Urban Infrastructure Project - Delhi NCR #1135,Ministry of Water Resources,Urban Infrastructure,Delhi NCR,3136.45,396.74,1260,180,11.27,9,1,0,8,6.1,MEDIUM
PRJ-2136,Digital Governance Project - Chennai #1136,Ministry of Urban Development,Digital Governance,Chennai,968.61,426.04,1723,827,52.37,25,13,0,12,2.48,LOW
PRJ-2137,Digital Governance Project - Pune #1137,Ministry of Power,Digital Governance,Pune,1731.74,1490.52,1492,1736,100.0,28,28,0,0,0.21,LOW
PRJ-2138,Infrastructure Project - Delhi NCR #1138,Ministry of Railways,Infrastructure,Delhi NCR,494.18,311.9,841,880,54.31,19,10,4,5,4.27,HIGH
PRJ-2139,Energy & Power Project - Jaipur #1139,Ministry of Water Resources,Energy & Power,Jaipur,3463.58,3218.66,1589,1676,99.94,7,6,0,1,1.9,LOW
PRJ-2140,Energy & Power Project - Kolkata #1140,Ministry of Road Transport & Highways,Energy & Power,Kolkata,2410.85,866.41,957,379,40.6,13,5,0,8,3.21,LOW
PRJ-2141,Water & Sanitation Project - Bengaluru #1141,Ministry of Power,Water & Sanitation,Bengaluru,2638.09,1856.78,1026,821,62.06,38,23,4,11,4.65,MEDIUM
PRJ-2142,Urban Infrastructure Project - Chennai #1142,Ministry of Electronics & IT,Urban Infrastructure,Chennai,1133.47,721.98,1676,1057,75.3,23,17,0,6,1.94,LOW
PRJ-2143,Water & Sanitation Project - Hyderabad #1143,Ministry of Water Resources,Water & Sanitation,Hyderabad,2311.59,2155.16,1685,1754,81.25,9,7,0,2,1.06,MEDIUM
PRJ-2144,Digital Governance Project - Hyderabad #1144,Ministry of Road Transport & Highways,Digital Governance,Hyderabad,1643.84,377.57,968,296,26.95,18,4,2,12,5.98,MEDIUM
PRJ-2145,Water & Sanitation Project - Kolkata #1145,Ministry of Health & Family Welfare,Water & Sanitation,Kolkata,2664.1,2130.25,818,719,70.91,37,26,2,9,2.51,MEDIUM
PRJ-2146,Urban Infrastructure Project - Pune #1146,Ministry of Power,Urban Infrastructure,Pune,3038.83,839.11,1231,398,27.61,9,2,0,7,3.95,LOW
PRJ-2147,Water & Sanitation Project - Lucknow #1147,Ministry of Power,Water & Sanitation,Lucknow,2272.86,675.92,481,291,34.84,12,4,2,6,5.85,HIGH
PRJ-2148,Energy & Power Project - Delhi NCR #1148,Ministry of Railways,Energy & Power,Delhi NCR,1672.08,456.68,1267,757,29.28,40,11,9,20,8.0,HIGH
PRJ-2149,Urban Infrastructure Project - Jaipur #1149,Ministry of Railways,Urban Infrastructure,Jaipur,1513.66,278.91,863,136,19.68,11,2,0,9,4.78,LOW
PRJ-2150,Transportation Project - Chennai #1150,Ministry of Urban Development,Transportation,Chennai,671.18,343.18,541,407,48.02,36,17,7,12,5.62,HIGH
PRJ-2151,Digital Governance Project - Hyderabad #1151,Ministry of Road Transport & Highways,Digital Governance,Hyderabad,3356.81,569.11,629,142,13.59,22,2,2,18,6.18,MEDIUM
PRJ-2152,Transportation Project - Lucknow #1152,Ministry of Power,Transportation,Lucknow,2451.3,344.89,1008,535,16.54,22,3,8,11,7.72,HIGH
PRJ-2153,Energy & Power Project - Patna #1153,Ministry of Railways,Energy & Power,Patna,1015.09,233.68,1401,583,28.72,16,4,2,10,5.76,MEDIUM
PRJ-2154,Digital Governance Project - Chennai #1154,Ministry of Urban Development,Digital Governance,Chennai,2985.45,537.44,1588,575,18.8,9,1,1,7,5.12,MEDIUM
PRJ-2155,Transportation Project - Delhi NCR #1155,Ministry of Urban Development,Transportation,Delhi NCR,2334.45,1221.0,1056,493,58.85,21,12,0,9,2.4,LOW
PRJ-2156,Water & Sanitation Project - Delhi NCR #1156,Ministry of Water Resources,Water & Sanitation,Delhi NCR,2083.08,1776.59,1150,852,81.68,20,16,0,4,1.01,LOW
PRJ-2157,Healthcare Facility Project - Patna #1157,Ministry of Road Transport & Highways,Healthcare Facility,Patna,3466.54,1406.02,647,438,45.9,14,6,2,6,3.7,MEDIUM
PRJ-2158,Digital Governance Project - Kolkata #1158,Ministry of Water Resources,Digital Governance,Kolkata,1589.63,1076.99,1684,818,63.15,36,22,0,14,2.76,LOW
PRJ-2159,Energy & Power Project - Chennai #1159,Ministry of Water Resources,Energy & Power,Chennai,2488.45,2986.14,1240,1180,100.0,35,35,0,0,1.37,LOW
PRJ-2160,Digital Governance Project - Delhi NCR #1160,Ministry of Electronics & IT,Digital Governance,Delhi NCR,526.17,456.98,1020,1062,76.88,14,10,1,3,1.62,HIGH
PRJ-2161,Digital Governance Project - Guwahati #1161,Ministry of Health & Family Welfare,Digital Governance,Guwahati,3406.78,211.5,916,299,7.35,29,2,10,17,10.0,HIGH
PRJ-2162,Digital Governance Project - Jaipur #1162,Ministry of Electronics & IT,Digital Governance,Jaipur,3148.28,3777.94,1100,1304,100.0,16,16,0,0,1.36,LOW
PRJ-2163,Urban Infrastructure Project - Lucknow #1163,Ministry of Power,Urban Infrastructure,Lucknow,1466.36,265.43,745,327,22.06,38,8,10,20,9.57,MEDIUM
PRJ-2164,Urban Infrastructure Project - Pune #1164,Ministry of Road Transport & Highways,Urban Infrastructure,Pune,1987.65,467.05,890,371,18.29,36,6,12,18,9.18,MEDIUM
PRJ-2165,Transportation Project - Jaipur #1165,Ministry of Electronics & IT,Transportation,Jaipur,3383.68,2353.43,1457,1040,78.92,36,28,0,8,2.65,LOW
PRJ-2166,Urban Infrastructure Project - Delhi NCR #1166,Ministry of Road Transport & Highways,Urban Infrastructure,Delhi NCR,768.47,245.46,1394,328,30.59,5,1,0,4,4.79,LOW
PRJ-2167,Infrastructure Project - Chennai #1167,Ministry of Road Transport & Highways,Infrastructure,Chennai,490.64,515.66,760,732,100.0,40,40,0,0,0.17,LOW
PRJ-2168,Transportation Project - Guwahati #1168,Ministry of Power,Transportation,Guwahati,696.58,652.62,1378,1529,99.1,7,6,0,1,0.75,LOW
PRJ-2169,Digital Governance Project - Patna #1169,Ministry of Water Resources,Digital Governance,Patna,1357.98,1151.52,997,1160,99.87,21,20,0,1,1.2,LOW
PRJ-2170,Healthcare Facility Project - Ahmedabad #1170,Ministry of Railways,Healthcare Facility,Ahmedabad,2379.44,2069.13,840,827,100.0,17,17,0,0,0.83,LOW
PRJ-2171,Energy & Power Project - Chennai #1171,Ministry of Railways,Energy & Power,Chennai,308.74,318.18,1340,1500,100.0,16,16,0,0,1.75,LOW
PRJ-2172,Infrastructure Project - Bengaluru #1172,Ministry of Urban Development,Infrastructure,Bengaluru,1847.73,957.13,1601,711,40.87,27,11,2,14,4.61,LOW
PRJ-2173,Urban Infrastructure Project - Pune #1173,Ministry of Urban Development,Urban Infrastructure,Pune,106.58,14.19,1324,170,11.25,10,1,1,8,6.07,MEDIUM
PRJ-2174,Water & Sanitation Project - Hyderabad #1174,Ministry of Power,Water & Sanitation,Hyderabad,2035.33,435.57,944,226,19.97,23,4,0,19,5.69,MEDIUM
PRJ-2175,Urban Infrastructure Project - Patna #1175,Ministry of Railways,Urban Infrastructure,Patna,30.78,20.97,1742,1850,66.15,8,5,1,2,2.63,HIGH
PRJ-2176,Infrastructure Project - Kolkata #1176,Ministry of Electronics & IT,Infrastructure,Kolkata,2084.25,1342.73,775,559,56.25,8,4,0,4,3.36,MEDIUM
PRJ-2177,Digital Governance Project - Guwahati #1177,Ministry of Health & Family Welfare,Digital Governance,Guwahati,195.04,60.09,599,400,28.5,36,10,10,16,9.37,HIGH
PRJ-2178,Water & Sanitation Project - Bengaluru #1178,Ministry of Electronics & IT,Water & Sanitation,Bengaluru,1060.11,988.75,816,727,73.54,36,26,2,8,2.52,MEDIUM
PRJ-2179,Infrastructure Project - Bengaluru #1179,Ministry of Road Transport & Highways,Infrastructure,Bengaluru,2117.23,789.62,427,286,40.38,11,4,2,5,5.45,HIGH
PRJ-2180,Urban Infrastructure Project - Delhi NCR #1180,Ministry of Urban Development,Urban Infrastructure,Delhi NCR,3241.9,1307.84,794,432,31.24,20,6,5,9,6.53,MEDIUM
PRJ-2181,Healthcare Facility Project - Patna #1181,Ministry of Water Resources,Healthcare Facility,Patna,1542.56,1092.4,1527,1189,69.69,6,4,0,2,3.15,LOW
PRJ-2182,Transportation Project - Bengaluru #1182,Ministry of Electronics & IT,Transportation,Bengaluru,1795.19,1565.01,1612,1130,83.98,23,19,0,4,1.0,LOW
PRJ-2183,Urban Infrastructure Project - Kolkata #1183,Ministry of Health & Family Welfare,Urban Infrastructure,Kolkata,2340.27,1588.57,981,514,56.57,34,19,0,15,3.02,LOW
PRJ-2184,Energy & Power Project - Pune #1184,Ministry of Road Transport & Highways,Energy & Power,Pune,429.24,21.46,977,109,5.1,33,1,2,30,7.36,MEDIUM
PRJ-2185,Urban Infrastructure Project - Guwahati #1185,Ministry of Railways,Urban Infrastructure,Guwahati,1609.64,949.48,198,233,60.26,37,22,6,9,6.19,HIGH
PRJ-2186,Urban Infrastructure Project - Jaipur #1186,Ministry of Health & Family Welfare,Urban Infrastructure,Jaipur,229.05,74.56,1523,405,28.86,26,7,1,18,5.67,MEDIUM
PRJ-2187,Energy & Power Project - Patna #1187,Ministry of Railways,Energy & Power,Patna,1067.23,137.2,986,172,10.54,35,3,4,28,7.02,MEDIUM
PRJ-2188,Transportation Project - Lucknow #1188,Ministry of Electronics & IT,Transportation,Lucknow,2482.67,1994.61,1218,1160,75.6,13,9,1,3,2.8,MEDIUM
PRJ-2189,Energy & Power Project - Lucknow #1189,Ministry of Health & Family Welfare,Energy & Power,Lucknow,2164.99,303.05,1006,175,17.18,15,2,0,13,5.47,LOW
PRJ-2190,Digital Governance Project - Pune #1190,Ministry of Urban Development,Digital Governance,Pune,1139.57,834.26,654,771,60.79,20,12,3,5,4.92,HIGH
PRJ-2191,Urban Infrastructure Project - Ahmedabad #1191,Ministry of Electronics & IT,Urban Infrastructure,Ahmedabad,3229.09,1870.96,306,236,67.59,9,6,0,3,2.37,LOW
PRJ-2192,Water & Sanitation Project - Delhi NCR #1192,Ministry of Electronics & IT,Water & Sanitation,Delhi NCR,3233.19,372.08,837,182,11.23,13,1,3,9,6.79,MEDIUM
PRJ-2193,Transportation Project - Chennai #1193,Ministry of Railways,Transportation,Chennai,1723.95,450.4,1570,651,29.01,15,4,2,9,5.41,MEDIUM
PRJ-2194,Transportation Project - Mumbai #1194,Ministry of Water Resources,Transportation,Mumbai,2041.56,1610.08,1468,1696,92.99,7,6,0,1,2.14,LOW
PRJ-2195,Water & Sanitation Project - Ahmedabad #1195,Ministry of Power,Water & Sanitation,Ahmedabad,1993.35,487.03,327,155,21.41,38,8,10,20,9.59,HIGH
PRJ-2196,Water & Sanitation Project - Pune #1196,Ministry of Health & Family Welfare,Water & Sanitation,Pune,1757.97,1421.39,910,710,74.91,13,9,0,4,2.13,LOW
PRJ-2197,Urban Infrastructure Project - Mumbai #1197,Ministry of Electronics & IT,Urban Infrastructure,Mumbai,1996.34,1535.7,440,422,81.05,12,9,0,3,1.05,MEDIUM
PRJ-2198,Energy & Power Project - Delhi NCR #1198,Ministry of Health & Family Welfare,Energy & Power,Delhi NCR,791.83,724.27,773,861,98.81,27,26,0,1,1.8,LOW
PRJ-2199,Infrastructure Project - Jaipur #1199,Ministry of Power,Infrastructure,Jaipur,2017.99,1919.76,1240,1394,90.6,30,27,0,3,1.56,LOW
PRJ-2200,Healthcare Facility Project - Pune #1200,Ministry of Road Transport & Highways,Healthcare Facility,Pune,3279.87,2606.42,718,587,97.37,31,30,0,1,0.8,LOW
PRJ-2201,Infrastructure Project - Bengaluru #1201,Ministry of Water Resources,Infrastructure,Bengaluru,722.77,347.24,1682,778,40.76,8,3,0,5,3.11,LOW
PRJ-2202,Healthcare Facility Project - Guwahati #1202,Ministry of Health & Family Welfare,Healthcare Facility,Guwahati,2924.16,871.1,252,121,35.66,31,11,4,16,6.04,MEDIUM
PRJ-2203,Healthcare Facility Project - Pune #1203,Ministry of Road Transport & Highways,Healthcare Facility,Pune,3313.64,2225.34,734,657,78.82,36,28,1,7,2.76,MEDIUM
PRJ-2204,Urban Infrastructure Project - Chennai #1204,Ministry of Urban Development,Urban Infrastructure,Chennai,2737.58,273.26,646,79,12.06,17,2,1,14,6.52,MEDIUM
PRJ-2205,Digital Governance Project - Guwahati #1205,Ministry of Electronics & IT,Digital Governance,Guwahati,73.15,11.7,1167,183,13.52,13,1,1,11,5.58,MEDIUM
PRJ-2206,Infrastructure Project - Pune #1206,Ministry of Railways,Infrastructure,Pune,421.79,356.92,1440,1700,86.01,17,14,0,3,2.54,MEDIUM
PRJ-2207,Transportation Project - Mumbai #1207,Ministry of Railways,Transportation,Mumbai,2064.27,906.44,645,357,37.33,39,14,7,18,7.92,MEDIUM
PRJ-2208,Water & Sanitation Project - Guwahati #1208,Ministry of Road Transport & Highways,Water & Sanitation,Guwahati,882.23,95.06,296,54,12.48,16,1,1,14,5.4,LOW
PRJ-2209,Digital Governance Project - Hyderabad #1209,Ministry of Health & Family Welfare,Digital Governance,Hyderabad,3493.33,1389.14,445,341,38.26,12,4,4,4,4.84,HIGH
PRJ-2210,Transportation Project - Pune #1210,Ministry of Health & Family Welfare,Transportation,Pune,2471.34,2965.61,911,990,100.0,33,33,0,0,1.88,LOW
PRJ-2211,Healthcare Facility Project - Chennai #1211,Ministry of Water Resources,Healthcare Facility,Chennai,3042.71,1040.44,680,462,36.62,39,14,10,15,7.28,HIGH
PRJ-2212,Digital Governance Project - Lucknow #1212,Ministry of Urban Development,Digital Governance,Lucknow,1706.86,324.67,340,110,21.9,38,8,4,26,6.99,MEDIUM
PRJ-2213,Infrastructure Project - Kolkata #1213,Ministry of Railways,Infrastructure,Kolkata,2539.94,561.8,1793,459,17.16,33,5,6,22,7.45,MEDIUM
PRJ-2214,Infrastructure Project - Pune #1214,Ministry of Road Transport & Highways,Infrastructure,Pune,2928.77,1264.23,733,297,43.51,10,4,0,6,4.53,LOW
PRJ-2215,Urban Infrastructure Project - Delhi NCR #1215,Ministry of Urban Development,Urban Infrastructure,Delhi NCR,3021.08,1258.9,967,569,45.68,29,13,2,14,4.38,MEDIUM
PRJ-2216,Digital Governance Project - Chennai #1216,Ministry of Road Transport & Highways,Digital Governance,Chennai,119.26,54.33,1742,840,56.03,26,14,1,11,4.41,LOW
PRJ-2217,Water & Sanitation Project - Lucknow #1217,Ministry of Water Resources,Water & Sanitation,Lucknow,765.74,300.88,236,112,32.35,32,10,7,15,7.75,MEDIUM
PRJ-2218,Water & Sanitation Project - Delhi NCR #1218,Ministry of Electronics & IT,Water & Sanitation,Delhi NCR,2827.81,1588.53,1313,691,48.4,23,11,2,10,5.26,LOW
PRJ-2219,Urban Infrastructure Project - Lucknow #1219,Ministry of Urban Development,Urban Infrastructure,Lucknow,2520.08,954.76,1754,1176,42.99,29,12,5,12,6.84,MEDIUM
PRJ-2220,Transportation Project - Delhi NCR #1220,Ministry of Railways,Transportation,Delhi NCR,989.64,834.04,1577,1807,100.0,20,20,0,0,0.59,LOW
PRJ-2221,Urban Infrastructure Project - Delhi NCR #1221,Ministry of Health & Family Welfare,Urban Infrastructure,Delhi NCR,2158.26,435.73,920,363,21.82,5,1,0,4,5.05,MEDIUM
PRJ-2222,Water & Sanitation Project - Chennai #1222,Ministry of Power,Water & Sanitation,Chennai,2968.1,1708.32,1088,662,56.43,34,19,0,15,2.9,LOW
PRJ-2223,Water & Sanitation Project - Jaipur #1223,Ministry of Electronics & IT,Water & Sanitation,Jaipur,770.27,479.96,299,220,74.2,40,29,0,11,1.42,LOW
PRJ-2224,Energy & Power Project - Chennai #1224,Ministry of Railways,Energy & Power,Chennai,915.8,233.46,1193,286,22.86,14,3,2,9,5.97,MEDIUM
PRJ-2225,Infrastructure Project - Patna #1225,Ministry of Railways,Infrastructure,Patna,144.37,77.79,1581,1039,52.82,25,13,1,11,4.19,MEDIUM
PRJ-2226,Digital Governance Project - Chennai #1226,Ministry of Road Transport & Highways,Digital Governance,Chennai,3413.74,2898.06,213,180,69.09,27,18,2,7,2.43,MEDIUM
PRJ-2227,Energy & Power Project - Mumbai #1227,Ministry of Railways,Energy & Power,Mumbai,280.4,45.41,1088,244,19.31,18,3,1,14,5.18,LOW
PRJ-2228,Digital Governance Project - Ahmedabad #1228,Ministry of Water Resources,Digital Governance,Ahmedabad,259.16,183.68,1053,1119,81.32,25,20,1,4,2.05,MEDIUM
PRJ-2229,Digital Governance Project - Kolkata #1229,Ministry of Urban Development,Digital Governance,Kolkata,1652.69,1244.0,782,613,85.52,7,5,0,2,1.02,LOW
PRJ-2230,Infrastructure Project - Mumbai #1230,Ministry of Health & Family Welfare,Infrastructure,Mumbai,2135.54,2185.81,821,543,85.98,37,31,0,6,2.13,LOW
PRJ-2231,Urban Infrastructure Project - Lucknow #1231,Ministry of Railways,Urban Infrastructure,Lucknow,123.77,27.49,1667,441,18.8,10,1,2,7,6.78,MEDIUM
PRJ-2232,Healthcare Facility Project - Jaipur #1232,Ministry of Railways,Healthcare Facility,Jaipur,3492.37,1256.99,1470,1033,35.67,12,4,4,4,5.87,HIGH
PRJ-2233,Healthcare Facility Project - Pune #1233,Ministry of Road Transport & Highways,Healthcare Facility,Pune,2310.6,1045.4,1245,728,48.41,23,11,3,9,4.44,MEDIUM
PRJ-2234,Water & Sanitation Project - Kolkata #1234,Ministry of Water Resources,Water & Sanitation,Kolkata,815.81,699.73,824,760,100.0,20,20,0,0,1.92,LOW
PRJ-2235,Energy & Power Project - Mumbai #1235,Ministry of Urban Development,Energy & Power,Mumbai,1238.43,144.72,1215,223,11.91,35,4,5,26,7.3,MEDIUM
PRJ-2236,Transportation Project - Lucknow #1236,Ministry of Urban Development,Transportation,Lucknow,2899.1,2674.34,436,487,100.0,31,31,0,0,1.33,LOW
PRJ-2237,Energy & Power Project - Chennai #1237,Ministry of Health & Family Welfare,Energy & Power,Chennai,1202.09,289.35,421,79,23.82,14,3,0,11,5.07,LOW
PRJ-2238,Transportation Project - Bengaluru #1238,Ministry of Water Resources,Transportation,Bengaluru,3068.66,616.35,211,59,19.9,40,7,7,26,7.74,MEDIUM
PRJ-2239,Transportation Project - Delhi NCR #1239,Ministry of Road Transport & Highways,Transportation,Delhi NCR,2920.17,3211.65,229,196,84.93,13,11,0,2,1.81,LOW
PRJ-2240,Urban Infrastructure Project - Kolkata #1240,Ministry of Urban Development,Urban Infrastructure,Kolkata,454.81,470.92,1607,1145,89.57,12,10,0,2,2.17,LOW
PRJ-2241,Healthcare Facility Project - Lucknow #1241,Ministry of Power,Healthcare Facility,Lucknow,2162.04,285.44,1659,248,11.29,27,3,5,19,8.26,MEDIUM
PRJ-2242,Urban Infrastructure Project - Guwahati #1242,Ministry of Electronics & IT,Urban Infrastructure,Guwahati,2923.47,2505.82,772,720,74.53,16,11,1,4,2.85,MEDIUM
PRJ-2243,Healthcare Facility Project - Mumbai #1243,Ministry of Water Resources,Healthcare Facility,Mumbai,541.37,281.27,195,146,52.75,34,17,5,12,5.24,MEDIUM
PRJ-2244,Digital Governance Project - Lucknow #1244,Ministry of Health & Family Welfare,Digital Governance,Lucknow,984.76,115.0,1763,364,12.31,26,3,2,21,6.22,MEDIUM
PRJ-2245,Healthcare Facility Project - Jaipur #1245,Ministry of Health & Family Welfare,Healthcare Facility,Jaipur,2955.79,833.05,1053,435,28.41,16,4,3,9,4.86,MEDIUM
PRJ-2246,Digital Governance Project - Hyderabad #1246,Ministry of Electronics & IT,Digital Governance,Hyderabad,1512.58,666.87,749,548,39.8,11,4,2,5,4.14,HIGH
PRJ-2247,Energy & Power Project - Pune #1247,Ministry of Power,Energy & Power,Pune,1541.82,693.68,526,219,35.74,11,3,1,7,4.95,LOW
PRJ-2248,Infrastructure Project - Hyderabad #1248,Ministry of Railways,Infrastructure,Hyderabad,1937.05,963.33,1221,1135,61.12,7,4,1,2,3.42,HIGH
PRJ-2249,Transportation Project - Delhi NCR #1249,Ministry of Water Resources,Transportation,Delhi NCR,1714.4,738.97,232,117,45.81,32,14,3,15,4.95,LOW
PRJ-2250,Urban Infrastructure Project - Chennai #1250,Ministry of Water Resources,Urban Infrastructure,Chennai,3213.8,1587.88,1646,1443,40.42,33,13,13,7,9.17,HIGH
PRJ-2251,Water & Sanitation Project - Bengaluru #1251,Ministry of Road Transport & Highways,Water & Sanitation,Bengaluru,3475.84,3478.59,1678,1402,77.93,10,7,0,3,1.55,LOW
PRJ-2252,Energy & Power Project - Bengaluru #1252,Ministry of Road Transport & Highways,Energy & Power,Bengaluru,1779.64,1316.74,745,446,63.36,9,5,0,4,2.46,LOW
PRJ-2253,Urban Infrastructure Project - Mumbai #1253,Ministry of Road Transport & Highways,Urban Infrastructure,Mumbai,3263.96,629.13,1247,560,15.79,7,1,2,4,6.27,HIGH
PRJ-2254,Transportation Project - Lucknow #1254,Ministry of Railways,Transportation,Lucknow,1322.97,977.59,630,529,79.23,14,11,0,3,1.41,LOW
PRJ-2255,Energy & Power Project - Bengaluru #1255,Ministry of Urban Development,Energy & Power,Bengaluru,703.02,843.62,361,413,100.0,18,18,0,0,0.13,LOW
PRJ-2256,Healthcare Facility Project - Hyderabad #1256,Ministry of Health & Family Welfare,Healthcare Facility,Hyderabad,2487.87,710.56,259,145,30.66,29,8,7,14,6.74,HIGH
PRJ-2257,Urban Infrastructure Project - Jaipur #1257,Ministry of Power,Urban Infrastructure,Jaipur,2302.72,2763.26,548,583,100.0,23,23,0,0,0.98,LOW
PRJ-2258,Urban Infrastructure Project - Lucknow #1258,Ministry of Electronics & IT,Urban Infrastructure,Lucknow,1256.38,463.57,1165,495,40.57,23,9,1,13,4.27,LOW
PRJ-2259,Digital Governance Project - Ahmedabad #1259,Ministry of Railways,Digital Governance,Ahmedabad,414.21,315.42,1131,1302,67.37,27,18,4,5,4.64,HIGH
PRJ-2260,Urban Infrastructure Project - Pune #1260,Ministry of Water Resources,Urban Infrastructure,Pune,2107.7,596.23,1587,568,29.92,37,11,2,24,6.01,MEDIUM
PRJ-2261,Infrastructure Project - Jaipur #1261,Ministry of Urban Development,Infrastructure,Jaipur,2703.58,2265.27,715,602,83.32,33,27,0,6,1.36,LOW
PRJ-2262,Energy & Power Project - Pune #1262,Ministry of Road Transport & Highways,Energy & Power,Pune,2551.37,1457.34,875,699,69.42,33,22,2,9,3.47,MEDIUM
PRJ-2263,Healthcare Facility Project - Hyderabad #1263,Ministry of Railways,Healthcare Facility,Hyderabad,2730.64,2975.63,405,462,98.47,26,25,0,1,1.16,LOW
PRJ-2264,Infrastructure Project - Ahmedabad #1264,Ministry of Electronics & IT,Infrastructure,Ahmedabad,324.98,91.73,1623,757,28.91,40,11,5,24,5.65,MEDIUM
PRJ-2265,Energy & Power Project - Jaipur #1265,Ministry of Railways,Energy & Power,Jaipur,702.55,625.48,501,512,89.23,19,16,0,3,0.86,MEDIUM
PRJ-2266,Energy & Power Project - Ahmedabad #1266,Ministry of Power,Energy & Power,Ahmedabad,762.5,113.94,1681,627,18.52,6,1,1,4,5.53,MEDIUM
PRJ-2267,Urban Infrastructure Project - Pune #1267,Ministry of Health & Family Welfare,Urban Infrastructure,Pune,157.58,51.07,759,327,35.42,20,7,1,12,5.13,LOW
PRJ-2268,Water & Sanitation Project - Ahmedabad #1268,Ministry of Water Resources,Water & Sanitation,Ahmedabad,2296.91,1774.84,448,448,62.4,10,6,1,3,3.29,HIGH
PRJ-2269,Water & Sanitation Project - Guwahati #1269,Ministry of Electronics & IT,Water & Sanitation,Guwahati,1459.68,951.93,210,192,60.9,14,8,1,5,3.53,HIGH
PRJ-2270,Transportation Project - Lucknow #1270,Ministry of Urban Development,Transportation,Lucknow,3008.97,1679.89,1787,815,52.86,6,3,0,3,3.27,LOW
PRJ-2271,Energy & Power Project - Patna #1271,Ministry of Road Transport & Highways,Energy & Power,Patna,2020.94,805.95,951,399,47.11,31,14,1,16,4.01,LOW
PRJ-2272,Healthcare Facility Project - Jaipur #1272,Ministry of Electronics & IT,Healthcare Facility,Jaipur,863.7,1005.16,215,256,100.0,28,28,0,0,1.43,LOW
PRJ-2273,Transportation Project - Lucknow #1273,Ministry of Urban Development,Transportation,Lucknow,3413.42,1910.05,993,941,54.67,35,19,8,8,6.75,HIGH
PRJ-2274,Transportation Project - Patna #1274,Ministry of Power,Transportation,Patna,3415.6,1700.72,375,268,55.09,36,19,4,13,4.01,MEDIUM
PRJ-2275,Healthcare Facility Project - Pune #1275,Ministry of Urban Development,Healthcare Facility,Pune,1836.69,1523.47,1340,1255,100.0,36,36,0,0,0.62,LOW
PRJ-2276,Water & Sanitation Project - Bengaluru #1276,Ministry of Power,Water & Sanitation,Bengaluru,137.42,88.08,1591,1148,63.89,5,3,0,2,2.22,LOW
PRJ-2277,Water & Sanitation Project - Pune #1277,Ministry of Health & Family Welfare,Water & Sanitation,Pune,1914.1,1756.89,821,948,100.0,34,34,0,0,1.03,LOW
PRJ-2278,Digital Governance Project - Guwahati #1278,Ministry of Water Resources,Digital Governance,Guwahati,294.21,132.71,395,224,53.78,13,6,1,6,3.04,LOW
PRJ-2279,Infrastructure Project - Bengaluru #1279,Ministry of Electronics & IT,Infrastructure,Bengaluru,698.81,89.4,412,58,12.64,15,1,1,13,5.82,MEDIUM
PRJ-2280,Digital Governance Project - Jaipur #1280,Ministry of Railways,Digital Governance,Jaipur,1469.33,490.19,198,84,32.78,23,7,3,13,6.32,MEDIUM
PRJ-2281,Healthcare Facility Project - Kolkata #1281,Ministry of Power,Healthcare Facility,Kolkata,2156.7,1210.19,941,677,63.55,23,14,1,8,2.63,LOW
PRJ-2282,Digital Governance Project - Kolkata #1282,Ministry of Health & Family Welfare,Digital Governance,Kolkata,1822.64,828.16,694,429,50.19,26,13,3,10,5.13,MEDIUM
PRJ-2283,Transportation Project - Bengaluru #1283,Ministry of Water Resources,Transportation,Bengaluru,1840.08,210.37,1150,127,11.34,14,1,1,12,6.82,MEDIUM
PRJ-2284,Energy & Power Project - Guwahati #1284,Ministry of Road Transport & Highways,Energy & Power,Guwahati,664.98,151.33,1601,325,22.11,11,2,0,9,4.83,LOW
PRJ-2285,Infrastructure Project - Kolkata #1285,Ministry of Railways,Infrastructure,Kolkata,2230.84,562.64,642,307,31.25,17,5,2,10,5.88,MEDIUM
PRJ-2286,Urban Infrastructure Project - Lucknow #1286,Ministry of Water Resources,Urban Infrastructure,Lucknow,2555.34,1041.21,932,733,40.68,21,8,6,7,6.65,HIGH
PRJ-2287,Infrastructure Project - Lucknow #1287,Ministry of Railways,Infrastructure,Lucknow,541.95,63.61,1676,566,13.2,11,1,2,8,6.18,MEDIUM
PRJ-2288,Water & Sanitation Project - Ahmedabad #1288,Ministry of Electronics & IT,Water & Sanitation,Ahmedabad,1162.26,1251.79,1761,1829,97.7,35,34,0,1,0.12,LOW
PRJ-2289,Transportation Project - Mumbai #1289,Ministry of Railways,Transportation,Mumbai,3254.12,429.57,1439,375,14.96,5,0,0,5,6.04,MEDIUM
PRJ-2290,Transportation Project - Jaipur #1290,Ministry of Road Transport & Highways,Transportation,Jaipur,2827.25,705.56,1051,873,25.9,37,9,20,8,10.0,HIGH
PRJ-2291,Urban Infrastructure Project - Ahmedabad #1291,Ministry of Urban Development,Urban Infrastructure,Ahmedabad,2474.79,1099.4,907,401,41.87,38,15,0,23,4.12,LOW
PRJ-2292,Transportation Project - Patna #1292,Ministry of Railways,Transportation,Patna,2919.28,992.3,1636,420,33.37,33,11,0,22,4.91,LOW
PRJ-2293,Infrastructure Project - Jaipur #1293,Ministry of Electronics & IT,Infrastructure,Jaipur,3150.17,1048.06,1515,731,40.94,28,11,4,13,6.09,MEDIUM
PRJ-2294,Digital Governance Project - Ahmedabad #1294,Ministry of Power,Digital Governance,Ahmedabad,756.09,907.31,1326,1410,100.0,17,17,0,0,0.36,LOW
PRJ-2295,Infrastructure Project - Hyderabad #1295,Ministry of Electronics & IT,Infrastructure,Hyderabad,1552.86,464.24,1257,395,27.35,26,7,1,18,4.77,LOW
PRJ-2296,Healthcare Facility Project - Delhi NCR #1296,Ministry of Power,Healthcare Facility,Delhi NCR,2127.64,1595.15,248,201,66.89,30,20,1,9,3.45,MEDIUM
PRJ-2297,Energy & Power Project - Patna #1297,Ministry of Power,Energy & Power,Patna,209.72,251.66,1351,1358,100.0,35,35,0,0,1.26,LOW
PRJ-2298,Transportation Project - Pune #1298,Ministry of Urban Development,Transportation,Pune,2627.28,2275.73,1506,1394,71.96,7,5,0,2,2.63,MEDIUM
PRJ-2299,Transportation Project - Guwahati #1299,Ministry of Electronics & IT,Transportation,Guwahati,2579.32,544.95,449,85,17.36,12,2,0,10,5.41,LOW
PRJ-2300,Energy & Power Project - Mumbai #1300,Ministry of Road Transport & Highways,Energy & Power,Mumbai,3004.04,2507.33,748,883,93.04,6,5,0,1,1.69,LOW
PRJ-2301,Digital Governance Project - Bengaluru #1301,Ministry of Power,Digital Governance,Bengaluru,3170.98,1904.16,1381,1235,61.08,5,3,0,2,2.75,HIGH
PRJ-2302,Digital Governance Project - Patna #1302,Ministry of Water Resources,Digital Governance,Patna,224.58,235.98,575,579,100.0,22,22,0,0,0.89,LOW
PRJ-2303,Healthcare Facility Project - Hyderabad #1303,Ministry of Power,Healthcare Facility,Hyderabad,2413.62,661.6,1018,295,23.36,5,1,0,4,4.95,LOW
PRJ-2304,Energy & Power Project - Pune #1304,Ministry of Road Transport & Highways,Energy & Power,Pune,1992.92,323.74,1606,312,12.84,10,1,0,9,4.54,LOW
PRJ-2305,Infrastructure Project - Bengaluru #1305,Ministry of Electronics & IT,Infrastructure,Bengaluru,1118.08,1302.06,1463,1700,98.41,5,4,0,1,0.83,LOW
PRJ-2306,Digital Governance Project - Hyderabad #1306,Ministry of Road Transport & Highways,Digital Governance,Hyderabad,1084.16,683.7,1574,1269,50.42,17,8,4,5,5.56,HIGH
PRJ-2307,Infrastructure Project - Ahmedabad #1307,Ministry of Power,Infrastructure,Ahmedabad,2473.64,932.4,544,221,34.82,31,10,2,19,4.44,LOW
PRJ-2308,Transportation Project - Chennai #1308,Ministry of Railways,Transportation,Chennai,915.15,316.72,1080,422,33.12,28,9,2,17,5.43,LOW
PRJ-2309,Water & Sanitation Project - Patna #1309,Ministry of Urban Development,Water & Sanitation,Patna,2407.77,459.89,529,74,15.69,29,4,0,25,5.35,LOW
PRJ-2310,Urban Infrastructure Project - Kolkata #1310,Ministry of Electronics & IT,Urban Infrastructure,Kolkata,2264.57,1934.6,1576,1538,94.53,37,34,0,3,1.76,LOW
PRJ-2311,Infrastructure Project - Jaipur #1311,Ministry of Power,Infrastructure,Jaipur,2709.2,720.92,708,240,28.6,12,3,1,8,5.23,LOW
PRJ-2312,Transportation Project - Pune #1312,Ministry of Urban Development,Transportation,Pune,2058.0,1763.53,942,678,75.89,7,5,0,2,1.41,LOW
PRJ-2313,Water & Sanitation Project - Delhi NCR #1313,Ministry of Power,Water & Sanitation,Delhi NCR,564.04,354.88,1153,539,55.98,11,6,0,5,2.92,LOW
PRJ-2314,Urban Infrastructure Project - Jaipur #1314,Ministry of Railways,Urban Infrastructure,Jaipur,659.7,419.83,224,130,57.42,32,18,2,12,3.88,LOW
PRJ-2315,Energy & Power Project - Guwahati #1315,Ministry of Railways,Energy & Power,Guwahati,1312.52,705.75,871,549,53.74,7,3,1,3,4.47,LOW
PRJ-2316,Healthcare Facility Project - Mumbai #1316,Ministry of Water Resources,Healthcare Facility,Mumbai,1479.24,332.89,1765,699,20.67,6,1,1,4,4.7,MEDIUM
PRJ-2317,Healthcare Facility Project - Guwahati #1317,Ministry of Power,Healthcare Facility,Guwahati,3300.53,2088.34,586,671,58.37,13,7,2,4,3.55,HIGH
PRJ-2318,Infrastructure Project - Chennai #1318,Ministry of Road Transport & Highways,Infrastructure,Chennai,2777.09,2169.12,469,460,75.88,15,11,1,3,2.92,MEDIUM
PRJ-2319,Transportation Project - Chennai #1319,Ministry of Railways,Transportation,Chennai,1083.27,244.19,558,200,25.0,10,2,2,6,4.86,MEDIUM
PRJ-2320,Water & Sanitation Project - Kolkata #1320,Ministry of Health & Family Welfare,Water & Sanitation,Kolkata,27.26,10.84,506,242,38.42,30,11,4,15,6.5,MEDIUM
PRJ-2321,Urban Infrastructure Project - Pune #1321,Ministry of Electronics & IT,Urban Infrastructure,Pune,2474.72,2125.37,1742,1931,86.42,25,21,1,3,1.35,MEDIUM
PRJ-2322,Energy & Power Project - Chennai #1322,Ministry of Water Resources,Energy & Power,Chennai,2871.07,3098.28,1675,1775,98.24,39,38,0,1,1.06,LOW
PRJ-2323,Healthcare Facility Project - Delhi NCR #1323,Ministry of Electronics & IT,Healthcare Facility,Delhi NCR,783.71,177.12,1426,422,24.63,28,6,2,20,6.21,MEDIUM
PRJ-2324,Healthcare Facility Project - Ahmedabad #1324,Ministry of Health & Family Welfare,Healthcare Facility,Ahmedabad,3201.91,1152.8,1502,530,34.29,7,2,0,5,4.16,LOW
PRJ-2325,Urban Infrastructure Project - Patna #1325,Ministry of Power,Urban Infrastructure,Patna,637.77,225.99,488,201,35.67,35,12,1,22,5.53,MEDIUM
PRJ-2326,Transportation Project - Bengaluru #1326,Ministry of Urban Development,Transportation,Bengaluru,1399.77,514.64,1239,1260,35.61,10,3,4,3,6.28,HIGH
PRJ-2327,Water & Sanitation Project - Ahmedabad #1327,Ministry of Electronics & IT,Water & Sanitation,Ahmedabad,2814.39,408.69,205,56,16.8,37,6,5,26,7.07,MEDIUM
PRJ-2328,Digital Governance Project - Patna #1328,Ministry of Urban Development,Digital Governance,Patna,1411.94,185.84,1759,281,13.0,12,1,1,10,6.35,MEDIUM
PRJ-2329,Healthcare Facility Project - Kolkata #1329,Ministry of Urban Development,Healthcare Facility,Kolkata,2735.7,748.79,1638,767,25.64,28,7,4,17,5.68,MEDIUM
PRJ-2330,Healthcare Facility Project - Ahmedabad #1330,Ministry of Urban Development,Healthcare Facility,Ahmedabad,3047.4,783.06,343,91,26.53,21,5,0,16,5.3,LOW
PRJ-2331,Water & Sanitation Project - Pune #1331,Ministry of Electronics & IT,Water & Sanitation,Pune,1527.76,663.58,1131,463,50.46,36,18,0,18,2.58,LOW
PRJ-2332,Digital Governance Project - Kolkata #1332,Ministry of Health & Family Welfare,Digital Governance,Kolkata,890.62,1024.15,871,733,97.17,6,5,0,1,0.5,LOW
PRJ-2333,Urban Infrastructure Project - Delhi NCR #1333,Ministry of Power,Urban Infrastructure,Delhi NCR,1569.23,1095.9,789,630,63.61,27,17,3,7,4.08,MEDIUM
PRJ-2334,Transportation Project - Bengaluru #1334,Ministry of Urban Development,Transportation,Bengaluru,303.32,77.18,373,89,29.17,36,10,0,26,4.09,LOW
PRJ-2335,Digital Governance Project - Lucknow #1335,Ministry of Urban Development,Digital Governance,Lucknow,861.91,829.33,1680,1684,88.72,7,6,0,1,1.31,MEDIUM
PRJ-2336,Healthcare Facility Project - Guwahati #1336,Ministry of Railways,Healthcare Facility,Guwahati,2235.97,1147.24,387,201,39.77,10,3,1,6,4.68,MEDIUM
PRJ-2337,Urban Infrastructure Project - Ahmedabad #1337,Ministry of Power,Urban Infrastructure,Ahmedabad,88.12,26.42,1709,653,26.62,10,2,2,6,5.34,MEDIUM
PRJ-2338,Water & Sanitation Project - Hyderabad #1338,Ministry of Road Transport & Highways,Water & Sanitation,Hyderabad,2002.42,1287.4,800,621,60.11,20,12,2,6,2.89,MEDIUM
PRJ-2339,Urban Infrastructure Project - Hyderabad #1339,Ministry of Health & Family Welfare,Urban Infrastructure,Hyderabad,2664.91,923.79,1074,432,30.29,16,4,1,11,5.23,LOW
PRJ-2340,Urban Infrastructure Project - Bengaluru #1340,Ministry of Health & Family Welfare,Urban Infrastructure,Bengaluru,2376.95,199.95,738,77,9.31,31,2,4,25,6.68,MEDIUM
PRJ-2341,Healthcare Facility Project - Patna #1341,Ministry of Urban Development,Healthcare Facility,Patna,1120.38,398.39,633,219,30.8,19,5,0,14,4.04,LOW
PRJ-2342,Healthcare Facility Project - Pune #1342,Ministry of Electronics & IT,Healthcare Facility,Pune,2061.82,1417.53,1480,1117,64.21,35,22,3,10,3.01,MEDIUM
PRJ-2343,Energy & Power Project - Kolkata #1343,Ministry of Power,Energy & Power,Kolkata,2880.97,1961.9,490,297,58.14,18,10,1,7,2.83,LOW
PRJ-2344,Energy & Power Project - Ahmedabad #1344,Ministry of Urban Development,Energy & Power,Ahmedabad,122.61,136.8,1350,1572,100.0,40,40,0,0,0.17,LOW
PRJ-2345,Healthcare Facility Project - Kolkata #1345,Ministry of Electronics & IT,Healthcare Facility,Kolkata,1071.07,591.62,1717,767,48.57,6,2,0,4,3.74,LOW
PRJ-2346,Energy & Power Project - Lucknow #1346,Ministry of Health & Family Welfare,Energy & Power,Lucknow,1516.04,117.23,1746,219,6.01,40,2,8,30,9.88,MEDIUM
PRJ-2347,Healthcare Facility Project - Bengaluru #1347,Ministry of Urban Development,Healthcare Facility,Bengaluru,1330.72,66.54,432,89,4.36,12,0,3,9,6.34,MEDIUM
PRJ-2348,Water & Sanitation Project - Guwahati #1348,Ministry of Railways,Water & Sanitation,Guwahati,3426.35,2396.35,1306,717,59.49,31,18,1,12,2.98,LOW
PRJ-2349,Energy & Power Project - Patna #1349,Ministry of Water Resources,Energy & Power,Patna,378.68,227.3,1586,1833,50.83,25,12,7,6,6.32,HIGH
PRJ-2350,Water & Sanitation Project - Ahmedabad #1350,Ministry of Railways,Water & Sanitation,Ahmedabad,1736.97,720.91,1130,468,32.88,15,4,2,9,4.51,LOW
PRJ-2351,Infrastructure Project - Jaipur #1351,Ministry of Power,Infrastructure,Jaipur,2906.23,876.12,1742,1063,34.02,11,3,2,6,5.41,HIGH
PRJ-2352,Urban Infrastructure Project - Hyderabad #1352,Ministry of Urban Development,Urban Infrastructure,Hyderabad,2231.09,340.91,1447,501,13.83,37,5,13,19,10.0,HIGH
PRJ-2353,Urban Infrastructure Project - Delhi NCR #1353,Ministry of Electronics & IT,Urban Infrastructure,Delhi NCR,1144.32,354.12,691,195,27.81,10,2,1,7,4.05,LOW
PRJ-2354,Water & Sanitation Project - Patna #1354,Ministry of Health & Family Welfare,Water & Sanitation,Patna,1368.79,1642.55,1227,1288,100.0,15,15,0,0,1.45,LOW
PRJ-2355,Transportation Project - Pune #1355,Ministry of Railways,Transportation,Pune,3280.62,993.62,589,267,32.0,6,1,0,5,4.32,MEDIUM
PRJ-2356,Digital Governance Project - Lucknow #1356,Ministry of Railways,Digital Governance,Lucknow,1558.35,395.72,675,659,19.74,37,7,27,3,10.0,HIGH
PRJ-2357,Energy & Power Project - Bengaluru #1357,Ministry of Water Resources,Energy & Power,Bengaluru,864.57,495.55,1658,1921,71.34,7,4,1,2,2.65,HIGH
PRJ-2358,Urban Infrastructure Project - Ahmedabad #1358,Ministry of Health & Family Welfare,Urban Infrastructure,Ahmedabad,255.58,300.85,1034,1192,94.8,39,36,0,3,1.81,LOW
PRJ-2359,Healthcare Facility Project - Guwahati #1359,Ministry of Electronics & IT,Healthcare Facility,Guwahati,92.78,36.98,1164,1176,48.03,30,14,10,6,8.05,HIGH
PRJ-2360,Energy & Power Project - Ahmedabad #1360,Ministry of Road Transport & Highways,Energy & Power,Ahmedabad,2511.02,1817.75,1227,972,70.97,12,8,0,4,3.15,LOW
PRJ-2361,Water & Sanitation Project - Lucknow #1361,Ministry of Water Resources,Water & Sanitation,Lucknow,2639.99,1959.51,408,364,75.49,26,19,1,6,2.11,MEDIUM
PRJ-2362,Transportation Project - Chennai #1362,Ministry of Urban Development,Transportation,Chennai,348.97,308.24,1494,1289,85.83,36,30,0,6,2.22,LOW
PRJ-2363,Energy & Power Project - Guwahati #1363,Ministry of Power,Energy & Power,Guwahati,1561.91,759.43,1792,1066,52.34,22,11,2,9,4.71,LOW
PRJ-2364,Healthcare Facility Project - Chennai #1364,Ministry of Railways,Healthcare Facility,Chennai,100.53,50.72,939,675,43.61,24,10,6,8,5.54,HIGH
PRJ-2365,Energy & Power Project - Pune #1365,Ministry of Electronics & IT,Energy & Power,Pune,2498.65,1427.44,1558,661,48.75,13,6,0,7,3.15,LOW
PRJ-2366,Energy & Power Project - Patna #1366,Ministry of Urban Development,Energy & Power,Patna,805.43,422.6,613,454,60.02,5,3,0,2,3.44,MEDIUM
PRJ-2367,Water & Sanitation Project - Jaipur #1367,Ministry of Electronics & IT,Water & Sanitation,Jaipur,1426.4,1546.97,1446,1576,84.32,14,11,0,3,1.79,MEDIUM
PRJ-2368,Energy & Power Project - Ahmedabad #1368,Ministry of Health & Family Welfare,Energy & Power,Ahmedabad,3030.28,1875.53,1173,953,50.1,35,17,6,12,6.69,HIGH
PRJ-2369,Digital Governance Project - Mumbai #1369,Ministry of Road Transport & Highways,Digital Governance,Mumbai,1204.86,253.98,813,265,24.09,12,2,2,8,5.31,MEDIUM
PRJ-2370,Healthcare Facility Project - Patna #1370,Ministry of Urban Development,Healthcare Facility,Patna,3172.99,2377.34,1708,1759,62.88,38,23,8,7,6.54,HIGH
PRJ-2371,Digital Governance Project - Delhi NCR #1371,Ministry of Power,Digital Governance,Delhi NCR,1400.73,1190.81,382,438,80.68,22,17,1,4,2.44,MEDIUM
PRJ-2372,Healthcare Facility Project - Mumbai #1372,Ministry of Electronics & IT,Healthcare Facility,Mumbai,3396.83,2711.45,294,173,75.2,20,15,0,5,2.72,LOW
PRJ-2373,Digital Governance Project - Hyderabad #1373,Ministry of Electronics & IT,Digital Governance,Hyderabad,806.91,201.84,1649,992,30.5,22,6,6,10,6.06,HIGH
PRJ-2374,Digital Governance Project - Mumbai #1374,Ministry of Railways,Digital Governance,Mumbai,3172.43,792.98,451,304,30.1,19,5,5,9,7.02,HIGH
PRJ-2375,Urban Infrastructure Project - Mumbai #1375,Ministry of Urban Development,Urban Infrastructure,Mumbai,1883.9,428.19,1780,278,19.02,9,1,0,8,4.28,LOW
PRJ-2376,Urban Infrastructure Project - Hyderabad #1376,Ministry of Road Transport & Highways,Urban Infrastructure,Hyderabad,358.57,100.29,1387,466,26.8,5,1,0,4,5.38,LOW
PRJ-2377,Digital Governance Project - Pune #1377,Ministry of Road Transport & Highways,Digital Governance,Pune,2723.11,1552.83,578,432,51.03,34,17,7,10,5.75,MEDIUM
PRJ-2378,Healthcare Facility Project - Chennai #1378,Ministry of Urban Development,Healthcare Facility,Chennai,1729.19,920.23,541,249,51.09,23,11,1,11,3.44,LOW
PRJ-2379,Healthcare Facility Project - Hyderabad #1379,Ministry of Water Resources,Healthcare Facility,Hyderabad,1200.59,573.84,1568,1124,50.08,33,16,4,13,5.61,MEDIUM
PRJ-2380,Urban Infrastructure Project - Delhi NCR #1380,Ministry of Railways,Urban Infrastructure,Delhi NCR,1124.03,795.2,1223,755,80.25,9,7,0,2,2.33,LOW
PRJ-2381,Water & Sanitation Project - Pune #1381,Ministry of Road Transport & Highways,Water & Sanitation,Pune,1205.09,758.12,1586,1098,70.58,11,7,0,4,1.9,LOW
PRJ-2382,Energy & Power Project - Kolkata #1382,Ministry of Health & Family Welfare,Energy & Power,Kolkata,2684.81,395.35,1146,244,15.5,18,2,2,14,5.33,LOW
PRJ-2383,Transportation Project - Ahmedabad #1383,Ministry of Railways,Transportation,Ahmedabad,2752.48,2418.24,503,387,100.0,38,38,0,0,1.31,LOW
PRJ-2384,Urban Infrastructure Project - Guwahati #1384,Ministry of Water Resources,Urban Infrastructure,Guwahati,950.15,504.1,718,444,43.2,24,10,3,11,4.65,MEDIUM
PRJ-2385,Energy & Power Project - Guwahati #1385,Ministry of Electronics & IT,Energy & Power,Guwahati,1110.56,649.57,810,459,58.68,31,18,0,13,3.95,LOW
PRJ-2386,Urban Infrastructure Project - Kolkata #1386,Ministry of Road Transport & Highways,Urban Infrastructure,Kolkata,2263.82,2477.8,466,546,92.48,6,5,0,1,0.78,LOW
PRJ-2387,Digital Governance Project - Chennai #1387,Ministry of Electronics & IT,Digital Governance,Chennai,1038.84,154.7,944,118,14.69,29,4,1,24,5.79,MEDIUM
PRJ-2388,Water & Sanitation Project - Hyderabad #1388,Ministry of Railways,Water & Sanitation,Hyderabad,2165.27,1847.88,1081,1126,100.0,20,20,0,0,1.45,LOW
PRJ-2389,Healthcare Facility Project - Pune #1389,Ministry of Electronics & IT,Healthcare Facility,Pune,3332.64,2720.51,274,262,82.04,36,29,1,6,3.27,MEDIUM
PRJ-2390,Urban Infrastructure Project - Delhi NCR #1390,Ministry of Health & Family Welfare,Urban Infrastructure,Delhi NCR,364.03,122.77,1489,710,31.55,33,10,7,16,6.44,MEDIUM
PRJ-2391,Digital Governance Project - Mumbai #1391,Ministry of Railways,Digital Governance,Mumbai,1142.66,1210.28,1767,1600,87.38,14,12,0,2,1.78,LOW
PRJ-2392,Infrastructure Project - Pune #1392,Ministry of Health & Family Welfare,Infrastructure,Pune,865.84,467.03,1352,948,47.72,40,19,6,15,5.6,MEDIUM
PRJ-2393,Transportation Project - Mumbai #1393,Ministry of Road Transport & Highways,Transportation,Mumbai,3048.83,2917.67,1612,1422,100.0,28,28,0,0,0.89,LOW
PRJ-2394,Transportation Project - Kolkata #1394,Ministry of Railways,Transportation,Kolkata,1644.46,650.99,1123,559,44.01,21,9,1,11,4.69,LOW
PRJ-2395,Transportation Project - Mumbai #1395,Ministry of Road Transport & Highways,Transportation,Mumbai,2251.42,954.25,1055,565,40.63,8,3,1,4,3.49,MEDIUM
PRJ-2396,Energy & Power Project - Delhi NCR #1396,Ministry of Health & Family Welfare,Energy & Power,Delhi NCR,1984.34,2199.02,245,283,89.62,25,22,0,3,1.5,MEDIUM
PRJ-2397,Energy & Power Project - Patna #1397,Ministry of Health & Family Welfare,Energy & Power,Patna,244.21,116.39,334,241,37.03,12,4,3,5,5.95,HIGH
PRJ-2398,Water & Sanitation Project - Mumbai #1398,Ministry of Water Resources,Water & Sanitation,Mumbai,2013.0,1221.39,1139,878,46.8,9,4,2,3,4.32,HIGH
PRJ-2399,Urban Infrastructure Project - Pune #1399,Ministry of Power,Urban Infrastructure,Pune,3113.85,923.0,1693,452,30.71,16,4,1,11,4.54,LOW
PRJ-2400,Water & Sanitation Project - Guwahati #1400,Ministry of Health & Family Welfare,Water & Sanitation,Guwahati,2590.71,1778.01,1065,1148,68.58,23,15,2,6,4.03,HIGH
PRJ-2401,Infrastructure Project - Hyderabad #1401,Ministry of Road Transport & Highways,Infrastructure,Hyderabad,1135.12,233.2,488,187,22.54,25,5,5,15,7.18,MEDIUM
PRJ-2402,Water & Sanitation Project - Lucknow #1402,Ministry of Railways,Water & Sanitation,Lucknow,3239.49,2793.92,1644,1732,98.42,14,13,0,1,0.44,LOW
PRJ-2403,Healthcare Facility Project - Lucknow #1403,Ministry of Road Transport & Highways,Healthcare Facility,Lucknow,3306.29,3537.86,260,248,100.0,9,9,0,0,0.63,LOW
PRJ-2404,Digital Governance Project - Hyderabad #1404,Ministry of Railways,Digital Governance,Hyderabad,713.94,389.4,514,291,58.3,18,10,1,7,2.54,LOW
PRJ-2405,Infrastructure Project - Ahmedabad #1405,Ministry of Urban Development,Infrastructure,Ahmedabad,98.73,89.28,1703,1770,100.0,8,8,0,0,0.8,LOW
PRJ-2406,Water & Sanitation Project - Ahmedabad #1406,Ministry of Railways,Water & Sanitation,Ahmedabad,2069.86,242.86,435,87,13.22,38,5,3,30,7.05,MEDIUM
PRJ-2407,Urban Infrastructure Project - Guwahati #1407,Ministry of Road Transport & Highways,Urban Infrastructure,Guwahati,2120.92,1056.73,1715,2049,49.45,18,8,7,3,6.93,HIGH
PRJ-2408,Urban Infrastructure Project - Chennai #1408,Ministry of Power,Urban Infrastructure,Chennai,1785.49,254.54,1115,131,14.4,31,4,1,26,6.39,MEDIUM
PRJ-2409,Energy & Power Project - Chennai #1409,Ministry of Power,Energy & Power,Chennai,2929.51,2537.64,1069,1219,76.93,19,14,2,3,2.12,HIGH
PRJ-2410,Water & Sanitation Project - Ahmedabad #1410,Ministry of Electronics & IT,Water & Sanitation,Ahmedabad,3067.04,2263.42,212,243,78.73,25,19,1,5,3.16,HIGH
PRJ-2411,Healthcare Facility Project - Delhi NCR #1411,Ministry of Railways,Healthcare Facility,Delhi NCR,456.54,141.32,498,126,29.91,7,2,0,5,5.11,LOW
PRJ-2412,Digital Governance Project - Patna #1412,Ministry of Water Resources,Digital Governance,Patna,1032.87,499.19,1444,803,55.0,16,8,0,8,3.29,LOW
PRJ-2413,Digital Governance Project - Patna #1413,Ministry of Railways,Digital Governance,Patna,643.84,487.05,404,389,92.82,18,16,0,2,1.61,LOW
PRJ-2414,Energy & Power Project - Lucknow #1414,Ministry of Water Resources,Energy & Power,Lucknow,1130.54,153.64,1784,229,16.69,35,5,0,30,5.91,MEDIUM
PRJ-2415,Infrastructure Project - Jaipur #1415,Ministry of Urban Development,Infrastructure,Jaipur,1325.86,723.29,1405,1257,61.65,11,6,1,4,4.11,HIGH
PRJ-2416,Urban Infrastructure Project - Mumbai #1416,Ministry of Road Transport & Highways,Urban Infrastructure,Mumbai,402.31,267.57,1154,704,66.01,39,25,0,14,3.41,LOW
PRJ-2417,Digital Governance Project - Delhi NCR #1417,Ministry of Water Resources,Digital Governance,Delhi NCR,1096.89,880.19,1141,1243,86.43,25,21,1,3,1.81,MEDIUM
PRJ-2418,Digital Governance Project - Guwahati #1418,Ministry of Health & Family Welfare,Digital Governance,Guwahati,346.43,359.74,1189,1098,84.7,17,14,0,3,1.79,LOW
PRJ-2419,Transportation Project - Hyderabad #1419,Ministry of Water Resources,Transportation,Hyderabad,2310.64,581.55,1702,347,25.12,11,2,0,9,4.25,LOW
PRJ-2420,Digital Governance Project - Chennai #1420,Ministry of Electronics & IT,Digital Governance,Chennai,1156.9,1000.14,1126,940,81.56,22,17,0,5,1.19,LOW
PRJ-2421,Energy & Power Project - Patna #1421,Ministry of Urban Development,Energy & Power,Patna,516.82,415.8,1688,1904,98.46,29,28,0,1,1.67,LOW
PRJ-2422,Infrastructure Project - Bengaluru #1422,Ministry of Railways,Infrastructure,Bengaluru,2224.86,663.21,667,185,31.01,35,10,1,24,4.54,LOW
PRJ-2423,Water & Sanitation Project - Lucknow #1423,Ministry of Electronics & IT,Water & Sanitation,Lucknow,1425.74,602.22,619,370,45.35,33,14,3,16,4.49,MEDIUM
PRJ-2424,Healthcare Facility Project - Kolkata #1424,Ministry of Water Resources,Healthcare Facility,Kolkata,1187.02,347.29,561,213,24.31,36,8,8,20,7.9,MEDIUM
PRJ-2425,Digital Governance Project - Kolkata #1425,Ministry of Road Transport & Highways,Digital Governance,Kolkata,2673.81,260.66,718,121,9.92,6,0,1,5,5.16,MEDIUM
PRJ-2426,Urban Infrastructure Project - Mumbai #1426,Ministry of Railways,Urban Infrastructure,Mumbai,429.77,81.0,1639,697,15.24,24,3,7,14,8.14,HIGH
PRJ-2427,Water & Sanitation Project - Jaipur #1427,Ministry of Road Transport & Highways,Water & Sanitation,Jaipur,647.32,322.37,1226,385,40.82,19,7,0,12,3.36,LOW
PRJ-2428,Energy & Power Project - Jaipur #1428,Ministry of Electronics & IT,Energy & Power,Jaipur,2107.27,925.99,490,352,41.25,8,3,2,3,4.46,HIGH
PRJ-2429,Digital Governance Project - Jaipur #1429,Ministry of Railways,Digital Governance,Jaipur,591.97,87.17,505,106,16.68,19,3,3,13,6.87,MEDIUM
PRJ-2430,Healthcare Facility Project - Lucknow #1430,Ministry of Railways,Healthcare Facility,Lucknow,1489.81,603.9,594,241,31.68,30,9,3,18,6.42,MEDIUM
PRJ-2431,Urban Infrastructure Project - Pune #1431,Ministry of Urban Development,Urban Infrastructure,Pune,1133.51,840.71,1657,1875,92.69,21,19,0,2,1.7,LOW
PRJ-2432,Digital Governance Project - Lucknow #1432,Ministry of Railways,Digital Governance,Lucknow,2083.01,363.07,316,52,17.34,14,2,1,11,4.85,LOW
PRJ-2433,Transportation Project - Ahmedabad #1433,Ministry of Water Resources,Transportation,Ahmedabad,2754.23,1802.85,1503,843,59.74,20,11,1,8,2.55,LOW
PRJ-2434,Transportation Project - Ahmedabad #1434,Ministry of Power,Transportation,Ahmedabad,440.92,262.6,1694,1261,52.42,18,9,2,7,4.52,MEDIUM
PRJ-2435,Energy & Power Project - Delhi NCR #1435,Ministry of Water Resources,Energy & Power,Delhi NCR,2232.28,679.19,1246,551,35.74,35,12,3,20,5.29,LOW
PRJ-2436,Infrastructure Project - Jaipur #1436,Ministry of Water Resources,Infrastructure,Jaipur,2602.76,797.89,1110,298,24.72,26,6,3,17,6.86,MEDIUM
PRJ-2437,Urban Infrastructure Project - Chennai #1437,Ministry of Road Transport & Highways,Urban Infrastructure,Chennai,403.8,159.85,1135,645,44.77,36,16,5,15,5.21,MEDIUM
PRJ-2438,Infrastructure Project - Guwahati #1438,Ministry of Road Transport & Highways,Infrastructure,Guwahati,2115.57,1947.69,1406,1478,100.0,36,36,0,0,1.93,LOW
PRJ-2439,Infrastructure Project - Patna #1439,Ministry of Urban Development,Infrastructure,Patna,377.11,173.79,1756,716,39.66,22,8,2,12,5.1,LOW
PRJ-2440,Urban Infrastructure Project - Patna #1440,Ministry of Power,Urban Infrastructure,Patna,2928.67,492.48,910,174,19.77,36,7,1,28,5.4,LOW
PRJ-2441,Urban Infrastructure Project - Patna #1441,Ministry of Health & Family Welfare,Urban Infrastructure,Patna,937.48,978.66,1779,1794,100.0,29,29,0,0,1.74,LOW
PRJ-2442,Urban Infrastructure Project - Delhi NCR #1442,Ministry of Electronics & IT,Urban Infrastructure,Delhi NCR,2109.8,2365.8,1389,1419,100.0,11,11,0,0,0.23,LOW
PRJ-2443,Transportation Project - Kolkata #1443,Ministry of Water Resources,Transportation,Kolkata,2034.63,1841.49,1632,1785,89.53,30,26,0,4,0.6,MEDIUM
PRJ-2444,Water & Sanitation Project - Pune #1444,Ministry of Electronics & IT,Water & Sanitation,Pune,2984.29,1284.56,1354,1421,52.58,30,15,9,6,7.23,HIGH
PRJ-2445,Urban Infrastructure Project - Patna #1445,Ministry of Water Resources,Urban Infrastructure,Patna,3179.2,1774.17,622,450,68.72,26,17,0,9,3.41,LOW
PRJ-2446,Infrastructure Project - Guwahati #1446,Ministry of Water Resources,Infrastructure,Guwahati,1603.61,620.92,699,345,33.92,27,9,6,12,6.2,MEDIUM
PRJ-2447,Water & Sanitation Project - Delhi NCR #1447,Ministry of Urban Development,Water & Sanitation,Delhi NCR,1142.55,764.02,1611,1917,71.78,15,10,1,4,3.35,HIGH
PRJ-2448,Digital Governance Project - Kolkata #1448,Ministry of Health & Family Welfare,Digital Governance,Kolkata,2595.06,1509.09,1722,832,48.15,36,17,3,16,4.46,LOW
PRJ-2449,Healthcare Facility Project - Guwahati #1449,Ministry of Health & Family Welfare,Healthcare Facility,Guwahati,2819.99,1394.13,646,289,51.88,10,5,0,5,3.03,LOW
PRJ-2450,Digital Governance Project - Bengaluru #1450,Ministry of Urban Development,Digital Governance,Bengaluru,2650.41,1021.6,594,232,33.41,27,9,2,16,5.01,LOW
PRJ-2451,Water & Sanitation Project - Bengaluru #1451,Ministry of Power,Water & Sanitation,Bengaluru,3357.99,324.55,841,98,10.8,24,2,4,18,7.46,MEDIUM
PRJ-2452,Energy & Power Project - Jaipur #1452,Ministry of Health & Family Welfare,Energy & Power,Jaipur,1888.51,1574.28,995,776,99.48,10,9,0,1,1.22,LOW
PRJ-2453,Urban Infrastructure Project - Chennai #1453,Ministry of Electronics & IT,Urban Infrastructure,Chennai,518.72,323.42,876,601,62.45,29,18,0,11,3.79,LOW
PRJ-2454,Water & Sanitation Project - Chennai #1454,Ministry of Water Resources,Water & Sanitation,Chennai,2150.84,1158.24,348,158,59.02,7,4,0,3,2.36,LOW
PRJ-2455,Infrastructure Project - Pune #1455,Ministry of Power,Infrastructure,Pune,793.4,725.76,1603,1894,99.14,19,18,0,1,1.67,LOW
PRJ-2456,Infrastructure Project - Chennai #1456,Ministry of Railways,Infrastructure,Chennai,860.44,367.29,222,231,40.98,33,13,13,7,9.25,HIGH
PRJ-2457,Transportation Project - Ahmedabad #1457,Ministry of Health & Family Welfare,Transportation,Ahmedabad,659.34,562.88,1242,917,76.66,29,22,0,7,2.58,LOW
PRJ-2458,Water & Sanitation Project - Chennai #1458,Ministry of Power,Water & Sanitation,Chennai,1515.29,1816.95,926,1009,94.53,25,23,0,2,0.43,LOW
PRJ-2459,Transportation Project - Kolkata #1459,Ministry of Electronics & IT,Transportation,Kolkata,3011.21,1402.05,1618,601,43.55,13,5,0,8,4.66,LOW
PRJ-2460,Digital Governance Project - Pune #1460,Ministry of Health & Family Welfare,Digital Governance,Pune,1878.41,2070.09,394,389,100.0,27,27,0,0,1.29,LOW
PRJ-2461,Water & Sanitation Project - Hyderabad #1461,Ministry of Health & Family Welfare,Water & Sanitation,Hyderabad,1633.85,1372.37,1356,1383,81.54,33,26,1,6,2.2,MEDIUM
PRJ-2462,Infrastructure Project - Jaipur #1462,Ministry of Railways,Infrastructure,Jaipur,1575.15,135.9,1511,246,8.86,14,1,1,12,5.67,MEDIUM
PRJ-2463,Energy & Power Project - Lucknow #1463,Ministry of Electronics & IT,Energy & Power,Lucknow,889.52,101.36,1670,217,10.37,32,3,4,25,7.97,MEDIUM
PRJ-2464,Transportation Project - Patna #1464,Ministry of Urban Development,Transportation,Patna,1587.87,835.33,1282,1111,55.24,19,10,3,6,5.19,HIGH
PRJ-2465,Transportation Project - Jaipur #1465,Ministry of Urban Development,Transportation,Jaipur,3430.82,865.2,1381,615,31.39,8,2,1,5,4.55,MEDIUM
PRJ-2466,Water & Sanitation Project - Mumbai #1466,Ministry of Road Transport & Highways,Water & Sanitation,Mumbai,2152.34,1048.13,1264,701,55.3,17,9,0,8,3.44,LOW
PRJ-2467,Transportation Project - Bengaluru #1467,Ministry of Water Resources,Transportation,Bengaluru,112.91,109.06,1193,1075,100.0,11,11,0,0,1.15,LOW
PRJ-2468,Urban Infrastructure Project - Ahmedabad #1468,Ministry of Electronics & IT,Urban Infrastructure,Ahmedabad,1340.7,311.34,1151,290,23.9,11,2,0,9,4.16,LOW
PRJ-2469,Energy & Power Project - Pune #1469,Ministry of Urban Development,Energy & Power,Pune,326.66,89.0,713,386,29.83,10,2,2,6,5.81,MEDIUM
PRJ-2470,Energy & Power Project - Delhi NCR #1470,Ministry of Health & Family Welfare,Energy & Power,Delhi NCR,3078.76,2454.96,304,358,96.12,28,26,0,2,0.2,LOW
PRJ-2471,Infrastructure Project - Delhi NCR #1471,Ministry of Health & Family Welfare,Infrastructure,Delhi NCR,1150.74,215.49,807,105,14.95,28,4,3,21,7.36,MEDIUM
PRJ-2472,Digital Governance Project - Lucknow #1472,Ministry of Railways,Digital Governance,Lucknow,1748.72,403.61,1276,434,23.73,14,3,2,9,5.76,MEDIUM
PRJ-2473,Digital Governance Project - Bengaluru #1473,Ministry of Urban Development,Digital Governance,Bengaluru,1780.58,158.3,1091,145,10.85,39,4,7,28,8.84,MEDIUM
PRJ-2474,Water & Sanitation Project - Chennai #1474,Ministry of Road Transport & Highways,Water & Sanitation,Chennai,3273.26,1200.23,400,193,41.19,38,15,2,21,3.94,LOW
PRJ-2475,Healthcare Facility Project - Bengaluru #1475,Ministry of Railways,Healthcare Facility,Bengaluru,3490.72,2885.43,870,984,65.38,40,26,7,7,6.1,HIGH
PRJ-2476,Digital Governance Project - Jaipur #1476,Ministry of Road Transport & Highways,Digital Governance,Jaipur,238.47,111.31,684,343,50.75,36,18,0,18,3.27,LOW
PRJ-2477,Infrastructure Project - Pune #1477,Ministry of Power,Infrastructure,Pune,2840.07,2492.37,1530,1343,71.96,11,7,1,3,1.98,MEDIUM
PRJ-2478,Energy & Power Project - Jaipur #1478,Ministry of Electronics & IT,Energy & Power,Jaipur,1974.86,1287.61,1618,1108,65.39,39,25,2,12,3.1,LOW
PRJ-2479,Urban Infrastructure Project - Hyderabad #1479,Ministry of Railways,Urban Infrastructure,Hyderabad,1032.43,375.05,1462,831,35.7,10,3,2,5,5.0,MEDIUM
PRJ-2480,Healthcare Facility Project - Pune #1480,Ministry of Power,Healthcare Facility,Pune,2137.72,1221.01,806,521,47.87,23,11,3,9,5.2,MEDIUM
PRJ-2481,Water & Sanitation Project - Delhi NCR #1481,Ministry of Health & Family Welfare,Water & Sanitation,Delhi NCR,666.4,327.84,362,158,44.98,39,17,0,22,3.38,LOW
PRJ-2482,Healthcare Facility Project - Delhi NCR #1482,Ministry of Road Transport & Highways,Healthcare Facility,Delhi NCR,174.75,67.43,800,418,39.54,39,15,3,21,5.87,MEDIUM
PRJ-2483,Urban Infrastructure Project - Guwahati #1483,Ministry of Water Resources,Urban Infrastructure,Guwahati,1784.23,1718.18,545,359,84.43,7,5,0,2,0.98,LOW
PRJ-2484,Transportation Project - Guwahati #1484,Ministry of Railways,Transportation,Guwahati,1127.88,247.18,1642,531,24.26,5,1,0,4,4.55,LOW
PRJ-2485,Infrastructure Project - Chennai #1485,Ministry of Electronics & IT,Infrastructure,Chennai,26.54,24.94,672,554,74.71,26,19,1,6,3.64,LOW
PRJ-2486,Transportation Project - Kolkata #1486,Ministry of Water Resources,Transportation,Kolkata,3212.37,450.11,1003,149,16.09,20,3,1,16,5.11,LOW
PRJ-2487,Digital Governance Project - Lucknow #1487,Ministry of Urban Development,Digital Governance,Lucknow,2488.5,689.67,1462,644,21.82,22,4,5,13,5.93,MEDIUM
PRJ-2488,Urban Infrastructure Project - Ahmedabad #1488,Ministry of Water Resources,Urban Infrastructure,Ahmedabad,980.52,418.82,568,567,40.91,5,2,2,1,4.55,HIGH
PRJ-2489,Water & Sanitation Project - Pune #1489,Ministry of Electronics & IT,Water & Sanitation,Pune,459.82,83.13,1592,549,16.16,12,1,2,9,6.57,MEDIUM
PRJ-2490,Transportation Project - Jaipur #1490,Ministry of Road Transport & Highways,Transportation,Jaipur,1152.55,584.79,1695,647,44.49,30,13,0,17,3.35,LOW
PRJ-2491,Healthcare Facility Project - Chennai #1491,Ministry of Water Resources,Healthcare Facility,Chennai,388.64,183.3,424,226,37.95,17,6,3,8,5.41,MEDIUM
PRJ-2492,Transportation Project - Bengaluru #1492,Ministry of Urban Development,Transportation,Bengaluru,1818.61,1237.86,253,155,79.64,19,15,0,4,1.79,LOW
PRJ-2493,Water & Sanitation Project - Guwahati #1493,Ministry of Road Transport & Highways,Water & Sanitation,Guwahati,2824.37,1143.09,675,391,41.07,14,5,2,7,5.28,MEDIUM
PRJ-2494,Healthcare Facility Project - Hyderabad #1494,Ministry of Electronics & IT,Healthcare Facility,Hyderabad,2692.24,1175.96,1664,748,40.28,14,5,1,8,5.29,LOW
PRJ-2495,Energy & Power Project - Pune #1495,Ministry of Railways,Energy & Power,Pune,710.27,140.28,1499,242,19.95,23,4,1,18,4.85,LOW
PRJ-2496,Transportation Project - Kolkata #1496,Ministry of Electronics & IT,Transportation,Kolkata,2306.46,388.75,1078,137,16.52,20,3,1,16,5.15,LOW
PRJ-2497,Transportation Project - Jaipur #1497,Ministry of Railways,Transportation,Jaipur,3374.98,802.22,296,65,28.55,38,10,1,27,5.21,LOW
PRJ-2498,Digital Governance Project - Kolkata #1498,Ministry of Railways,Digital Governance,Kolkata,1302.6,1487.78,473,516,100.0,5,5,0,0,1.13,LOW
PRJ-2499,Urban Infrastructure Project - Lucknow #1499,Ministry of Water Resources,Urban Infrastructure,Lucknow,427.55,349.56,639,599,100.0,39,39,0,0,1.3,LOW
PRJ-2500,Healthcare Facility Project - Patna #1500,Ministry of Urban Development,Healthcare Facility,Patna,1357.33,1079.03,1584,1231,77.57,20,15,0,5,2.35,LOW
